pathogen_protein	host_protein	pathogen_regions	host_regions	num_alignments
sp|A3FPN7|FEN1_CRYPI	P39748	[[30, 47]]	[[30, 47]]	1
sp|A3FPQ6|ASNA_CRYPI	O43681	[[220, 250], [138, 164]]	[[237, 267], [154, 180]]	2
sp|Q5CT19|COQ4_CRYPI	Q9NRZ9	[[159, 171]]	[[548, 560]]	1
sp|Q5CT41|SKSR1_CRYPI	Q13607	[[3, 13]]	[[21, 31]]	1
sp|Q5CT41|SKSR1_CRYPI	Q9Y6M7	[[581, 592]]	[[1148, 1159]]	1
sp|Q5CT41|SKSR1_CRYPI	Q7Z4V5	[[585, 596]]	[[345, 356]]	1
sp|Q5CT41|SKSR1_CRYPI	Q9UPN6	[[771, 782]]	[[399, 410]]	1
sp|Q5CT41|SKSR1_CRYPI	Q8IWX8	[[775, 786]]	[[782, 793]]	1
sp|Q5CT41|SKSR1_CRYPI	Q86YI8	[[780, 790]]	[[285, 295]]	1
sp|Q5CT41|SKSR1_CRYPI	Q08170	[[783, 796]]	[[220, 233]]	1
sp|Q5CT41|SKSR1_CRYPI	Q9P2N5	[[789, 800]]	[[163, 174]]	1
sp|Q5CT41|SKSR1_CRYPI	Q8IYB3	[[791, 802]]	[[276, 287]]	1
sp|Q5CT41|SKSR1_CRYPI	Q15696	[[792, 803]]	[[438, 449]]	1
sp|Q5CT41|SKSR1_CRYPI	Q96IZ7	[[794, 807]]	[[98, 111]]	1
sp|Q5CT41|SKSR1_CRYPI	Q01081	[[802, 814]]	[[195, 207]]	1
sp|Q5CT41|SKSR1_CRYPI	O95218	[[811, 822]]	[[225, 236]]	1
sp|Q5CT62|SLX1_CRYPI	Q9BQ83	[[61, 79]]	[[70, 88]]	1
sp|Q5CW91|ADT_CRYPI	P12236	[[177, 190], [23, 41], [147, 159]]	[[168, 181], [14, 32], [137, 149]]	3
sp|Q5CW91|ADT_CRYPI	Q9H0C2	[[280, 302], [30, 46], [187, 198], [161, 179]]	[[280, 302], [33, 49], [190, 201], [164, 182]]	4
sp|Q5CW91|ADT_CRYPI	P12235	[[187, 202], [292, 306]]	[[178, 193], [282, 296]]	2
sp|Q5CW91|ADT_CRYPI	P05141	[[192, 208]]	[[183, 199]]	1
sp|Q5CW91|ADT_CRYPI	Q6NUK1	[[76, 88]]	[[245, 257]]	1
sp|Q5CWQ7|DRE2_CRYPI	Q6FI81	[[231, 246]]	[[287, 302]]	1
tr|A3FPL4|A3FPL4_CRYPI	O75832	[[102, 113]]	[[105, 116]]	1
tr|A3FPL4|A3FPL4_CRYPI	Q8N8A2	[[104, 115]]	[[737, 748]]	1
tr|A3FPL4|A3FPL4_CRYPI	Q8IWZ3	[[52, 64]]	[[616, 628]]	1
tr|A3FPL4|A3FPL4_CRYPI	O15084	[[102, 110]]	[[470, 478]]	1
tr|A3FPL5|A3FPL5_CRYPI	Q9NPH3	[[108, 119]]	[[559, 570]]	1
tr|A3FPL5|A3FPL5_CRYPI	Q9Y2D1	[[326, 335]]	[[83, 92]]	1
tr|A3FPL6|A3FPL6_CRYPI	Q13976	[[166, 176]]	[[165, 175]]	1
tr|A3FPL6|A3FPL6_CRYPI	P78524	[[32, 41]]	[[650, 659]]	1
tr|A3FPL7|A3FPL7_CRYPI	P02786	[[197, 209]]	[[569, 581]]	1
tr|A3FPL7|A3FPL7_CRYPI	Q9UBP6	[[70, 81]]	[[81, 92]]	1
tr|A3FPL8|A3FPL8_CRYPI	P62826	[[80, 103]]	[[83, 106]]	1
tr|A3FPL9|A3FPL9_CRYPI	Q07002	[[136, 147]]	[[245, 256]]	1
tr|A3FPL9|A3FPL9_CRYPI	P24941	[[137, 149]]	[[108, 120]]	1
tr|A3FPL9|A3FPL9_CRYPI	Q92772	[[141, 152]]	[[111, 122]]	1
tr|A3FPL9|A3FPL9_CRYPI	Q9NZJ5	[[165, 177]]	[[946, 958]]	1
tr|A3FPL9|A3FPL9_CRYPI	Q16659	[[168, 179]]	[[165, 176]]	1
tr|A3FPL9|A3FPL9_CRYPI	Q00526	[[189, 204]]	[[160, 175]]	1
tr|A3FPL9|A3FPL9_CRYPI	P57058	[[207, 219]]	[[238, 250]]	1
tr|A3FPL9|A3FPL9_CRYPI	Q15759	[[216, 228]]	[[207, 219]]	1
tr|A3FPL9|A3FPL9_CRYPI	Q00535	[[243, 255]]	[[213, 225]]	1
tr|A3FPL9|A3FPL9_CRYPI	Q00536	[[245, 257]]	[[374, 386]]	1
tr|A3FPL9|A3FPL9_CRYPI	Q9P0L2	[[69, 81]]	[[113, 125]]	1
tr|A3FPL9|A3FPL9_CRYPI	O75676	[[71, 82]]	[[462, 473]]	1
tr|A3FPM0|A3FPM0_CRYPI	Q8N4C6	[[46, 58]]	[[1460, 1472]]	1
tr|A3FPM1|A3FPM1_CRYPI	P31152	[[139, 150]]	[[146, 157]]	1
tr|A3FPM1|A3FPM1_CRYPI	P21127	[[153, 170], [197, 208]]	[[573, 590], [617, 628]]	2
tr|A3FPM1|A3FPM1_CRYPI	P07333	[[154, 165]]	[[790, 801]]	1
tr|A3FPM1|A3FPM1_CRYPI	P06493	[[176, 187]]	[[162, 173]]	1
tr|A3FPM1|A3FPM1_CRYPI	P50613	[[181, 191]]	[[176, 186]]	1
tr|A3FPM1|A3FPM1_CRYPI	P11802	[[198, 210]]	[[194, 206]]	1
tr|A3FPM1|A3FPM1_CRYPI	P49336	[[201, 213]]	[[217, 229]]	1
tr|A3FPM1|A3FPM1_CRYPI	O94921	[[229, 244]]	[[343, 358]]	1
tr|A3FPM2|A3FPM2_CRYPI	Q9Y6I7	[[148, 161]]	[[150, 163]]	1
tr|A3FPM2|A3FPM2_CRYPI	Q13112	[[20, 30]]	[[15, 25]]	1
tr|A3FPM3|A3FPM3_CRYPI	Q9Y2B2	[[13, 26]]	[[46, 59]]	1
tr|A3FPM4|A3FPM4_CRYPI	P27144	[[693, 706]]	[[207, 220]]	1
tr|A3FPM4|A3FPM4_CRYPI	Q58F21	[[867, 879]]	[[643, 655]]	1
tr|A3FPM5|A3FPM5_CRYPI	Q32MZ4	[[227, 237]]	[[570, 580]]	1
tr|A3FPM5|A3FPM5_CRYPI	Q9GZR2	[[7, 18]]	[[241, 252]]	1
tr|A3FPM6|A3FPM6_CRYPI	Q14690	[[191, 203]]	[[1425, 1437]]	1
tr|A3FPM6|A3FPM6_CRYPI	Q9Y5T5	[[207, 219]]	[[166, 178]]	1
tr|A3FPM7|A3FPM7_CRYPI	Q6ZU80	[[22, 34]]	[[357, 369]]	1
tr|A3FPM7|A3FPM7_CRYPI	Q14789	[[424, 435]]	[[1329, 1340]]	1
tr|A3FPM7|A3FPM7_CRYPI	Q96RS6	[[463, 475]]	[[263, 275]]	1
tr|A3FPM7|A3FPM7_CRYPI	Q9HCK4	[[745, 755]]	[[878, 888]]	1
tr|A3FPM8|A3FPM8_CRYPI	Q9UQ07	[[251, 262]]	[[122, 133]]	1
tr|A3FPM8|A3FPM8_CRYPI	O95835	[[254, 266]]	[[825, 837]]	1
tr|A3FPM8|A3FPM8_CRYPI	P68400	[[292, 304]]	[[190, 202]]	1
tr|A3FPM8|A3FPM8_CRYPI	Q13523	[[310, 322]]	[[865, 877]]	1
tr|A3FPM8|A3FPM8_CRYPI	P11802	[[315, 327]]	[[195, 207]]	1
tr|A3FPM8|A3FPM8_CRYPI	Q13164	[[317, 328]]	[[245, 256]]	1
tr|A3FPM8|A3FPM8_CRYPI	A6NMY6	[[399, 411]]	[[69, 81]]	1
tr|A3FPM9|A3FPM9_CRYPI	Q96EY9	[[290, 309]]	[[304, 323]]	1
tr|A3FPN1|A3FPN1_CRYPI	P14868	[[444, 465], [289, 320], [409, 419], [202, 216], [422, 436], [270, 288], [492, 514], [515, 530]]	[[413, 434], [262, 293], [379, 389], [175, 189], [392, 406], [243, 261], [461, 483], [484, 499]]	8
tr|A3FPN1|A3FPN1_CRYPI	O43776	[[255, 267]]	[[278, 290]]	1
tr|A3FPN2|A3FPN2_CRYPI	P13051	[[167, 177], [124, 134]]	[[195, 205], [147, 157]]	2
tr|A3FPN3|A3FPN3_CRYPI	P51149	[[104, 136], [154, 166], [9, 35], [57, 73]]	[[98, 130], [147, 159], [3, 29], [51, 67]]	4
tr|A3FPN3|A3FPN3_CRYPI	P51151	[[157, 174]]	[[149, 166]]	1
tr|A3FPN3|A3FPN3_CRYPI	P62820	[[159, 170]]	[[151, 162]]	1
tr|A3FPN3|A3FPN3_CRYPI	Q9H0U4	[[160, 172]]	[[149, 161]]	1
tr|A3FPN3|A3FPN3_CRYPI	Q9NP90	[[62, 74]]	[[55, 67]]	1
tr|A3FPN3|A3FPN3_CRYPI	Q8IXI2	[[91, 103]]	[[493, 505]]	1
tr|A3FPN4|A3FPN4_CRYPI	P78549	[[104, 120], [81, 96], [9, 20]]	[[224, 240], [201, 216], [129, 140]]	3
tr|A3FPN5|A3FPN5_CRYPI	O95391	[[31, 45], [80, 95], [209, 247], [98, 110], [369, 380]]	[[60, 74], [113, 128], [258, 296], [131, 143], [424, 435]]	5
tr|A3FPN6|A3FPN6_CRYPI	Q9Y265	[[112, 128], [303, 315], [60, 80], [210, 264], [129, 140], [318, 336]]	[[110, 126], [301, 313], [58, 78], [208, 262], [127, 138], [316, 334]]	6
tr|A3FPN6|A3FPN6_CRYPI	Q9Y230	[[348, 360]]	[[343, 355]]	1
tr|A3FPN9|A3FPN9_CRYPI	Q9Y324	[[46, 65], [10, 41], [121, 145], [91, 103]]	[[90, 109], [54, 85], [165, 189], [135, 147]]	4
tr|A3FPP0|A3FPP0_CRYPI	P63208	[[124, 135], [39, 48], [98, 116]]	[[125, 136], [41, 50], [99, 117]]	3
tr|A3FPP1|A3FPP1_CRYPI	Q8TEA1	[[99, 111]]	[[145, 157]]	1
tr|A3FPP2|A3FPP2_CRYPI	P16298	[[186, 198]]	[[207, 219]]	1
tr|A3FPP2|A3FPP2_CRYPI	P62140	[[47, 72], [198, 211], [215, 238]]	[[32, 57], [183, 196], [200, 223]]	3
tr|A3FPP2|A3FPP2_CRYPI	P62136	[[41, 56]]	[[27, 42]]	1
tr|A3FPP2|A3FPP2_CRYPI	P62714	[[96, 108]]	[[75, 87]]	1
tr|A3FPP3|A3FPP3_CRYPI	Q12830	[[1700, 1711]]	[[2954, 2965]]	1
tr|A3FPP3|A3FPP3_CRYPI	Q14686	[[684, 695]]	[[415, 426]]	1
tr|A3FPP3|A3FPP3_CRYPI	Q96FL8	[[973, 984]]	[[471, 482]]	1
tr|A3FPP3|A3FPP3_CRYPI	Q9UJ37	[[99, 108]]	[[321, 330]]	1
tr|A3FPP4|A3FPP4_CRYPI	O00762	[[51, 63]]	[[95, 107]]	1
tr|A3FPP4|A3FPP4_CRYPI	P51965	[[70, 82]]	[[130, 142]]	1
tr|A3FPP4|A3FPP4_CRYPI	Q9Y2X8	[[93, 105]]	[[107, 119]]	1
tr|A3FPP5|A3FPP5_CRYPI	P63279	[[71, 90], [122, 134]]	[[71, 90], [122, 134]]	2
tr|A3FPP6|A3FPP6_CRYPI	P0C264	[[267, 277]]	[[45, 55]]	1
tr|A3FPP6|A3FPP6_CRYPI	Q8N752	[[268, 280]]	[[20, 32]]	1
tr|A3FPP6|A3FPP6_CRYPI	Q8NG66	[[269, 281]]	[[33, 45]]	1
tr|A3FPP6|A3FPP6_CRYPI	Q8IXS2	[[310, 320]]	[[67, 77]]	1
tr|A3FPP6|A3FPP6_CRYPI	Q96KB5	[[320, 330]]	[[91, 101]]	1
tr|A3FPP6|A3FPP6_CRYPI	Q96PY6	[[322, 332]]	[[59, 69]]	1
tr|A3FPP6|A3FPP6_CRYPI	Q14164	[[352, 361]]	[[85, 94]]	1
tr|A3FPP6|A3FPP6_CRYPI	Q9H4B4	[[429, 444]]	[[171, 186]]	1
tr|A3FPP6|A3FPP6_CRYPI	Q07002	[[434, 446]]	[[256, 268]]	1
tr|A3FPP6|A3FPP6_CRYPI	Q13163	[[544, 556]]	[[332, 344]]	1
tr|A3FPP6|A3FPP6_CRYPI	Q8N4C8	[[548, 557]]	[[213, 222]]	1
tr|A3FPP7|A3FPP7_CRYPI	O71037	[[363, 374]]	[[637, 648]]	1
tr|A3FPP8|A3FPP8_CRYPI	P53803	[[24, 40]]	[[33, 49]]	1
tr|A3FPP9|A3FPP9_CRYPI	Q92771	[[137, 148], [702, 721], [33, 48]]	[[251, 262], [854, 873], [57, 72]]	3
tr|A3FPP9|A3FPP9_CRYPI	Q9BX63	[[236, 248]]	[[343, 355]]	1
tr|A3FPP9|A3FPP9_CRYPI	Q9NZ71	[[39, 51], [711, 722]]	[[42, 54], [694, 705]]	2
tr|A3FPQ0|A3FPQ0_CRYPI	Q8WXR4	[[104, 121]]	[[139, 156]]	1
tr|A3FPQ0|A3FPQ0_CRYPI	P51956	[[66, 78], [112, 124]]	[[74, 86], [118, 130]]	2
tr|A3FPQ0|A3FPQ0_CRYPI	Q96PY6	[[175, 192], [74, 87], [155, 167]]	[[183, 200], [83, 96], [163, 175]]	3
tr|A3FPQ0|A3FPQ0_CRYPI	Q6P3R8	[[158, 172]]	[[167, 181]]	1
tr|A3FPQ0|A3FPQ0_CRYPI	Q9NYY3	[[175, 186]]	[[260, 271]]	1
tr|A3FPQ0|A3FPQ0_CRYPI	P31749	[[69, 80]]	[[225, 236]]	1
tr|A3FPQ1|A3FPQ1_CRYPI	Q15759	[[148, 160]]	[[137, 149]]	1
tr|A3FPQ1|A3FPQ1_CRYPI	Q8N165	[[150, 161]]	[[153, 164]]	1
tr|A3FPQ1|A3FPQ1_CRYPI	O96017	[[152, 165]]	[[338, 351]]	1
tr|A3FPQ1|A3FPQ1_CRYPI	P22612	[[158, 170]]	[[164, 176]]	1
tr|A3FPQ1|A3FPQ1_CRYPI	Q9UK32	[[159, 171]]	[[196, 208]]	1
tr|A3FPQ1|A3FPQ1_CRYPI	O75962	[[160, 171]]	[[2914, 2925]]	1
tr|A3FPQ1|A3FPQ1_CRYPI	P51451	[[173, 183]]	[[372, 382]]	1
tr|A3FPQ1|A3FPQ1_CRYPI	Q8TDR2	[[201, 211]]	[[415, 425]]	1
tr|A3FPQ1|A3FPQ1_CRYPI	O96013	[[217, 226]]	[[491, 500]]	1
tr|A3FPQ1|A3FPQ1_CRYPI	P57058	[[217, 229]]	[[239, 251]]	1
tr|A3FPQ1|A3FPQ1_CRYPI	Q96L34	[[218, 229]]	[[233, 244]]	1
tr|A3FPQ1|A3FPQ1_CRYPI	O14965	[[221, 232]]	[[309, 320]]	1
tr|A3FPQ1|A3FPQ1_CRYPI	O60229	[[222, 233]]	[[2861, 2872]]	1
tr|A3FPQ1|A3FPQ1_CRYPI	Q15746	[[224, 233]]	[[1644, 1653]]	1
tr|A3FPQ1|A3FPQ1_CRYPI	Q9UPZ9	[[281, 293]]	[[263, 275]]	1
tr|A3FPQ1|A3FPQ1_CRYPI	P20794	[[285, 297]]	[[267, 279]]	1
tr|A3FPQ2|A3FPQ2_CRYPI	O43660	[[183, 203], [125, 143], [279, 290]]	[[256, 276], [198, 216], [352, 363]]	3
tr|A3FPQ2|A3FPQ2_CRYPI	Q9BVA0	[[147, 159]]	[[205, 217]]	1
tr|A3FPQ2|A3FPQ2_CRYPI	Q8TC44	[[189, 201]]	[[160, 172]]	1
tr|A3FPQ2|A3FPQ2_CRYPI	Q9BYB4	[[235, 244]]	[[186, 195]]	1
tr|A3FPQ2|A3FPQ2_CRYPI	Q9UNX4	[[314, 325]]	[[430, 441]]	1
tr|A3FPQ2|A3FPQ2_CRYPI	Q2TAY7	[[414, 425]]	[[371, 382]]	1
tr|A3FPQ3|A3FPQ3_CRYPI	P62308	[[44, 53]]	[[60, 69]]	1
tr|A3FPQ5|A3FPQ5_CRYPI	Q8WVC0	[[162, 171]]	[[370, 379]]	1
tr|A3FPQ8|A3FPQ8_CRYPI	P60059	[[74, 84]]	[[58, 68]]	1
tr|A3FPQ9|A3FPQ9_CRYPI	Q9Y4E5	[[59, 67]]	[[363, 371]]	1
tr|A3FPR0|A3FPR0_CRYPI	P52435	[[36, 67]]	[[37, 68]]	1
tr|A3FPR1|A3FPR1_CRYPI	Q15907	[[42, 51]]	[[42, 51]]	1
tr|A3FPR1|A3FPR1_CRYPI	Q9H0T7	[[87, 101]]	[[93, 107]]	1
tr|A3FPR2|A3FPR2_CRYPI	O15440	[[1122, 1134]]	[[962, 974]]	1
tr|A3FPR2|A3FPR2_CRYPI	O15439	[[666, 678], [1126, 1135], [1554, 1565]]	[[544, 556], [816, 825], [1239, 1250]]	3
tr|A3FPR2|A3FPR2_CRYPI	Q09428	[[640, 652], [1436, 1452], [1215, 1227]]	[[812, 824], [1425, 1441], [1204, 1216]]	3
tr|A3FPR2|A3FPR2_CRYPI	P33527	[[1223, 1234], [1381, 1397]]	[[1164, 1175], [1319, 1335]]	2
tr|A3FPR2|A3FPR2_CRYPI	O95255	[[1378, 1391], [1427, 1442], [1491, 1508]]	[[1288, 1301], [1337, 1352], [1401, 1418]]	3
tr|A3FPR2|A3FPR2_CRYPI	Q92887	[[606, 619], [1385, 1397], [1556, 1569]]	[[710, 723], [1330, 1342], [1501, 1514]]	3
tr|A3FPR2|A3FPR2_CRYPI	O15438	[[1433, 1447], [644, 664], [679, 696]]	[[1367, 1381], [738, 758], [773, 790]]	3
tr|A3FPR2|A3FPR2_CRYPI	Q96J65	[[655, 672], [1509, 1521]]	[[601, 618], [1274, 1286]]	2
tr|A3FPR2|A3FPR2_CRYPI	Q9Y5J3	[[468, 480]]	[[260, 272]]	1
tr|A3FPR2|A3FPR2_CRYPI	O60706	[[653, 665]]	[[808, 820]]	1
tr|A3FPR2|A3FPR2_CRYPI	Q5T3U5	[[663, 673]]	[[732, 742]]	1
tr|A3FPR2|A3FPR2_CRYPI	P0C7T3	[[691, 701]]	[[172, 182]]	1
tr|A3FPR3|A3FPR3_CRYPI	Q15843	[[41, 53]]	[[41, 53]]	1
tr|A3FPR4|A3FPR4_CRYPI	Q9BZQ6	[[102, 111]]	[[426, 435]]	1
tr|A3FPR4|A3FPR4_CRYPI	O43474	[[116, 128]]	[[123, 135]]	1
tr|A3FPR4|A3FPR4_CRYPI	Q9UHV9	[[58, 71]]	[[71, 84]]	1
tr|A3FPR5|A3FPR5_CRYPI	Q8TD47	[[0, 35], [155, 167]]	[[1, 36], [156, 168]]	2
tr|A3FPR5|A3FPR5_CRYPI	P22090	[[161, 173]]	[[162, 174]]	1
tr|A3FPR5|A3FPR5_CRYPI	P62701	[[176, 185], [68, 79]]	[[177, 186], [69, 80]]	2
tr|A3FPR6|A3FPR6_CRYPI	P53355	[[108, 120]]	[[130, 142]]	1
tr|A3FPR6|A3FPR6_CRYPI	Q8IW41	[[110, 122]]	[[141, 153]]	1
tr|A3FPR6|A3FPR6_CRYPI	Q13546	[[114, 132]]	[[135, 153]]	1
tr|A3FPR6|A3FPR6_CRYPI	Q96PF2	[[126, 137]]	[[145, 156]]	1
tr|A3FPR6|A3FPR6_CRYPI	O00444	[[129, 141]]	[[148, 160]]	1
tr|A3FPR6|A3FPR6_CRYPI	O43781	[[178, 190]]	[[392, 404]]	1
tr|A3FPR6|A3FPR6_CRYPI	Q00526	[[199, 210]]	[[207, 218]]	1
tr|A3FPR8|A3FPR8_CRYPI	P18433	[[362, 372]]	[[339, 349]]	1
tr|A3FPR9|A3FPR9_CRYPI	Q96SB4	[[137, 151]]	[[201, 215]]	1
tr|A3FPR9|A3FPR9_CRYPI	Q96RR4	[[144, 153]]	[[307, 316]]	1
tr|A3FPR9|A3FPR9_CRYPI	P45985	[[144, 155]]	[[224, 235]]	1
tr|A3FPR9|A3FPR9_CRYPI	P30291	[[146, 157]]	[[423, 434]]	1
tr|A3FPR9|A3FPR9_CRYPI	Q96PY6	[[190, 208]]	[[168, 186]]	1
tr|A3FPR9|A3FPR9_CRYPI	P51957	[[198, 209]]	[[179, 190]]	1
tr|A3FPR9|A3FPR9_CRYPI	O94804	[[200, 212]]	[[212, 224]]	1
tr|A3FPR9|A3FPR9_CRYPI	Q8TDX7	[[201, 213]]	[[212, 224]]	1
tr|A3FPR9|A3FPR9_CRYPI	P51956	[[204, 216]]	[[181, 193]]	1
tr|A3FPR9|A3FPR9_CRYPI	Q6P3R8	[[206, 218]]	[[185, 197]]	1
tr|A3FPR9|A3FPR9_CRYPI	Q86SG6	[[211, 222]]	[[189, 200]]	1
tr|A3FPR9|A3FPR9_CRYPI	Q01432	[[696, 707]]	[[348, 359]]	1
tr|A3FPR9|A3FPR9_CRYPI	Q9NYC9	[[783, 792]]	[[2099, 2108]]	1
tr|A3FPR9|A3FPR9_CRYPI	P51955	[[95, 109]]	[[83, 97]]	1
tr|A3FPS0|A3FPS0_CRYPI	O00400	[[129, 143], [70, 81], [50, 67]]	[[187, 201], [137, 148], [117, 134]]	3
tr|A3FPS2|A3FPS2_CRYPI	P25705	[[275, 287], [172, 188], [326, 338], [385, 395], [219, 240], [343, 360], [288, 299]]	[[196, 208], [93, 109], [249, 261], [308, 318], [140, 161], [266, 283], [209, 220]]	7
tr|A3FPS2|A3FPS2_CRYPI	P49454	[[241, 252]]	[[959, 970]]	1
tr|A3FPS2|A3FPS2_CRYPI	Q05DH4	[[333, 344]]	[[33, 44]]	1
tr|A3FPS3|A3FPS3_CRYPI	P68400	[[273, 286], [190, 232], [66, 99], [244, 257], [288, 300], [46, 64], [18, 33]]	[[268, 281], [185, 227], [61, 94], [239, 252], [283, 295], [41, 59], [13, 28]]	7
tr|A3FPS3|A3FPS3_CRYPI	P19784	[[181, 200]]	[[177, 196]]	1
tr|A3FPS3|A3FPS3_CRYPI	P53778	[[321, 333]]	[[303, 315]]	1
tr|A3FPS4|A3FPS4_CRYPI	Q14680	[[102, 111]]	[[90, 99]]	1
tr|A3FPS4|A3FPS4_CRYPI	Q13131	[[117, 135]]	[[123, 141]]	1
tr|A3FPS4|A3FPS4_CRYPI	P15735	[[141, 153]]	[[150, 162]]	1
tr|A3FPS4|A3FPS4_CRYPI	Q9UK32	[[142, 154]]	[[196, 208]]	1
tr|A3FPS4|A3FPS4_CRYPI	Q8TDC3	[[146, 158]]	[[158, 170]]	1
tr|A3FPS4|A3FPS4_CRYPI	P57058	[[147, 159]]	[[189, 201]]	1
tr|A3FPS4|A3FPS4_CRYPI	Q9H093	[[148, 166], [186, 204]]	[[179, 197], [217, 235]]	2
tr|A3FPS4|A3FPS4_CRYPI	P54646	[[42, 53], [96, 110], [77, 88], [23, 36], [170, 215]]	[[37, 48], [91, 105], [72, 83], [18, 31], [165, 210]]	5
tr|A3FPS4|A3FPS4_CRYPI	Q9UQM7	[[251, 263]]	[[249, 261]]	1
tr|A3FPS4|A3FPS4_CRYPI	Q9BXS5	[[327, 339]]	[[127, 139]]	1
tr|A3FPS4|A3FPS4_CRYPI	Q9BZP6	[[647, 659]]	[[408, 420]]	1
tr|A3FPS4|A3FPS4_CRYPI	Q12791	[[691, 703]]	[[50, 62]]	1
tr|A3FPS4|A3FPS4_CRYPI	Q9Y2K2	[[77, 85]]	[[121, 129]]	1
tr|A3FPS4|A3FPS4_CRYPI	Q9NRH2	[[77, 90]]	[[71, 84]]	1
tr|A3FPS5|A3FPS5_CRYPI	P31350	[[37, 49]]	[[92, 104]]	1
tr|A3FPS5|A3FPS5_CRYPI	Q8N1F7	[[71, 82]]	[[180, 191]]	1
tr|A3FPS6|A3FPS6_CRYPI	Q9HD20	[[309, 337], [205, 226], [832, 847], [740, 765]]	[[513, 541], [409, 430], [946, 961], [854, 879]]	4
tr|A3FPS6|A3FPS6_CRYPI	A0A0B4J273	[[238, 247]]	[[60, 69]]	1
tr|A3FPS6|A3FPS6_CRYPI	O94823	[[328, 340]]	[[432, 444]]	1
tr|A3FPS6|A3FPS6_CRYPI	Q96QB1	[[493, 502]]	[[738, 747]]	1
tr|A3FPS6|A3FPS6_CRYPI	Q4VNC1	[[755, 767]]	[[853, 865]]	1
tr|A3FPS6|A3FPS6_CRYPI	Q9H7F0	[[89, 101]]	[[316, 328]]	1
tr|A3FPS7|A3FPS7_CRYPI	Q8IZ02	[[106, 117]]	[[323, 334]]	1
tr|A3FPS7|A3FPS7_CRYPI	Q15435	[[87, 101], [128, 139], [163, 175]]	[[124, 138], [165, 176], [288, 300]]	3
tr|A3FPS7|A3FPS7_CRYPI	Q9HBX9	[[245, 256]]	[[299, 310]]	1
tr|A3FPS7|A3FPS7_CRYPI	Q6ZRR7	[[92, 107]]	[[107, 122]]	1
tr|A3FPS8|A3FPS8_CRYPI	P62195	[[139, 156], [384, 393], [71, 93], [216, 239], [110, 126], [297, 323], [270, 291], [28, 44], [251, 265], [193, 210], [165, 180]]	[[151, 168], [397, 406], [83, 105], [228, 251], [122, 138], [310, 336], [283, 304], [40, 56], [264, 278], [205, 222], [177, 192]]	11
tr|A3FPS9|A3FPS9_CRYPI	Q9NYV4	[[14, 23]]	[[856, 865]]	1
tr|A3FPS9|A3FPS9_CRYPI	Q9P286	[[7, 18]]	[[558, 569]]	1
tr|A3FPS9|A3FPS9_CRYPI	Q04759	[[76, 88]]	[[560, 572]]	1
tr|A3FPS9|A3FPS9_CRYPI	Q6J9G0	[[78, 89]]	[[309, 320]]	1
tr|A3FPS9|A3FPS9_CRYPI	Q8TD19	[[8, 19]]	[[167, 178]]	1
tr|A3FPT0|A3FPT0_CRYPI	Q7Z4Q2	[[109, 118]]	[[379, 388]]	1
tr|A3FPT0|A3FPT0_CRYPI	Q9Y2G8	[[52, 62]]	[[74, 84]]	1
tr|A3FPT1|A3FPT1_CRYPI	P62266	[[114, 137], [54, 69]]	[[96, 119], [36, 51]]	2
tr|A3FPT2|A3FPT2_CRYPI	Q14562	[[662, 683], [371, 387], [793, 819], [750, 765], [461, 478], [953, 965], [917, 939], [431, 455], [891, 915], [985, 999], [846, 857], [552, 576]]	[[875, 896], [586, 602], [1006, 1032], [963, 978], [675, 692], [1166, 1178], [1130, 1152], [645, 669], [1104, 1128], [1198, 1212], [1059, 1070], [766, 790]]	12
tr|A3FPT2|A3FPT2_CRYPI	Q9H6R0	[[377, 389]]	[[101, 113]]	1
tr|A3FPT2|A3FPT2_CRYPI	O60231	[[936, 947], [379, 392], [652, 665]]	[[984, 995], [428, 441], [700, 713]]	3
tr|A3FPT2|A3FPT2_CRYPI	Q8IX18	[[414, 426]]	[[116, 128]]	1
tr|A3FPT2|A3FPT2_CRYPI	Q92620	[[701, 714], [664, 684], [427, 438], [824, 840]]	[[880, 893], [843, 863], [608, 619], [1003, 1019]]	4
tr|A3FPT2|A3FPT2_CRYPI	O43143	[[444, 456]]	[[233, 245]]	1
tr|A3FPT2|A3FPT2_CRYPI	Q9H5Z1	[[464, 477]]	[[169, 182]]	1
tr|A3FPT2|A3FPT2_CRYPI	P25490	[[539, 550]]	[[142, 153]]	1
tr|A3FPT3|A3FPT3_CRYPI	O14936	[[153, 165]]	[[130, 142]]	1
tr|A3FPT3|A3FPT3_CRYPI	Q8IVW4	[[157, 166]]	[[118, 127]]	1
tr|A3FPT3|A3FPT3_CRYPI	Q12851	[[160, 171]]	[[132, 143]]	1
tr|A3FPT3|A3FPT3_CRYPI	Q13233	[[160, 172]]	[[1365, 1377]]	1
tr|A3FPT3|A3FPT3_CRYPI	O76039	[[220, 233], [161, 173]]	[[191, 204], [132, 144]]	2
tr|A3FPT3|A3FPT3_CRYPI	P50750	[[196, 211], [174, 187]]	[[185, 200], [159, 172]]	2
tr|A3FPT3|A3FPT3_CRYPI	P11802	[[177, 188], [216, 229]]	[[153, 164], [190, 203]]	2
tr|A3FPT3|A3FPT3_CRYPI	P42685	[[180, 189]]	[[370, 379]]	1
tr|A3FPT3|A3FPT3_CRYPI	Q9NYV4	[[201, 213]]	[[897, 909]]	1
tr|A3FPT3|A3FPT3_CRYPI	P45984	[[223, 234]]	[[208, 219]]	1
tr|A3FPT3|A3FPT3_CRYPI	Q00526	[[309, 320]]	[[260, 271]]	1
tr|A3FPT3|A3FPT3_CRYPI	P68400	[[320, 332]]	[[309, 321]]	1
tr|A3FPT3|A3FPT3_CRYPI	Q5VTR2	[[486, 498]]	[[575, 587]]	1
tr|A3FPT3|A3FPT3_CRYPI	Q9P2R6	[[495, 507]]	[[1188, 1200]]	1
tr|A3FPT3|A3FPT3_CRYPI	Q5T200	[[499, 521]]	[[754, 766]]	1
tr|A3FPT3|A3FPT3_CRYPI	Q16288	[[59, 70]]	[[590, 601]]	1
tr|A3FPT3|A3FPT3_CRYPI	O75385	[[63, 73]]	[[69, 79]]	1
tr|A3FPT3|A3FPT3_CRYPI	P41279	[[65, 76]]	[[186, 197]]	1
tr|A3FPT5|A3FPT5_CRYPI	O43929	[[53, 64]]	[[63, 74]]	1
tr|A3FPT6|A3FPT6_CRYPI	Q9BXY0	[[25, 47], [57, 70]]	[[26, 48], [58, 71]]	2
tr|A3FPT9|A3FPT9_CRYPI	Q2VIQ3	[[272, 284]]	[[202, 214]]	1
tr|A3FPT9|A3FPT9_CRYPI	Q99661	[[275, 288]]	[[463, 476]]	1
tr|A3FPT9|A3FPT9_CRYPI	P52732	[[389, 398]]	[[308, 317]]	1
tr|A3FPT9|A3FPT9_CRYPI	O15066	[[389, 400]]	[[289, 300]]	1
tr|A3FPT9|A3FPT9_CRYPI	Q9BVG8	[[65, 76]]	[[444, 455]]	1
tr|A3FPU0|A3FPU0_CRYPI	Q8N4N8	[[101, 112]]	[[265, 276]]	1
tr|A3FPU0|A3FPU0_CRYPI	Q12840	[[131, 148]]	[[78, 95]]	1
tr|A3FPU0|A3FPU0_CRYPI	Q8NI77	[[187, 196]]	[[156, 165]]	1
tr|A3FPU0|A3FPU0_CRYPI	Q9HAQ2	[[187, 200]]	[[138, 151]]	1
tr|A3FPU0|A3FPU0_CRYPI	P52732	[[190, 204]]	[[160, 174]]	1
tr|A3FPU0|A3FPU0_CRYPI	Q96AC6	[[259, 273]]	[[588, 602]]	1
tr|A3FPU0|A3FPU0_CRYPI	Q9Y496	[[263, 274]]	[[212, 223]]	1
tr|A3FPU0|A3FPU0_CRYPI	O75037	[[294, 306]]	[[270, 282]]	1
tr|A3FPU0|A3FPU0_CRYPI	Q2TAC6	[[361, 389]]	[[292, 320]]	1
tr|A3FPU0|A3FPU0_CRYPI	Q02224	[[363, 375]]	[[279, 291]]	1
tr|A3FPU0|A3FPU0_CRYPI	Q2M1P5	[[366, 383]]	[[300, 317]]	1
tr|A3FPU0|A3FPU0_CRYPI	Q9NS87	[[401, 413]]	[[349, 361]]	1
tr|A3FPU0|A3FPU0_CRYPI	O43482	[[432, 441]]	[[195, 204]]	1
tr|A3FPU0|A3FPU0_CRYPI	Q9BXJ5	[[53, 64]]	[[144, 155]]	1
tr|A3FPU0|A3FPU0_CRYPI	Q8NAB2	[[740, 752]]	[[152, 164]]	1
tr|A3FPU0|A3FPU0_CRYPI	Q8IVF5	[[78, 88]]	[[1410, 1420]]	1
tr|A3FPU0|A3FPU0_CRYPI	Q9UHC6	[[885, 897]]	[[837, 849]]	1
tr|A3FPU3|A3FPU3_CRYPI	P29218	[[209, 221]]	[[91, 103]]	1
tr|A3FPU3|A3FPU3_CRYPI	P09012	[[24, 37]]	[[8, 21]]	1
tr|A3FPU4|A3FPU4_CRYPI	P10244	[[40, 50]]	[[115, 125]]	1
tr|A3FPU4|A3FPU4_CRYPI	P10243	[[78, 92], [43, 56]]	[[157, 171], [122, 135]]	2
tr|A3FPU5|A3FPU5_CRYPI	O95985	[[401, 422], [500, 514], [333, 347], [103, 115], [294, 305], [117, 129], [549, 561], [660, 673]]	[[402, 423], [501, 515], [335, 349], [107, 119], [296, 307], [121, 133], [550, 562], [660, 673]]	8
tr|A3FPU5|A3FPU5_CRYPI	Q13472	[[170, 182], [494, 510]]	[[200, 212], [519, 535]]	2
tr|A3FPU5|A3FPU5_CRYPI	O60245	[[256, 267]]	[[239, 250]]	1
tr|A3FPU6|A3FPU6_CRYPI	Q7RTV0	[[54, 93]]	[[58, 97]]	1
tr|A3FPU7|A3FPU7_CRYPI	P06744	[[331, 342]]	[[25, 36]]	1
tr|A3FPU7|A3FPU7_CRYPI	Q5U5R9	[[652, 664], [470, 483]]	[[632, 644], [439, 452]]	2
tr|A3FPU7|A3FPU7_CRYPI	Q05086	[[484, 511], [644, 656], [532, 561]]	[[563, 590], [721, 733], [611, 640]]	3
tr|A3FPU7|A3FPU7_CRYPI	Q5GLZ8	[[507, 522]]	[[769, 784]]	1
tr|A3FPU7|A3FPU7_CRYPI	Q15034	[[550, 563]]	[[805, 818]]	1
tr|A3FPU9|A3FPU9_CRYPI	Q9UF47	[[16, 27]]	[[33, 44]]	1
tr|A3FPU9|A3FPU9_CRYPI	O75190	[[17, 37]]	[[18, 38]]	1
tr|A3FPU9|A3FPU9_CRYPI	Q9H819	[[1, 13]]	[[81, 93]]	1
tr|A3FPU9|A3FPU9_CRYPI	Q8NHS0	[[28, 42]]	[[29, 43]]	1
tr|A3FPU9|A3FPU9_CRYPI	P25685	[[40, 58]]	[[40, 58]]	1
tr|A3FPU9|A3FPU9_CRYPI	Q9UBS4	[[55, 67]]	[[77, 89]]	1
tr|A3FPV0|A3FPV0_CRYPI	Q5T2D3	[[17, 30]]	[[71, 84]]	1
tr|A3FPV1|A3FPV1_CRYPI	Q92834	[[149, 158]]	[[242, 251]]	1
tr|A3FPV1|A3FPV1_CRYPI	Q8IVU3	[[150, 161]]	[[128, 139]]	1
tr|A3FPV1|A3FPV1_CRYPI	O95199	[[151, 161]]	[[153, 163]]	1
tr|A3FPV1|A3FPV1_CRYPI	O95714	[[311, 323], [46, 58]]	[[3102, 3114], [555, 567]]	2
tr|A3FPV1|A3FPV1_CRYPI	Q15751	[[312, 324]]	[[565, 577]]	1
tr|A3FPV1|A3FPV1_CRYPI	Q15034	[[314, 325]]	[[90, 101]]	1
tr|A3FPV1|A3FPV1_CRYPI	Q13464	[[466, 476]]	[[952, 962]]	1
tr|A3FPV1|A3FPV1_CRYPI	Q6ZU67	[[471, 481]]	[[338, 348]]	1
tr|A3FPV2|A3FPV2_CRYPI	Q2VIQ3	[[110, 123]]	[[80, 93]]	1
tr|A3FPV2|A3FPV2_CRYPI	Q12840	[[110, 122], [306, 317], [282, 298], [259, 280]]	[[78, 90], [272, 283], [248, 264], [225, 246]]	4
tr|A3FPV2|A3FPV2_CRYPI	Q6ZMV9	[[115, 127]]	[[94, 106]]	1
tr|A3FPV2|A3FPV2_CRYPI	Q9BW19	[[116, 130]]	[[408, 422]]	1
tr|A3FPV2|A3FPV2_CRYPI	O15066	[[122, 134]]	[[100, 112]]	1
tr|A3FPV2|A3FPV2_CRYPI	P33176	[[137, 149]]	[[104, 116]]	1
tr|A3FPV2|A3FPV2_CRYPI	Q9Y496	[[220, 232]]	[[201, 213]]	1
tr|A3FPV2|A3FPV2_CRYPI	B7ZC32	[[227, 240]]	[[217, 230]]	1
tr|A3FPV2|A3FPV2_CRYPI	Q9NQT8	[[257, 268]]	[[244, 255]]	1
tr|A3FPV2|A3FPV2_CRYPI	Q2M1P5	[[310, 322]]	[[298, 310]]	1
tr|A3FPV2|A3FPV2_CRYPI	Q02224	[[312, 329]]	[[282, 299]]	1
tr|A3FPV3|A3FPV3_CRYPI	Q7L523	[[165, 190], [236, 254], [41, 89], [128, 136], [210, 222], [5, 34]]	[[159, 184], [226, 244], [43, 91], [122, 130], [204, 216], [7, 36]]	6
tr|A3FPV4|A3FPV4_CRYPI	Q6P4F2	[[83, 100], [111, 125], [149, 161]]	[[99, 116], [127, 141], [165, 177]]	3
tr|A3FPV5|A3FPV5_CRYPI	P0CB38	[[11, 24], [39, 53], [104, 117]]	[[9, 22], [37, 51], [102, 115]]	3
tr|A3FPV5|A3FPV5_CRYPI	Q96DU9	[[13, 29], [187, 197]]	[[19, 35], [196, 206]]	2
tr|A3FPV5|A3FPV5_CRYPI	Q13310	[[48, 59], [63, 74], [411, 423], [18, 32], [358, 366]]	[[47, 58], [62, 73], [341, 353], [17, 31], [289, 297]]	5
tr|A3FPV5|A3FPV5_CRYPI	Q9BZC1	[[228, 238]]	[[442, 452]]	1
tr|A3FPV5|A3FPV5_CRYPI	Q8N6W0	[[229, 241]]	[[442, 454]]	1
tr|A3FPV5|A3FPV5_CRYPI	P11940	[[331, 343]]	[[261, 273]]	1
tr|A3FPV5|A3FPV5_CRYPI	Q4VXU2	[[358, 375]]	[[289, 306]]	1
tr|A3FPV5|A3FPV5_CRYPI	Q5SZQ8	[[375, 389]]	[[107, 121]]	1
tr|A3FPV5|A3FPV5_CRYPI	P02461	[[466, 477]]	[[381, 392]]	1
tr|A3FPV5|A3FPV5_CRYPI	Q5JQF8	[[48, 60]]	[[38, 50]]	1
tr|A3FPV6|A3FPV6_CRYPI	P36578	[[192, 205], [58, 80], [215, 227], [134, 155], [83, 108]]	[[189, 202], [57, 79], [212, 224], [133, 154], [82, 107]]	5
tr|A3FPV7|A3FPV7_CRYPI	P10398	[[150, 162]]	[[418, 430]]	1
tr|A3FPV7|A3FPV7_CRYPI	Q8IY84	[[151, 163]]	[[186, 198]]	1
tr|A3FPV7|A3FPV7_CRYPI	Q8N2I9	[[152, 163]]	[[188, 199]]	1
tr|A3FPV7|A3FPV7_CRYPI	O75962	[[160, 172]]	[[2914, 2926]]	1
tr|A3FPV7|A3FPV7_CRYPI	Q9P286	[[221, 232]]	[[619, 630]]	1
tr|A3FPV7|A3FPV7_CRYPI	Q9UK32	[[226, 241]]	[[603, 618]]	1
tr|A3FPV7|A3FPV7_CRYPI	P11801	[[280, 291]]	[[333, 344]]	1
tr|A3FPV7|A3FPV7_CRYPI	Q86XE3	[[447, 459]]	[[166, 178]]	1
tr|A3FPV7|A3FPV7_CRYPI	Q14012	[[88, 99]]	[[68, 79]]	1
tr|A3FPV7|A3FPV7_CRYPI	P06493	[[92, 103]]	[[57, 68]]	1
tr|A3FPV8|A3FPV8_CRYPI	Q9HC84	[[125, 136], [102, 113]]	[[2580, 2591], [2580, 2591]]	2
tr|A3FPV8|A3FPV8_CRYPI	Q7Z5P9	[[115, 127]]	[[6976, 6988]]	1
tr|A3FPV8|A3FPV8_CRYPI	Q9HCJ0	[[725, 736], [136, 150]]	[[965, 976], [965, 978]]	2
tr|A3FPV8|A3FPV8_CRYPI	O15054	[[47, 58]]	[[750, 761]]	1
tr|A3FPV8|A3FPV8_CRYPI	Q9UK58	[[49, 59], [705, 716]]	[[28, 38], [27, 38]]	2
tr|A3FPV8|A3FPV8_CRYPI	P20929	[[680, 692]]	[[6997, 7009]]	1
tr|A3FPV8|A3FPV8_CRYPI	Q7Z6Z7	[[707, 719]]	[[3488, 3500]]	1
tr|A3FPV9|A3FPV9_CRYPI	Q9NPF4	[[276, 288], [161, 177], [241, 263], [106, 123], [181, 218], [306, 318]]	[[261, 273], [153, 169], [226, 248], [98, 115], [173, 210], [291, 303]]	6
tr|A3FPW0|A3FPW0_CRYPI	Q9C0C7	[[326, 338]]	[[109, 121]]	1
tr|A3FPW0|A3FPW0_CRYPI	Q8IWA0	[[332, 341]]	[[77, 86]]	1
tr|A3FPW0|A3FPW0_CRYPI	Q9Y2I8	[[69, 78]]	[[361, 370]]	1
tr|A3FPW0|A3FPW0_CRYPI	Q12788	[[90, 101]]	[[124, 135]]	1
tr|A3FPW2|A3FPW2_CRYPI	P62820	[[114, 131], [145, 157]]	[[118, 135], [149, 161]]	2
tr|A3FPW2|A3FPW2_CRYPI	Q14964	[[147, 159]]	[[154, 166]]	1
tr|A3FPW2|A3FPW2_CRYPI	P20336	[[52, 64]]	[[66, 78]]	1
tr|A3FPW2|A3FPW2_CRYPI	Q7Z6P3	[[80, 92]]	[[905, 917]]	1
tr|A3FPW3|A3FPW3_CRYPI	O14646	[[350, 362], [1019, 1030], [567, 581]]	[[643, 655], [1265, 1276], [859, 873]]	3
tr|A3FPW3|A3FPW3_CRYPI	P28370	[[600, 620], [322, 335], [488, 499], [1039, 1049], [191, 203], [238, 252], [583, 597], [511, 523]]	[[590, 610], [312, 325], [478, 489], [985, 995], [189, 201], [236, 250], [573, 587], [501, 513]]	8
tr|A3FPW3|A3FPW3_CRYPI	Q8IVH4	[[1058, 1069]]	[[407, 418]]	1
tr|A3FPW3|A3FPW3_CRYPI	O60264	[[512, 532], [574, 594], [193, 211], [293, 306]]	[[499, 519], [561, 581], [188, 206], [280, 293]]	4
tr|A3FPW3|A3FPW3_CRYPI	Q9ULG1	[[197, 209], [566, 577]]	[[530, 542], [1170, 1181]]	2
tr|A3FPW3|A3FPW3_CRYPI	Q9H4L7	[[202, 213]]	[[514, 525]]	1
tr|A3FPW3|A3FPW3_CRYPI	P51532	[[203, 215]]	[[772, 784]]	1
tr|A3FPW3|A3FPW3_CRYPI	Q6ZRS2	[[344, 356]]	[[769, 781]]	1
tr|A3FPW3|A3FPW3_CRYPI	Q12873	[[571, 584]]	[[1135, 1148]]	1
tr|A3FPW4|A3FPW4_CRYPI	Q7Z2Z2	[[1089, 1100], [3, 25], [53, 63], [585, 597], [36, 52], [78, 91]]	[[1109, 1120], [17, 39], [67, 77], [662, 674], [50, 66], [84, 97]]	6
tr|A3FPW4|A3FPW4_CRYPI	O43364	[[765, 774]]	[[276, 285]]	1
tr|A3FPW4|A3FPW4_CRYPI	Q8N442	[[84, 97]]	[[138, 151]]	1
tr|A3FPW5|A3FPW5_CRYPI	Q5VTE0	[[223, 237], [268, 281], [414, 428], [398, 412], [47, 63]]	[[239, 253], [284, 297], [430, 444], [414, 428], [47, 63]]	5
tr|A3FPW5|A3FPW5_CRYPI	Q05639	[[245, 266], [339, 352]]	[[261, 282], [355, 368]]	2
tr|A3FPW6|A3FPW6_CRYPI	Q8WZ74	[[759, 771]]	[[1182, 1194]]	1
tr|A3FPW6|A3FPW6_CRYPI	O76074	[[961, 973]]	[[645, 657]]	1
tr|A3FPW7|A3FPW7_CRYPI	Q70E73	[[12, 22]]	[[963, 973]]	1
tr|A3FPW7|A3FPW7_CRYPI	Q9C0D5	[[147, 158]]	[[465, 476]]	1
tr|A3FPW7|A3FPW7_CRYPI	Q6UXX5	[[148, 160]]	[[908, 920]]	1
tr|A3FPW7|A3FPW7_CRYPI	B5MCY1	[[1508, 1518]]	[[883, 893]]	1
tr|A3FPW7|A3FPW7_CRYPI	P48668	[[317, 328]]	[[382, 393]]	1
tr|A3FPW7|A3FPW7_CRYPI	Q5VWT5	[[59, 69]]	[[276, 286]]	1
tr|A3FPW7|A3FPW7_CRYPI	P0DKV0	[[58, 70]]	[[228, 240]]	1
tr|A3FPW7|A3FPW7_CRYPI	O43365	[[64, 76]]	[[115, 127]]	1
tr|A3FPW7|A3FPW7_CRYPI	Q8TF74	[[67, 77]]	[[295, 305]]	1
tr|A3FPW7|A3FPW7_CRYPI	Q9NYQ6	[[72, 81]]	[[208, 217]]	1
tr|A3FPW8|A3FPW8_CRYPI	P52732	[[257, 278], [290, 302], [93, 113], [345, 362], [241, 255]]	[[256, 277], [287, 299], [90, 110], [342, 359], [240, 254]]	5
tr|A3FPW8|A3FPW8_CRYPI	O15066	[[354, 366], [258, 270], [107, 120]]	[[332, 344], [237, 249], [95, 108]]	3
tr|A3FPW8|A3FPW8_CRYPI	Q9Y496	[[16, 32], [354, 364], [159, 171]]	[[13, 29], [337, 347], [144, 156]]	3
tr|A3FPW8|A3FPW8_CRYPI	Q2VIQ3	[[161, 171]]	[[137, 147]]	1
tr|A3FPW8|A3FPW8_CRYPI	Q9P2E2	[[259, 271], [226, 237]]	[[233, 245], [200, 211]]	2
tr|A3FPW8|A3FPW8_CRYPI	Q9HAQ2	[[228, 242]]	[[208, 222]]	1
tr|A3FPW8|A3FPW8_CRYPI	Q12840	[[309, 320]]	[[274, 285]]	1
tr|A3FPW9|A3FPW9_CRYPI	Q16534	[[1195, 1206]]	[[259, 270]]	1
tr|A3FPW9|A3FPW9_CRYPI	Q9UM54	[[173, 185]]	[[143, 155]]	1
tr|A3FPW9|A3FPW9_CRYPI	P13533	[[174, 188]]	[[171, 185]]	1
tr|A3FPW9|A3FPW9_CRYPI	O43795	[[178, 190], [289, 299]]	[[105, 117], [184, 194]]	2
tr|A3FPW9|A3FPW9_CRYPI	A0A0A6YYK7	[[199, 211]]	[[86, 98]]	1
tr|A3FPW9|A3FPW9_CRYPI	O00159	[[247, 259]]	[[174, 186]]	1
tr|A3FPW9|A3FPW9_CRYPI	P35749	[[250, 262], [533, 546]]	[[221, 233], [479, 492]]	2
tr|A3FPW9|A3FPW9_CRYPI	Q6PIF6	[[251, 280], [306, 321]]	[[193, 222], [248, 263]]	2
tr|A3FPW9|A3FPW9_CRYPI	Q9UBC5	[[289, 300], [460, 472], [739, 750]]	[[177, 188], [344, 356], [579, 590]]	3
tr|A3FPW9|A3FPW9_CRYPI	Q96H55	[[462, 474]]	[[380, 392]]	1
tr|A3FPW9|A3FPW9_CRYPI	B2RTY4	[[764, 776], [522, 535], [465, 478]]	[[931, 943], [546, 559], [502, 515]]	3
tr|A3FPW9|A3FPW9_CRYPI	Q13402	[[642, 660], [506, 518], [846, 858], [772, 788]]	[[559, 577], [430, 442], [718, 730], [659, 675]]	4
tr|A3FPW9|A3FPW9_CRYPI	Q8N1T3	[[508, 521], [742, 755]]	[[386, 399], [589, 602]]	2
tr|A3FPW9|A3FPW9_CRYPI	Q9NQX4	[[513, 542]]	[[435, 464]]	1
tr|A3FPW9|A3FPW9_CRYPI	O00160	[[524, 538]]	[[397, 411]]	1
tr|A3FPW9|A3FPW9_CRYPI	Q13459	[[772, 786]]	[[876, 890]]	1
tr|A3FPW9|A3FPW9_CRYPI	Q9HD67	[[777, 801]]	[[665, 689]]	1
tr|A3FPX0|A3FPX0_CRYPI	Q86SG2	[[203, 216]]	[[147, 160]]	1
tr|A3FPX0|A3FPX0_CRYPI	Q8N8V4	[[234, 244]]	[[66, 76]]	1
tr|A3FPX1|A3FPX1_CRYPI	P78406	[[112, 126], [194, 205]]	[[143, 157], [228, 239]]	2
tr|A3FPX1|A3FPX1_CRYPI	P61964	[[157, 167]]	[[279, 289]]	1
tr|A3FPX2|A3FPX2_CRYPI	Q09428	[[1232, 1242]]	[[1425, 1435]]	1
tr|A3FPX2|A3FPX2_CRYPI	Q12996	[[1262, 1273]]	[[120, 131]]	1
tr|A3FPX2|A3FPX2_CRYPI	O95342	[[1264, 1279], [196, 207], [535, 547]]	[[534, 549], [233, 244], [1224, 1236]]	3
tr|A3FPX2|A3FPX2_CRYPI	P21439	[[295, 306], [192, 206]]	[[307, 318], [204, 218]]	2
tr|A3FPX2|A3FPX2_CRYPI	Q9NP78	[[549, 561]]	[[662, 674]]	1
tr|A3FPX2|A3FPX2_CRYPI	Q9Y2V0	[[565, 576]]	[[41, 52]]	1
tr|A3FPX2|A3FPX2_CRYPI	Q03519	[[581, 592]]	[[654, 665]]	1
tr|A3FPX2|A3FPX2_CRYPI	Q92887	[[581, 593]]	[[1486, 1498]]	1
tr|A3FPX2|A3FPX2_CRYPI	P48651	[[783, 795]]	[[109, 121]]	1
tr|A3FPX4|A3FPX4_CRYPI	Q495C1	[[222, 233]]	[[68, 79]]	1
tr|A3FPX4|A3FPX4_CRYPI	O95259	[[543, 552]]	[[136, 145]]	1
tr|A3FPX6|A3FPX6_CRYPI	Q8NG66	[[187, 198]]	[[145, 156]]	1
tr|A3FPX6|A3FPX6_CRYPI	O14920	[[189, 200]]	[[134, 145]]	1
tr|A3FPX6|A3FPX6_CRYPI	Q6ZN16	[[189, 201]]	[[762, 774]]	1
tr|A3FPX6|A3FPX6_CRYPI	Q9Y6R4	[[190, 202]]	[[1453, 1465]]	1
tr|A3FPX6|A3FPX6_CRYPI	Q7Z6M4	[[225, 236]]	[[337, 348]]	1
tr|A3FPX6|A3FPX6_CRYPI	Q92794	[[227, 238]]	[[1069, 1080]]	1
tr|A3FPX6|A3FPX6_CRYPI	Q56UN5	[[364, 373]]	[[1246, 1255]]	1
tr|A3FPX6|A3FPX6_CRYPI	Q8TD19	[[363, 374]]	[[229, 240]]	1
tr|A3FPX6|A3FPX6_CRYPI	P53350	[[366, 376]]	[[232, 242]]	1
tr|A3FPX7|A3FPX7_CRYPI	Q13889	[[252, 274]]	[[254, 276]]	1
tr|A3FPX9|A3FPX9_CRYPI	Q9H172	[[254, 268], [136, 151]]	[[206, 220], [95, 110]]	2
tr|A3FPX9|A3FPX9_CRYPI	Q9UG63	[[264, 275]]	[[532, 543]]	1
tr|A3FPX9|A3FPX9_CRYPI	Q9UNQ0	[[265, 280]]	[[202, 217]]	1
tr|A3FPY0|A3FPY0_CRYPI	P07814	[[194, 228], [261, 297], [61, 73], [99, 113]]	[[362, 396], [429, 465], [229, 241], [267, 281]]	4
tr|A3FPY1|A3FPY1_CRYPI	P53621	[[100, 145], [254, 266], [44, 98], [155, 168], [312, 331], [5, 39], [626, 640], [212, 227]]	[[100, 145], [246, 258], [44, 98], [155, 168], [304, 323], [5, 39], [539, 553], [204, 219]]	8
tr|A3FPY1|A3FPY1_CRYPI	O75529	[[150, 163]]	[[525, 538]]	1
tr|A3FPY1|A3FPY1_CRYPI	Q9NVX2	[[229, 241]]	[[261, 273]]	1
tr|A3FPY1|A3FPY1_CRYPI	Q9NV06	[[280, 292]]	[[90, 102]]	1
tr|A3FPY2|A3FPY2_CRYPI	Q5JT25	[[123, 135]]	[[142, 154]]	1
tr|A3FPY2|A3FPY2_CRYPI	P61018	[[152, 164], [132, 142], [26, 38]]	[[148, 160], [128, 138], [22, 34]]	3
tr|A3FPY2|A3FPY2_CRYPI	P20338	[[40, 59]]	[[41, 60]]	1
tr|A3FPY2|A3FPY2_CRYPI	Q96DA2	[[57, 69]]	[[54, 66]]	1
tr|A3FPY2|A3FPY2_CRYPI	Q8WUD1	[[83, 95]]	[[77, 89]]	1
tr|A3FPY3|A3FPY3_CRYPI	Q8TF32	[[197, 208]]	[[16, 27]]	1
tr|A3FPY3|A3FPY3_CRYPI	Q14012	[[234, 247]]	[[131, 144]]	1
tr|A3FPY3|A3FPY3_CRYPI	Q96LW2	[[234, 246]]	[[219, 231]]	1
tr|A3FPY3|A3FPY3_CRYPI	Q6DT37	[[237, 249]]	[[188, 200]]	1
tr|A3FPY3|A3FPY3_CRYPI	Q86UX6	[[239, 251]]	[[211, 223]]	1
tr|A3FPY3|A3FPY3_CRYPI	Q09013	[[240, 252]]	[[191, 203]]	1
tr|A3FPY4|A3FPY4_CRYPI	Q9UHI6	[[177, 188]]	[[206, 217]]	1
tr|A3FPY4|A3FPY4_CRYPI	P26196	[[53, 83], [359, 382], [202, 217], [39, 50], [338, 349], [255, 266], [25, 38]]	[[116, 146], [423, 446], [266, 281], [102, 113], [402, 413], [319, 330], [88, 101]]	7
tr|A3FPY5|A3FPY5_CRYPI	P46781	[[66, 81], [36, 57]]	[[146, 161], [116, 137]]	2
tr|A3FPY6|A3FPY6_CRYPI	Q07617	[[116, 127]]	[[689, 700]]	1
tr|A3FPY6|A3FPY6_CRYPI	Q86TZ1	[[133, 144]]	[[431, 442]]	1
tr|A3FPY7|A3FPY7_CRYPI	Q8WUA2	[[268, 281], [0, 16], [225, 256], [158, 174], [24, 40]]	[[276, 289], [0, 16], [233, 264], [157, 173], [24, 40]]	5
tr|A3FPY7|A3FPY7_CRYPI	Q13427	[[118, 130], [18, 28]]	[[132, 144], [30, 40]]	2
tr|A3FPY7|A3FPY7_CRYPI	Q9H2H8	[[21, 32]]	[[21, 32]]	1
tr|A3FPY7|A3FPY7_CRYPI	Q13356	[[21, 33]]	[[300, 312]]	1
tr|A3FPY7|A3FPY7_CRYPI	Q4G0J3	[[274, 285]]	[[167, 178]]	1
tr|A3FPY9|A3FPY9_CRYPI	P33552	[[42, 57]]	[[36, 51]]	1
tr|A3FPY9|A3FPY9_CRYPI	P61024	[[48, 79]]	[[42, 73]]	1
tr|A3FPY9|A3FPY9_CRYPI	O95825	[[60, 69]]	[[106, 115]]	1
tr|A3FPZ0|A3FPZ0_CRYPI	Q13868	[[25, 36]]	[[155, 166]]	1
tr|A3FPZ2|A3FPZ2_CRYPI	P68400	[[144, 155]]	[[146, 157]]	1
tr|A3FPZ2|A3FPZ2_CRYPI	O75116	[[145, 157]]	[[205, 217]]	1
tr|A3FPZ2|A3FPZ2_CRYPI	Q8IU85	[[147, 159]]	[[137, 149]]	1
tr|A3FPZ2|A3FPZ2_CRYPI	Q00532	[[257, 273], [150, 162], [230, 244], [18, 30]]	[[203, 219], [122, 134], [176, 190], [9, 21]]	4
tr|A3FPZ2|A3FPZ2_CRYPI	Q9UQ07	[[151, 164]]	[[125, 138]]	1
tr|A3FPZ2|A3FPZ2_CRYPI	O76039	[[172, 182]]	[[148, 158]]	1
tr|A3FPZ2|A3FPZ2_CRYPI	Q9BZL6	[[173, 184]]	[[691, 702]]	1
tr|A3FPZ2|A3FPZ2_CRYPI	Q5MAI5	[[214, 228], [256, 268], [19, 30]]	[[159, 173], [201, 213], [10, 21]]	3
tr|A3FPZ2|A3FPZ2_CRYPI	P20794	[[212, 224]]	[[156, 168]]	1
tr|A3FPZ2|A3FPZ2_CRYPI	Q9UPZ9	[[236, 248]]	[[180, 192]]	1
tr|A3FPZ2|A3FPZ2_CRYPI	Q92772	[[251, 266]]	[[197, 212]]	1
tr|A3FPZ2|A3FPZ2_CRYPI	Q96PD2	[[488, 500]]	[[462, 474]]	1
tr|A3FPZ3|A3FPZ3_CRYPI	Q9Y3E5	[[64, 77], [0, 13]]	[[141, 154], [76, 89]]	2
tr|A3FPZ4|A3FPZ4_CRYPI	P78356	[[730, 741]]	[[275, 286]]	1
tr|A3FPZ5|A3FPZ5_CRYPI	Q6GMV3	[[22, 33]]	[[47, 58]]	1
tr|A3FPZ6|A3FPZ6_CRYPI	Q9NR22	[[51, 66], [124, 139]]	[[120, 135], [193, 208]]	2
tr|A3FPZ6|A3FPZ6_CRYPI	Q86X55	[[40, 51]]	[[182, 193]]	1
tr|A3FPZ6|A3FPZ6_CRYPI	O60678	[[41, 61]]	[[254, 274]]	1
tr|A3FPZ7|A3FPZ7_CRYPI	Q9Y3C8	[[98, 113], [64, 76]]	[[102, 117], [68, 80]]	2
tr|A3FPZ8|A3FPZ8_CRYPI	Q9Y6I7	[[208, 219]]	[[176, 187]]	1
tr|A3FPZ9|A3FPZ9_CRYPI	P55735	[[210, 225], [70, 88], [15, 34], [50, 65], [181, 193]]	[[209, 224], [70, 88], [15, 34], [50, 65], [183, 195]]	5
tr|A3FPZ9|A3FPZ9_CRYPI	Q96EE3	[[264, 280], [64, 77]]	[[280, 296], [64, 77]]	2
tr|A3FPZ9|A3FPZ9_CRYPI	Q8IZD9	[[394, 405]]	[[1860, 1871]]	1
tr|A3FPZ9|A3FPZ9_CRYPI	Q15911	[[445, 456]]	[[2048, 2059]]	1
tr|A3FPZ9|A3FPZ9_CRYPI	Q14004	[[529, 541]]	[[602, 614]]	1
tr|A3FPZ9|A3FPZ9_CRYPI	Q5VV67	[[531, 541]]	[[994, 1004]]	1
tr|A3FPZ9|A3FPZ9_CRYPI	O43516	[[535, 544]]	[[317, 326]]	1
tr|A3FPZ9|A3FPZ9_CRYPI	Q9UNW9	[[577, 587]]	[[339, 349]]	1
tr|A3FPZ9|A3FPZ9_CRYPI	Q9Y6W5	[[577, 589]]	[[387, 399]]	1
tr|A3FPZ9|A3FPZ9_CRYPI	O95466	[[581, 593]]	[[584, 596]]	1
tr|A3FPZ9|A3FPZ9_CRYPI	Q9Y467	[[582, 594]]	[[160, 172]]	1
tr|A3FPZ9|A3FPZ9_CRYPI	O00628	[[71, 80]]	[[255, 264]]	1
tr|A3FQ00|A3FQ00_CRYPI	P15428	[[162, 173]]	[[83, 94]]	1
tr|A3FQ00|A3FQ00_CRYPI	Q6B0I6	[[180, 191]]	[[24, 35]]	1
tr|A3FQ00|A3FQ00_CRYPI	Q9BY49	[[84, 97]]	[[19, 32]]	1
tr|A3FQ01|A3FQ01_CRYPI	P07197	[[149, 160]]	[[561, 572]]	1
tr|A3FQ01|A3FQ01_CRYPI	Q6ZU64	[[149, 161]]	[[1775, 1787]]	1
tr|A3FQ01|A3FQ01_CRYPI	P54257	[[150, 162]]	[[275, 287]]	1
tr|A3FQ02|A3FQ02_CRYPI	Q92600	[[233, 256], [329, 342], [287, 306], [204, 229], [161, 181], [266, 278]]	[[127, 150], [223, 236], [181, 200], [98, 123], [55, 75], [160, 172]]	6
tr|A3FQ03|A3FQ03_CRYPI	Q9Y2V3	[[172, 183]]	[[293, 304]]	1
tr|A3FQ03|A3FQ03_CRYPI	O95486	[[593, 606], [264, 281], [196, 210], [315, 330]]	[[814, 827], [494, 511], [428, 442], [543, 558]]	4
tr|A3FQ03|A3FQ03_CRYPI	O95487	[[319, 330], [258, 271]]	[[721, 732], [662, 675]]	2
tr|A3FQ03|A3FQ03_CRYPI	O75521	[[607, 617]]	[[108, 118]]	1
tr|A3FQ05|A3FQ05_CRYPI	Q96S44	[[12, 25], [112, 121], [148, 159]]	[[57, 70], [158, 167], [193, 204]]	3
tr|A3FQ06|A3FQ06_CRYPI	Q92608	[[31, 40]]	[[267, 276]]	1
tr|A3FQ07|A3FQ07_CRYPI	Q9Y587	[[0, 13], [98, 117]]	[[0, 13], [97, 116]]	2
tr|A3FQ07|A3FQ07_CRYPI	P53680	[[50, 62]]	[[50, 62]]	1
tr|A3FQ08|A3FQ08_CRYPI	Q96MV8	[[79, 90]]	[[163, 174]]	1
tr|A3FQ10|A3FQ10_CRYPI	P57078	[[149, 160]]	[[93, 104]]	1
tr|A3FQ10|A3FQ10_CRYPI	Q9UL54	[[196, 208]]	[[138, 150]]	1
tr|A3FQ10|A3FQ10_CRYPI	Q8IVW4	[[198, 209]]	[[114, 125]]	1
tr|A3FQ10|A3FQ10_CRYPI	Q13233	[[198, 210]]	[[1358, 1370]]	1
tr|A3FQ10|A3FQ10_CRYPI	O14936	[[200, 211]]	[[132, 143]]	1
tr|A3FQ10|A3FQ10_CRYPI	O43283	[[221, 232]]	[[291, 302]]	1
tr|A3FQ10|A3FQ10_CRYPI	Q86SG6	[[222, 232]]	[[142, 152]]	1
tr|A3FQ10|A3FQ10_CRYPI	Q02750	[[254, 266]]	[[228, 240]]	1
tr|A3FQ10|A3FQ10_CRYPI	Q8TDX7	[[265, 276]]	[[212, 223]]	1
tr|A3FQ10|A3FQ10_CRYPI	Q9NRP7	[[279, 289]]	[[190, 200]]	1
tr|A3FQ11|A3FQ11_CRYPI	O60673	[[122, 132]]	[[2107, 2117]]	1
tr|A3FQ11|A3FQ11_CRYPI	Q9Y463	[[205, 217]]	[[179, 191]]	1
tr|A3FQ11|A3FQ11_CRYPI	Q9P2K8	[[251, 263]]	[[838, 850]]	1
tr|A3FQ11|A3FQ11_CRYPI	Q86Z02	[[255, 267]]	[[309, 321]]	1
tr|A3FQ11|A3FQ11_CRYPI	O75962	[[258, 270]]	[[2912, 2924]]	1
tr|A3FQ11|A3FQ11_CRYPI	O43781	[[297, 309]]	[[371, 383]]	1
tr|A3FQ11|A3FQ11_CRYPI	P24941	[[300, 310]]	[[167, 177]]	1
tr|A3FQ11|A3FQ11_CRYPI	Q6P3R8	[[317, 328]]	[[185, 196]]	1
tr|A3FQ11|A3FQ11_CRYPI	P50053	[[373, 384]]	[[129, 140]]	1
tr|A3FQ11|A3FQ11_CRYPI	Q9UBE8	[[434, 446]]	[[410, 422]]	1
tr|A3FQ12|A3FQ12_CRYPI	Q8WUY3	[[107, 118]]	[[856, 867]]	1
tr|A3FQ12|A3FQ12_CRYPI	Q99714	[[190, 202]]	[[187, 199]]	1
tr|A3FQ13|A3FQ13_CRYPI	Q6UXX9	[[12, 21]]	[[216, 225]]	1
tr|A3FQ13|A3FQ13_CRYPI	P43235	[[238, 251]]	[[292, 305]]	1
tr|A3FQ14|A3FQ14_CRYPI	Q9NQT5	[[29, 42]]	[[143, 156]]	1
tr|A3FQ15|A3FQ15_CRYPI	Q96CD2	[[125, 144], [5, 16]]	[[135, 154], [19, 30]]	2
tr|A3FQ16|A3FQ16_CRYPI	P15735	[[194, 206]]	[[149, 161]]	1
tr|A3FQ16|A3FQ16_CRYPI	Q9UEE5	[[213, 223]]	[[201, 211]]	1
tr|A3FQ16|A3FQ16_CRYPI	Q86UP2	[[229, 238]]	[[373, 382]]	1
tr|A3FQ16|A3FQ16_CRYPI	Q8NCB2	[[263, 275]]	[[209, 221]]	1
tr|A3FQ16|A3FQ16_CRYPI	Q15398	[[300, 310]]	[[458, 468]]	1
tr|A3FQ16|A3FQ16_CRYPI	Q9H1R3	[[319, 331]]	[[527, 539]]	1
tr|A3FQ16|A3FQ16_CRYPI	Q15746	[[323, 334]]	[[1710, 1721]]	1
tr|A3FQ16|A3FQ16_CRYPI	P84074	[[387, 398]]	[[151, 162]]	1
tr|A3FQ16|A3FQ16_CRYPI	P42566	[[392, 404]]	[[172, 184]]	1
tr|A3FQ16|A3FQ16_CRYPI	Q8WXG8	[[514, 530]]	[[62, 78]]	1
tr|A3FQ16|A3FQ16_CRYPI	Q04759	[[80, 90]]	[[384, 394]]	1
tr|A3FQ16|A3FQ16_CRYPI	Q9NR20	[[82, 93]]	[[110, 121]]	1
tr|A3FQ16|A3FQ16_CRYPI	Q9HBH9	[[96, 107]]	[[104, 115]]	1
tr|A3FQ18|A3FQ18_CRYPI	O15067	[[853, 865]]	[[796, 808]]	1
tr|A3FQ19|A3FQ19_CRYPI	P58743	[[1030, 1040]]	[[124, 134]]	1
tr|A3FQ19|A3FQ19_CRYPI	Q9NPH2	[[1979, 1991]]	[[450, 462]]	1
tr|A3FQ19|A3FQ19_CRYPI	Q9UDT6	[[2346, 2357]]	[[194, 205]]	1
tr|A3FQ19|A3FQ19_CRYPI	Q9BXN1	[[3011, 3037], [2935, 2947]]	[[35, 49], [32, 44]]	2
tr|A3FQ19|A3FQ19_CRYPI	P23327	[[2940, 2952]]	[[250, 262]]	1
tr|A3FQ19|A3FQ19_CRYPI	Q15029	[[3008, 3020]]	[[31, 43]]	1
tr|A3FQ19|A3FQ19_CRYPI	Q6PL18	[[3010, 3022]]	[[260, 272]]	1
tr|A3FQ19|A3FQ19_CRYPI	Q969K3	[[3027, 3040]]	[[222, 235]]	1
tr|A3FQ19|A3FQ19_CRYPI	Q86V15	[[3031, 3044]]	[[1695, 1708]]	1
tr|A3FQ19|A3FQ19_CRYPI	Q9BQ16	[[3035, 3046]]	[[417, 428]]	1
tr|A3FQ19|A3FQ19_CRYPI	Q9HBL0	[[3350, 3362]]	[[1014, 1026]]	1
tr|A3FQ19|A3FQ19_CRYPI	Q12929	[[3638, 3649]]	[[544, 555]]	1
tr|A3FQ20|A3FQ20_CRYPI	P41208	[[124, 165], [72, 96]]	[[100, 141], [47, 71]]	2
tr|A3FQ20|A3FQ20_CRYPI	O15182	[[51, 66], [175, 190]]	[[23, 38], [148, 163]]	2
tr|A3FQ20|A3FQ20_CRYPI	Q12798	[[181, 193]]	[[157, 169]]	1
tr|A3FQ20|A3FQ20_CRYPI	P0C626	[[7, 17]]	[[260, 270]]	1
tr|A3FQ21|A3FQ21_CRYPI	P22460	[[102, 110]]	[[234, 242]]	1
tr|A3FQ21|A3FQ21_CRYPI	P24941	[[49, 64], [137, 155]]	[[25, 40], [109, 127]]	2
tr|A3FQ21|A3FQ21_CRYPI	P06493	[[144, 156]]	[[117, 129]]	1
tr|A3FQ21|A3FQ21_CRYPI	O94921	[[150, 167]]	[[251, 268]]	1
tr|A3FQ21|A3FQ21_CRYPI	P45983	[[168, 180], [212, 224]]	[[163, 175], [205, 217]]	2
tr|A3FQ21|A3FQ21_CRYPI	Q8IZL9	[[169, 183]]	[[140, 154]]	1
tr|A3FQ21|A3FQ21_CRYPI	Q00526	[[231, 242], [75, 97], [252, 266], [189, 201]]	[[202, 213], [47, 69], [223, 237], [160, 172]]	4
tr|A3FQ21|A3FQ21_CRYPI	P49336	[[77, 90], [196, 209]]	[[64, 77], [198, 211]]	2
tr|A3FQ21|A3FQ21_CRYPI	P53778	[[215, 229]]	[[209, 223]]	1
tr|A3FQ21|A3FQ21_CRYPI	Q9UQ88	[[228, 239]]	[[622, 633]]	1
tr|A3FQ21|A3FQ21_CRYPI	Q8WZ42	[[310, 318]]	[[32424, 32432]]	1
tr|A3FQ21|A3FQ21_CRYPI	Q15131	[[33, 42]]	[[44, 53]]	1
tr|A3FQ21|A3FQ21_CRYPI	Q14004	[[47, 59]]	[[724, 736]]	1
tr|A3FQ21|A3FQ21_CRYPI	Q5TC82	[[66, 77]]	[[465, 476]]	1
tr|A3FQ21|A3FQ21_CRYPI	P51955	[[81, 92]]	[[57, 68]]	1
tr|A3FQ21|A3FQ21_CRYPI	Q9BWU1	[[82, 94]]	[[69, 81]]	1
tr|A3FQ23|A3FQ23_CRYPI	P48730	[[171, 193], [138, 158]]	[[171, 193], [138, 158]]	2
tr|A3FQ23|A3FQ23_CRYPI	P48729	[[27, 41], [42, 59]]	[[35, 49], [50, 67]]	2
tr|A3FQ23|A3FQ23_CRYPI	Q8N752	[[81, 93]]	[[89, 101]]	1
tr|A3FQ25|A3FQ25_CRYPI	P06401	[[100, 111]]	[[607, 618]]	1
tr|A3FQ25|A3FQ25_CRYPI	Q8NCR0	[[142, 150]]	[[294, 302]]	1
tr|A3FQ25|A3FQ25_CRYPI	Q16581	[[14, 26]]	[[26, 38]]	1
tr|A3FQ26|A3FQ26_CRYPI	Q9UG56	[[269, 289], [147, 163]]	[[370, 390], [255, 271]]	2
tr|A3FQ27|A3FQ27_CRYPI	P61088	[[95, 114], [71, 92]]	[[96, 115], [72, 93]]	2
tr|A3FQ29|A3FQ29_CRYPI	O95782	[[509, 519]]	[[684, 694]]	1
tr|A3FQ30|A3FQ30_CRYPI	Q8TDD1	[[124, 136], [37, 56], [22, 33], [155, 169], [76, 91]]	[[215, 227], [129, 148], [114, 125], [246, 260], [167, 182]]	5
tr|A3FQ30|A3FQ30_CRYPI	Q8N8A6	[[126, 136]]	[[340, 350]]	1
tr|A3FQ30|A3FQ30_CRYPI	Q9BQ39	[[248, 257]]	[[390, 399]]	1
tr|A3FQ30|A3FQ30_CRYPI	Q9Y6V7	[[47, 59]]	[[45, 57]]	1
tr|A3FQ30|A3FQ30_CRYPI	P25686	[[832, 844]]	[[37, 49]]	1
tr|A3FQ31|A3FQ31_CRYPI	Q3SXM5	[[106, 124]]	[[143, 161]]	1
tr|A3FQ31|A3FQ31_CRYPI	Q53GQ0	[[107, 119]]	[[126, 138]]	1
tr|A3FQ31|A3FQ31_CRYPI	Q9Y222	[[201, 212]]	[[557, 568]]	1
tr|A3FQ34|A3FQ34_CRYPI	Q9BW19	[[519, 535], [285, 297], [399, 416], [197, 213]]	[[648, 664], [408, 420], [531, 548], [303, 319]]	4
tr|A3FQ34|A3FQ34_CRYPI	Q9P2P6	[[277, 291]]	[[93, 107]]	1
tr|A3FQ34|A3FQ34_CRYPI	Q6ZMV9	[[283, 295]]	[[93, 105]]	1
tr|A3FQ34|A3FQ34_CRYPI	Q9H1H9	[[444, 456]]	[[256, 268]]	1
tr|A3FQ34|A3FQ34_CRYPI	Q9BVG8	[[482, 492], [458, 474]]	[[716, 726], [692, 708]]	2
tr|A3FQ34|A3FQ34_CRYPI	Q5T7B8	[[484, 496]]	[[496, 508]]	1
tr|A3FQ34|A3FQ34_CRYPI	Q96L93	[[494, 504]]	[[318, 328]]	1
tr|A3FQ34|A3FQ34_CRYPI	Q9NQT8	[[494, 507]]	[[313, 326]]	1
tr|A3FQ35|A3FQ35_CRYPI	Q5T215	[[158, 167]]	[[132, 141]]	1
tr|A3FQ37|A3FQ37_CRYPI	P36897	[[332, 342]]	[[223, 233]]	1
tr|A3FQ37|A3FQ37_CRYPI	Q9P0L2	[[386, 398]]	[[108, 120]]	1
tr|A3FQ37|A3FQ37_CRYPI	Q15569	[[391, 402]]	[[106, 117]]	1
tr|A3FQ37|A3FQ37_CRYPI	Q9UHY1	[[465, 476]]	[[189, 200]]	1
tr|A3FQ37|A3FQ37_CRYPI	Q9H4A3	[[465, 480]]	[[336, 351]]	1
tr|A3FQ37|A3FQ37_CRYPI	Q8TD19	[[475, 486]]	[[173, 184]]	1
tr|A3FQ37|A3FQ37_CRYPI	Q9NYL2	[[522, 533]]	[[165, 176]]	1
tr|A3FQ37|A3FQ37_CRYPI	P80192	[[524, 534]]	[[310, 320]]	1
tr|A3FQ37|A3FQ37_CRYPI	Q5TCX8	[[525, 537]]	[[306, 318]]	1
tr|A3FQ37|A3FQ37_CRYPI	Q5S007	[[538, 550]]	[[2048, 2060]]	1
tr|A3FQ37|A3FQ37_CRYPI	A4D1F6	[[589, 600]]	[[451, 462]]	1
tr|A3FQ38|A3FQ38_CRYPI	P28482	[[293, 308], [159, 171], [123, 138]]	[[287, 302], [160, 172], [124, 139]]	3
tr|A3FQ38|A3FQ38_CRYPI	Q9UBE8	[[95, 111], [127, 140], [209, 221]]	[[211, 227], [243, 256], [322, 334]]	3
tr|A3FQ38|A3FQ38_CRYPI	Q13233	[[130, 140]]	[[1351, 1361]]	1
tr|A3FQ38|A3FQ38_CRYPI	P53667	[[135, 148]]	[[447, 460]]	1
tr|A3FQ38|A3FQ38_CRYPI	Q16816	[[138, 150]]	[[140, 152]]	1
tr|A3FQ38|A3FQ38_CRYPI	Q00535	[[211, 221]]	[[185, 195]]	1
tr|A3FQ38|A3FQ38_CRYPI	P53778	[[226, 238]]	[[224, 236]]	1
tr|A3FQ38|A3FQ38_CRYPI	P27361	[[298, 313]]	[[309, 324]]	1
tr|A3FQ38|A3FQ38_CRYPI	Q16659	[[306, 318]]	[[303, 315]]	1
tr|A3FQ38|A3FQ38_CRYPI	Q8TD08	[[48, 60]]	[[38, 50]]	1
tr|A3FQ38|A3FQ38_CRYPI	Q92772	[[68, 80]]	[[49, 61]]	1
tr|A3FQ39|A3FQ39_CRYPI	P17252	[[110, 122]]	[[364, 376]]	1
tr|A3FQ39|A3FQ39_CRYPI	P17612	[[185, 200], [87, 106]]	[[144, 159], [46, 65]]	2
tr|A3FQ39|A3FQ39_CRYPI	Q9HBY8	[[202, 214]]	[[153, 165]]	1
tr|A3FQ39|A3FQ39_CRYPI	P51812	[[203, 215]]	[[188, 200]]	1
tr|A3FQ39|A3FQ39_CRYPI	Q13546	[[207, 219]]	[[137, 149]]	1
tr|A3FQ39|A3FQ39_CRYPI	P51817	[[208, 220], [286, 297]]	[[172, 184], [250, 261]]	2
tr|A3FQ39|A3FQ39_CRYPI	P22612	[[269, 281]]	[[228, 240]]	1
tr|A3FQ39|A3FQ39_CRYPI	P22694	[[319, 339]]	[[278, 298]]	1
tr|A3FQ40|A3FQ40_CRYPI	Q9H1H9	[[159, 167]]	[[147, 155]]	1
tr|A3FQ40|A3FQ40_CRYPI	Q02224	[[159, 172], [359, 375]]	[[129, 142], [280, 296]]	2
tr|A3FQ40|A3FQ40_CRYPI	Q2TAC6	[[315, 337], [299, 314], [163, 176], [383, 405]]	[[265, 287], [249, 264], [152, 165], [318, 340]]	4
tr|A3FQ40|A3FQ40_CRYPI	Q96L93	[[229, 240]]	[[216, 227]]	1
tr|A3FQ40|A3FQ40_CRYPI	Q5T7B8	[[295, 307]]	[[446, 458]]	1
tr|A3FQ40|A3FQ40_CRYPI	Q86Y91	[[298, 310]]	[[252, 264]]	1
tr|A3FQ40|A3FQ40_CRYPI	Q9P2E2	[[358, 368]]	[[283, 293]]	1
tr|A3FQ40|A3FQ40_CRYPI	Q02241	[[361, 373]]	[[387, 399]]	1
tr|A3FQ40|A3FQ40_CRYPI	Q86VH2	[[394, 406]]	[[324, 336]]	1
tr|A3FQ40|A3FQ40_CRYPI	O75037	[[396, 408]]	[[355, 367]]	1
tr|A3FQ40|A3FQ40_CRYPI	Q8NI77	[[399, 412]]	[[343, 356]]	1
tr|A3FQ40|A3FQ40_CRYPI	Q9Y496	[[403, 412]]	[[337, 346]]	1
tr|A3FQ40|A3FQ40_CRYPI	O60902	[[439, 449]]	[[10, 20]]	1
tr|A3FQ41|A3FQ41_CRYPI	Q5T1B0	[[137, 146]]	[[16, 25]]	1
tr|A3FQ41|A3FQ41_CRYPI	Q05193	[[211, 219]]	[[450, 458]]	1
tr|A3FQ43|A3FQ43_CRYPI	Q92539	[[16, 33]]	[[23, 40]]	1
tr|A3FQ43|A3FQ43_CRYPI	Q14693	[[17, 31]]	[[24, 38]]	1
tr|A3FQ45|A3FQ45_CRYPI	Q9Y2U9	[[12, 24]]	[[211, 223]]	1
tr|A3FQ45|A3FQ45_CRYPI	Q9UL63	[[31, 43]]	[[285, 297]]	1
tr|A3FQ45|A3FQ45_CRYPI	Q8WVZ9	[[387, 397]]	[[94, 104]]	1
tr|A3FQ46|A3FQ46_CRYPI	Q9BUQ8	[[136, 146], [116, 134], [447, 462], [396, 407], [186, 200], [484, 497]]	[[385, 395], [365, 383], [715, 730], [664, 675], [435, 449], [752, 765]]	6
tr|A3FQ46|A3FQ46_CRYPI	Q7L014	[[160, 171]]	[[390, 401]]	1
tr|A3FQ46|A3FQ46_CRYPI	Q9NXZ2	[[268, 285]]	[[361, 378]]	1
tr|A3FQ46|A3FQ46_CRYPI	O00311	[[431, 443]]	[[151, 163]]	1
tr|A3FQ46|A3FQ46_CRYPI	Q9Y2R4	[[464, 476]]	[[480, 492]]	1
tr|A3FQ46|A3FQ46_CRYPI	Q86TM3	[[469, 480]]	[[540, 551]]	1
tr|A3FQ46|A3FQ46_CRYPI	Q86XP3	[[476, 488]]	[[578, 590]]	1
tr|A3FQ47|A3FQ47_CRYPI	P98161	[[253, 262]]	[[1008, 1017]]	1
tr|A3FQ47|A3FQ47_CRYPI	P35670	[[5, 16]]	[[491, 502]]	1
tr|A3FQ47|A3FQ47_CRYPI	Q99767	[[554, 562]]	[[558, 566]]	1
tr|A3FQ47|A3FQ47_CRYPI	Q68DQ2	[[556, 566]]	[[736, 746]]	1
tr|A3FQ47|A3FQ47_CRYPI	Q04656	[[837, 849], [6, 16]]	[[1040, 1052], [492, 502]]	2
tr|A3FQ48|A3FQ48_CRYPI	P41252	[[588, 624], [541, 557], [56, 76], [82, 102], [446, 482], [198, 214], [124, 152], [722, 738], [741, 753], [401, 427], [626, 675], [156, 176]]	[[575, 611], [528, 544], [54, 74], [80, 100], [439, 475], [196, 212], [122, 150], [708, 724], [727, 739], [394, 420], [613, 662], [154, 174]]	12
tr|A3FQ48|A3FQ48_CRYPI	Q9NSE4	[[166, 178]]	[[228, 240]]	1
tr|A3FQ48|A3FQ48_CRYPI	Q5ST30	[[230, 242]]	[[340, 352]]	1
tr|A3FQ48|A3FQ48_CRYPI	Q07954	[[236, 248]]	[[2011, 2023]]	1
tr|A3FQ49|A3FQ49_CRYPI	Q86TM3	[[145, 157]]	[[342, 354]]	1
tr|A3FQ49|A3FQ49_CRYPI	Q9NVP1	[[188, 207], [334, 356], [70, 84], [240, 252]]	[[341, 360], [488, 510], [223, 237], [394, 406]]	4
tr|A3FQ49|A3FQ49_CRYPI	P42081	[[292, 303]]	[[151, 162]]	1
tr|A3FQ50|A3FQ50_CRYPI	Q92565	[[185, 196]]	[[307, 318]]	1
tr|A3FQ50|A3FQ50_CRYPI	Q9UHV7	[[640, 651]]	[[18, 29]]	1
tr|A3FQ51|A3FQ51_CRYPI	Q92541	[[349, 364], [101, 119], [139, 154]]	[[162, 177], [159, 177], [162, 177]]	3
tr|A3FQ51|A3FQ51_CRYPI	Q14978	[[180, 192], [108, 121], [143, 156], [353, 366], [44, 55]]	[[428, 440], [168, 181], [168, 181], [168, 181], [429, 440]]	5
tr|A3FQ51|A3FQ51_CRYPI	Q0JRZ9	[[145, 157], [110, 122]]	[[342, 354], [342, 354]]	2
tr|A3FQ51|A3FQ51_CRYPI	Q2TBE0	[[246, 257], [317, 328], [211, 222], [280, 291], [74, 85]]	[[107, 118], [107, 118], [107, 118], [107, 118], [107, 118]]	5
tr|A3FQ51|A3FQ51_CRYPI	Q8IYB3	[[320, 331], [214, 225], [391, 401], [249, 260], [283, 294], [42, 54], [77, 88]]	[[497, 508], [497, 508], [498, 508], [497, 508], [497, 508], [496, 508], [497, 508]]	7
tr|A3FQ51|A3FQ51_CRYPI	Q9UMN6	[[675, 686]]	[[24, 35]]	1
tr|A3FQ51|A3FQ51_CRYPI	Q9UKZ1	[[678, 687]]	[[35, 44]]	1
tr|A3FQ52|A3FQ52_CRYPI	Q92889	[[362, 370]]	[[146, 154]]	1
tr|A3FQ52|A3FQ52_CRYPI	Q16816	[[587, 598]]	[[141, 152]]	1
tr|A3FQ52|A3FQ52_CRYPI	O75676	[[587, 599]]	[[152, 164]]	1
tr|A3FQ52|A3FQ52_CRYPI	Q9H4B4	[[590, 604]]	[[179, 193]]	1
tr|A3FQ52|A3FQ52_CRYPI	P04629	[[654, 662]]	[[706, 714]]	1
tr|A3FQ52|A3FQ52_CRYPI	P30530	[[655, 665]]	[[729, 739]]	1
tr|A3FQ53|A3FQ53_CRYPI	Q6IN84	[[110, 120]]	[[255, 265]]	1
tr|A3FQ53|A3FQ53_CRYPI	A6NKB5	[[60, 70]]	[[255, 265]]	1
tr|A3FQ54|A3FQ54_CRYPI	P15924	[[1235, 1246]]	[[1695, 1706]]	1
tr|A3FQ54|A3FQ54_CRYPI	Q96NA2	[[1293, 1305]]	[[90, 102]]	1
tr|A3FQ54|A3FQ54_CRYPI	Q02224	[[1381, 1393]]	[[2554, 2566]]	1
tr|A3FQ54|A3FQ54_CRYPI	Q96L91	[[1467, 1478]]	[[2580, 2591]]	1
tr|A3FQ54|A3FQ54_CRYPI	Q12830	[[1469, 1478]]	[[2403, 2412]]	1
tr|A3FQ54|A3FQ54_CRYPI	Q9HCJ5	[[1564, 1576]]	[[151, 163]]	1
tr|A3FQ54|A3FQ54_CRYPI	Q9UBS0	[[1676, 1685]]	[[447, 456]]	1
tr|A3FQ54|A3FQ54_CRYPI	O95450	[[1676, 1686]]	[[24, 34]]	1
tr|A3FQ54|A3FQ54_CRYPI	Q13435	[[1676, 1688]]	[[99, 111]]	1
tr|A3FQ54|A3FQ54_CRYPI	Q8N144	[[1678, 1689]]	[[236, 247]]	1
tr|A3FQ54|A3FQ54_CRYPI	Q96T25	[[1679, 1691]]	[[384, 396]]	1
tr|A3FQ54|A3FQ54_CRYPI	Q16637	[[1683, 1694]]	[[216, 227]]	1
tr|A3FQ54|A3FQ54_CRYPI	Q7Z6E9	[[1689, 1697]]	[[565, 573]]	1
tr|A3FQ54|A3FQ54_CRYPI	O14867	[[256, 266]]	[[582, 592]]	1
tr|A3FQ54|A3FQ54_CRYPI	O14777	[[574, 584]]	[[366, 376]]	1
tr|A3FQ54|A3FQ54_CRYPI	Q9Y272	[[818, 828]]	[[110, 120]]	1
tr|A3FQ55|A3FQ55_CRYPI	Q96FJ2	[[0, 25], [29, 89]]	[[0, 25], [29, 89]]	2
tr|A3FQ55|A3FQ55_CRYPI	P63167	[[4, 19]]	[[4, 19]]	1
tr|A3FQ56|A3FQ56_CRYPI	P27482	[[95, 109], [112, 127]]	[[95, 109], [112, 127]]	2
tr|A3FQ56|A3FQ56_CRYPI	Q86V35	[[88, 102]]	[[40, 54]]	1
tr|A3FQ57|A3FQ57_CRYPI	Q10567	[[228, 240]]	[[12, 24]]	1
tr|A3FQ57|A3FQ57_CRYPI	Q96GF1	[[587, 599]]	[[46, 58]]	1
tr|A3FQ57|A3FQ57_CRYPI	Q96EQ8	[[593, 604]]	[[50, 61]]	1
tr|A3FQ57|A3FQ57_CRYPI	O60683	[[594, 604]]	[[287, 297]]	1
tr|A3FQ58|A3FQ58_CRYPI	O15075	[[209, 221]]	[[504, 516]]	1
tr|A3FQ58|A3FQ58_CRYPI	P51955	[[285, 297]]	[[194, 206]]	1
tr|A3FQ59|A3FQ59_CRYPI	Q86XP3	[[199, 211], [125, 136]]	[[284, 296], [211, 222]]	2
tr|A3FQ59|A3FQ59_CRYPI	P17844	[[187, 205]]	[[113, 131]]	1
tr|A3FQ59|A3FQ59_CRYPI	Q92841	[[436, 453], [454, 469], [238, 253]]	[[437, 454], [455, 470], [241, 256]]	3
tr|A3FQ59|A3FQ59_CRYPI	Q14240	[[245, 257]]	[[105, 117]]	1
tr|A3FQ59|A3FQ59_CRYPI	Q9BUQ8	[[497, 510]]	[[744, 757]]	1
tr|A3FQ59|A3FQ59_CRYPI	Q9NXZ2	[[503, 517]]	[[573, 587]]	1
tr|A3FQ60|A3FQ60_CRYPI	Q6Q0C1	[[145, 157]]	[[233, 245]]	1
tr|A3FQ60|A3FQ60_CRYPI	O75746	[[147, 159]]	[[536, 548]]	1
tr|A3FQ60|A3FQ60_CRYPI	Q70HW3	[[35, 47]]	[[24, 36]]	1
tr|A3FQ61|A3FQ61_CRYPI	Q6P9G0	[[165, 177]]	[[34, 46]]	1
tr|A3FQ63|A3FQ63_CRYPI	Q8TAU3	[[101, 112]]	[[462, 473]]	1
tr|A3FQ63|A3FQ63_CRYPI	Q0VGE8	[[26, 34], [24, 34]]	[[407, 415], [517, 527]]	2
tr|A3FQ63|A3FQ63_CRYPI	Q8TAW3	[[243, 253]]	[[373, 383]]	1
tr|A3FQ63|A3FQ63_CRYPI	Q8N8C0	[[258, 270]]	[[23, 35]]	1
tr|A3FQ63|A3FQ63_CRYPI	Q8TC21	[[265, 275]]	[[332, 342]]	1
tr|A3FQ63|A3FQ63_CRYPI	O15156	[[266, 275]]	[[428, 437]]	1
tr|A3FQ63|A3FQ63_CRYPI	Q96N77	[[28, 40]]	[[276, 288]]	1
tr|A3FQ63|A3FQ63_CRYPI	Q3SY56	[[30, 42]]	[[300, 312]]	1
tr|A3FQ63|A3FQ63_CRYPI	Q9UL36	[[36, 46]]	[[530, 540]]	1
tr|A3FQ63|A3FQ63_CRYPI	Q9NYW8	[[36, 48]]	[[393, 405]]	1
tr|A3FQ63|A3FQ63_CRYPI	Q92670	[[37, 49]]	[[369, 381]]	1
tr|A3FQ63|A3FQ63_CRYPI	Q76KX8	[[38, 50]]	[[613, 625]]	1
tr|A3FQ63|A3FQ63_CRYPI	O60765	[[39, 53]]	[[237, 251]]	1
tr|A3FQ63|A3FQ63_CRYPI	O43309	[[43, 55]]	[[329, 341]]	1
tr|A3FQ63|A3FQ63_CRYPI	Q15928	[[44, 56]]	[[367, 379]]	1
tr|A3FQ63|A3FQ63_CRYPI	P17020	[[45, 56]]	[[518, 529]]	1
tr|A3FQ63|A3FQ63_CRYPI	Q9NYT6	[[47, 59]]	[[646, 658]]	1
tr|A3FQ63|A3FQ63_CRYPI	A0A0U1RQI7	[[48, 59]]	[[1028, 1039]]	1
tr|A3FQ63|A3FQ63_CRYPI	O95365	[[50, 62]]	[[472, 484]]	1
tr|A3FQ63|A3FQ63_CRYPI	Q6DJT9	[[52, 63]]	[[221, 232]]	1
tr|A3FQ63|A3FQ63_CRYPI	A4UGR9	[[85, 96]]	[[3040, 3051]]	1
tr|A3FQ63|A3FQ63_CRYPI	Q9UJU3	[[101, 109]]	[[719, 727]]	1
tr|A3FQ64|A3FQ64_CRYPI	P06576	[[468, 485], [183, 195], [227, 241], [293, 312], [342, 378]]	[[451, 468], [183, 195], [227, 241], [276, 295], [325, 361]]	5
tr|A3FQ65|A3FQ65_CRYPI	Q9UBT2	[[167, 186]]	[[157, 176]]	1
tr|A3FQ65|A3FQ65_CRYPI	P22314	[[351, 362]]	[[858, 869]]	1
tr|A3FQ65|A3FQ65_CRYPI	Q8TBC4	[[49, 63]]	[[97, 111]]	1
tr|A3FQ66|A3FQ66_CRYPI	Q13557	[[258, 268]]	[[116, 126]]	1
tr|A3FQ66|A3FQ66_CRYPI	Q13555	[[258, 270]]	[[116, 128]]	1
tr|A3FQ66|A3FQ66_CRYPI	Q13163	[[271, 281]]	[[276, 286]]	1
tr|A3FQ66|A3FQ66_CRYPI	Q9UPZ9	[[448, 457]]	[[263, 272]]	1
tr|A3FQ67|A3FQ67_CRYPI	Q7Z6V5	[[113, 129], [89, 100]]	[[123, 139], [99, 110]]	2
tr|A3FQ68|A3FQ68_CRYPI	Q9H2H8	[[151, 163], [40, 52], [26, 37]]	[[148, 160], [40, 52], [26, 37]]	3
tr|A3FQ68|A3FQ68_CRYPI	Q8IXY8	[[16, 28]]	[[162, 174]]	1
tr|A3FQ68|A3FQ68_CRYPI	P30414	[[20, 31], [57, 74]]	[[31, 42], [80, 97]]	2
tr|A3FQ68|A3FQ68_CRYPI	Q9Y3C6	[[50, 62]]	[[61, 73]]	1
tr|A3FQ68|A3FQ68_CRYPI	Q13356	[[52, 64]]	[[331, 343]]	1
tr|A3FQ68|A3FQ68_CRYPI	Q8WUA2	[[53, 65]]	[[53, 65]]	1
tr|A3FQ68|A3FQ68_CRYPI	Q6UX04	[[55, 67]]	[[67, 79]]	1
tr|A3FQ69|A3FQ69_CRYPI	Q99615	[[0, 12]]	[[380, 392]]	1
tr|A3FQ69|A3FQ69_CRYPI	P25685	[[11, 22]]	[[14, 25]]	1
tr|A3FQ69|A3FQ69_CRYPI	Q9UDY4	[[47, 60], [192, 203], [11, 23]]	[[44, 57], [202, 213], [14, 26]]	3
tr|A3FQ69|A3FQ69_CRYPI	Q8WW22	[[17, 32]]	[[22, 37]]	1
tr|A3FQ69|A3FQ69_CRYPI	O75953	[[193, 205]]	[[214, 226]]	1
tr|A3FQ69|A3FQ69_CRYPI	P31689	[[23, 35]]	[[28, 40]]	1
tr|A3FQ69|A3FQ69_CRYPI	Q9H819	[[2, 14]]	[[83, 95]]	1
tr|A3FQ69|A3FQ69_CRYPI	P25686	[[49, 61]]	[[47, 59]]	1
tr|A3FQ69|A3FQ69_CRYPI	Q7Z6W7	[[61, 74]]	[[59, 72]]	1
tr|A3FQ71|A3FQ71_CRYPI	Q8N5U6	[[53, 65]]	[[236, 248]]	1
tr|A3FQ71|A3FQ71_CRYPI	Q99942	[[75, 87]]	[[62, 74]]	1
tr|A3FQ72|A3FQ72_CRYPI	Q15208	[[93, 112], [29, 39]]	[[212, 231], [148, 158]]	2
tr|A3FQ72|A3FQ72_CRYPI	Q6P0Q8	[[206, 218]]	[[690, 702]]	1
tr|A3FQ72|A3FQ72_CRYPI	Q9NRM7	[[213, 225]]	[[885, 897]]	1
tr|A3FQ72|A3FQ72_CRYPI	O95835	[[216, 229]]	[[925, 938]]	1
tr|A3FQ72|A3FQ72_CRYPI	O75676	[[221, 230]]	[[218, 227]]	1
tr|A3FQ72|A3FQ72_CRYPI	O75582	[[221, 233]]	[[235, 247]]	1
tr|A3FQ72|A3FQ72_CRYPI	Q86UE8	[[224, 236]]	[[664, 676]]	1
tr|A3FQ72|A3FQ72_CRYPI	P19784	[[271, 283]]	[[294, 306]]	1
tr|A3FQ72|A3FQ72_CRYPI	O75116	[[29, 54]]	[[151, 176]]	1
tr|A3FQ72|A3FQ72_CRYPI	Q02156	[[294, 305]]	[[661, 672]]	1
tr|A3FQ72|A3FQ72_CRYPI	Q5VT25	[[295, 307]]	[[337, 349]]	1
tr|A3FQ72|A3FQ72_CRYPI	P24723	[[297, 309]]	[[610, 622]]	1
tr|A3FQ72|A3FQ72_CRYPI	O15530	[[30, 40]]	[[142, 152]]	1
tr|A3FQ72|A3FQ72_CRYPI	Q9Y5S2	[[34, 46]]	[[140, 152]]	1
tr|A3FQ72|A3FQ72_CRYPI	O14578	[[41, 52]]	[[168, 179]]	1
tr|A3FQ72|A3FQ72_CRYPI	Q04759	[[45, 56]]	[[456, 467]]	1
tr|A3FQ72|A3FQ72_CRYPI	P51817	[[46, 58]]	[[125, 137]]	1
tr|A3FQ72|A3FQ72_CRYPI	Q9Y2H1	[[79, 92]]	[[199, 212]]	1
tr|A3FQ72|A3FQ72_CRYPI	Q6DT37	[[84, 97]]	[[186, 199]]	1
tr|A3FQ72|A3FQ72_CRYPI	Q09013	[[89, 101]]	[[191, 203]]	1
tr|A3FQ72|A3FQ72_CRYPI	Q86UX6	[[90, 102]]	[[213, 225]]	1
tr|A3FQ73|A3FQ73_CRYPI	Q9Y3D6	[[119, 129]]	[[107, 117]]	1
tr|A3FQ73|A3FQ73_CRYPI	Q9UGR2	[[145, 156]]	[[41, 52]]	1
tr|A3FQ73|A3FQ73_CRYPI	P31948	[[164, 189]]	[[384, 409]]	1
tr|A3FQ73|A3FQ73_CRYPI	Q07617	[[173, 185]]	[[486, 498]]	1
tr|A3FQ73|A3FQ73_CRYPI	Q9Y6J0	[[228, 240]]	[[144, 156]]	1
tr|A3FQ73|A3FQ73_CRYPI	P00451	[[251, 262]]	[[797, 808]]	1
tr|A3FQ74|A3FQ74_CRYPI	P63244	[[237, 245], [103, 115], [154, 166], [121, 144]]	[[235, 243], [100, 112], [151, 163], [118, 141]]	4
tr|A3FQ74|A3FQ74_CRYPI	Q8IZU2	[[123, 135]]	[[625, 637]]	1
tr|A3FQ75|A3FQ75_CRYPI	Q14680	[[77, 89]]	[[123, 135]]	1
tr|A3FQ75|A3FQ75_CRYPI	Q09013	[[80, 91]]	[[189, 200]]	1
tr|A3FQ75|A3FQ75_CRYPI	Q5VT25	[[81, 93]]	[[196, 208]]	1
tr|A3FQ77|A3FQ77_CRYPI	Q8NBZ7	[[95, 107], [114, 131], [139, 157], [164, 197], [66, 80]]	[[180, 192], [199, 216], [224, 242], [249, 282], [151, 165]]	5
tr|A3FQ77|A3FQ77_CRYPI	Q14376	[[5, 17]]	[[4, 16]]	1
tr|A3FQ78|A3FQ78_CRYPI	Q53S08	[[11, 23], [116, 129]]	[[12, 24], [117, 130]]	2
tr|A3FQ78|A3FQ78_CRYPI	P61106	[[118, 130]]	[[117, 129]]	1
tr|A3FQ78|A3FQ78_CRYPI	Q8WUD1	[[121, 133]]	[[115, 127]]	1
tr|A3FQ78|A3FQ78_CRYPI	P11234	[[122, 135]]	[[125, 138]]	1
tr|A3FQ78|A3FQ78_CRYPI	P20340	[[12, 27], [84, 96], [145, 157]]	[[13, 28], [85, 97], [146, 158]]	3
tr|A3FQ78|A3FQ78_CRYPI	Q5JT25	[[147, 166], [16, 29], [87, 96]]	[[166, 185], [35, 48], [106, 115]]	3
tr|A3FQ78|A3FQ78_CRYPI	P61020	[[89, 100]]	[[97, 108]]	1
tr|A3FQ79|A3FQ79_CRYPI	Q8TD08	[[21, 48]]	[[21, 48]]	1
tr|A3FQ79|A3FQ79_CRYPI	P19784	[[305, 315]]	[[296, 306]]	1
tr|A3FQ79|A3FQ79_CRYPI	P28482	[[306, 318]]	[[285, 297]]	1
tr|A3FQ79|A3FQ79_CRYPI	P27361	[[308, 321]]	[[304, 317]]	1
tr|A3FQ79|A3FQ79_CRYPI	Q9UBE8	[[316, 329]]	[[409, 422]]	1
tr|A3FQ79|A3FQ79_CRYPI	Q13554	[[320, 332]]	[[258, 270]]	1
tr|A3FQ79|A3FQ79_CRYPI	Q00536	[[321, 333]]	[[433, 445]]	1
tr|A3FQ79|A3FQ79_CRYPI	P36888	[[64, 76]]	[[665, 677]]	1
tr|A3FQ81|A3FQ81_CRYPI	P15170	[[159, 183], [198, 218], [505, 519], [104, 128], [219, 232]]	[[153, 177], [192, 212], [478, 492], [98, 122], [213, 226]]	5
tr|A3FQ81|A3FQ81_CRYPI	Q8N7X2	[[426, 435]]	[[89, 98]]	1
tr|A3FQ82|A3FQ82_CRYPI	Q8IYB7	[[313, 325]]	[[102, 114]]	1
tr|A3FQ82|A3FQ82_CRYPI	Q9Y2L1	[[639, 651], [762, 782], [873, 901], [553, 567]]	[[555, 567], [658, 678], [763, 791], [476, 490]]	4
tr|A3FQ82|A3FQ82_CRYPI	Q8TF46	[[587, 600]]	[[502, 515]]	1
tr|A3FQ83|A3FQ83_CRYPI	O15258	[[121, 138], [67, 88]]	[[160, 177], [106, 127]]	2
tr|A3FQ84|A3FQ84_CRYPI	O94823	[[1029, 1044]]	[[1057, 1072]]	1
tr|A3FQ84|A3FQ84_CRYPI	Q9Y2G3	[[1039, 1052]]	[[833, 846]]	1
tr|A3FQ84|A3FQ84_CRYPI	O75110	[[565, 578], [768, 780], [380, 400], [1196, 1208], [421, 442], [1125, 1137]]	[[493, 506], [674, 686], [339, 359], [953, 965], [381, 402], [883, 895]]	6
tr|A3FQ84|A3FQ84_CRYPI	O43861	[[763, 782], [187, 199], [118, 131]]	[[758, 777], [266, 278], [197, 210]]	3
tr|A3FQ84|A3FQ84_CRYPI	Q9NTI2	[[564, 574]]	[[518, 528]]	1
tr|A3FQ85|A3FQ85_CRYPI	Q9BZR9	[[99, 110]]	[[9, 20]]	1
tr|A3FQ86|A3FQ86_CRYPI	Q92793	[[38, 53]]	[[1123, 1138]]	1
tr|A3FQ86|A3FQ86_CRYPI	Q58F21	[[44, 53]]	[[70, 79]]	1
tr|A3FQ89|A3FQ89_CRYPI	P17014	[[138, 148]]	[[132, 142]]	1
tr|A3FQ89|A3FQ89_CRYPI	Q9NZJ6	[[191, 203]]	[[215, 227]]	1
tr|A3FQ89|A3FQ89_CRYPI	Q16401	[[255, 265]]	[[294, 304]]	1
tr|A3FQ90|A3FQ90_CRYPI	P57775	[[157, 169]]	[[310, 322]]	1
tr|A3FQ91|A3FQ91_CRYPI	P48454	[[263, 274]]	[[80, 91]]	1
tr|A3FQ91|A3FQ91_CRYPI	Q08209	[[264, 277]]	[[85, 98]]	1
tr|A3FQ91|A3FQ91_CRYPI	P53041	[[426, 438], [294, 314], [444, 463], [464, 480], [334, 350]]	[[399, 411], [267, 287], [417, 436], [437, 453], [307, 323]]	5
tr|A3FQ91|A3FQ91_CRYPI	Q6IE37	[[93, 105]]	[[310, 322]]	1
tr|A3FQ92|A3FQ92_CRYPI	P62487	[[68, 88]]	[[68, 88]]	1
tr|A3FQ94|A3FQ94_CRYPI	Q9HCJ0	[[252, 265]]	[[965, 978]]	1
tr|A3FQ94|A3FQ94_CRYPI	Q7Z6Z7	[[267, 279]]	[[3482, 3494]]	1
tr|A3FQ95|A3FQ95_CRYPI	P35249	[[143, 154]]	[[158, 169]]	1
tr|A3FQ95|A3FQ95_CRYPI	P40938	[[168, 185], [38, 53], [147, 155]]	[[168, 185], [37, 52], [147, 155]]	3
tr|A3FQ96|A3FQ96_CRYPI	Q9UQB9	[[101, 120]]	[[84, 103]]	1
tr|A3FQ96|A3FQ96_CRYPI	O14965	[[173, 188], [194, 205], [68, 79], [216, 228], [238, 250]]	[[246, 261], [267, 278], [141, 152], [287, 299], [309, 321]]	5
tr|A3FQ96|A3FQ96_CRYPI	O96013	[[234, 245]]	[[491, 502]]	1
tr|A3FQ96|A3FQ96_CRYPI	Q96L34	[[235, 246]]	[[233, 244]]	1
tr|A3FQ96|A3FQ96_CRYPI	P51451	[[63, 74]]	[[244, 255]]	1
tr|A3FQ96|A3FQ96_CRYPI	Q8NG66	[[64, 76]]	[[33, 45]]	1
tr|A3FQ97|A3FQ97_CRYPI	Q93074	[[138, 148]]	[[1254, 1264]]	1
tr|A3FQ97|A3FQ97_CRYPI	Q9UBS4	[[17, 29]]	[[19, 31]]	1
tr|A3FQ97|A3FQ97_CRYPI	Q96EY1	[[22, 34]]	[[92, 104]]	1
tr|A3FQ97|A3FQ97_CRYPI	O75953	[[33, 45]]	[[14, 26]]	1
tr|A3FQ97|A3FQ97_CRYPI	Q8WW22	[[37, 55]]	[[20, 38]]	1
tr|A3FQ97|A3FQ97_CRYPI	Q9UDY4	[[59, 71]]	[[42, 54]]	1
tr|A3FQ98|A3FQ98_CRYPI	Q05193	[[31, 42], [138, 150]]	[[27, 38], [130, 142]]	2
tr|A3FQ98|A3FQ98_CRYPI	P50570	[[199, 211], [32, 44]]	[[191, 203], [28, 40]]	2
tr|A3FQ98|A3FQ98_CRYPI	P20592	[[200, 212]]	[[281, 293]]	1
tr|A3FQ98|A3FQ98_CRYPI	Q6V0I7	[[609, 620]]	[[1732, 1743]]	1
tr|A3FQ99|A3FQ99_CRYPI	P84077	[[11, 27], [49, 69], [92, 118], [144, 169]]	[[11, 27], [49, 69], [92, 118], [144, 169]]	4
tr|A3FQ99|A3FQ99_CRYPI	P36404	[[118, 130]]	[[117, 129]]	1
tr|A3FQ99|A3FQ99_CRYPI	P61204	[[162, 174]]	[[162, 174]]	1
tr|A3FQ99|A3FQ99_CRYPI	P36406	[[46, 60], [164, 177]]	[[433, 447], [552, 565]]	2
tr|A3FQ99|A3FQ99_CRYPI	P62330	[[70, 83]]	[[66, 79]]	1
tr|A3FQA0|A3FQA0_CRYPI	Q5T1R4	[[180, 193]]	[[1859, 1872]]	1
tr|A3FQA0|A3FQA0_CRYPI	Q16342	[[22, 33]]	[[26, 37]]	1
tr|A3FQA2|A3FQA2_CRYPI	Q14137	[[202, 217]]	[[359, 374]]	1
tr|A3FQA3|A3FQA3_CRYPI	O95476	[[339, 354]]	[[60, 75]]	1
tr|A3FQA3|A3FQA3_CRYPI	Q9GZU7	[[345, 358], [376, 389], [398, 411]]	[[95, 108], [126, 139], [148, 161]]	3
tr|A3FQA3|A3FQA3_CRYPI	O14595	[[347, 359]]	[[108, 120]]	1
tr|A3FQA3|A3FQA3_CRYPI	O15194	[[349, 362], [451, 463]]	[[115, 128], [217, 229]]	2
tr|A3FQA3|A3FQA3_CRYPI	Q8NFC6	[[3, 15]]	[[612, 624]]	1
tr|A3FQA3|A3FQA3_CRYPI	Q9UII5	[[9, 19]]	[[514, 524]]	1
tr|A3FQA5|A3FQA5_CRYPI	P49366	[[282, 334], [232, 259], [106, 118], [129, 145], [167, 180], [55, 66]]	[[278, 330], [228, 255], [102, 114], [125, 141], [163, 176], [52, 63]]	6
tr|A3FQA7|A3FQA7_CRYPI	P62937	[[127, 139], [22, 39]]	[[120, 132], [22, 39]]	2
tr|A3FQA7|A3FQA7_CRYPI	P23284	[[66, 81], [128, 150]]	[[99, 114], [161, 183]]	2
tr|A3FQA7|A3FQA7_CRYPI	P49792	[[15, 45]]	[[3075, 3105]]	1
tr|A3FQA7|A3FQA7_CRYPI	O43447	[[2, 13]]	[[9, 20]]	1
tr|A3FQA7|A3FQA7_CRYPI	Q08752	[[35, 47]]	[[47, 59]]	1
tr|A3FQA7|A3FQA7_CRYPI	Q9UNP9	[[56, 68]]	[[185, 197]]	1
tr|A3FQA7|A3FQA7_CRYPI	P30405	[[83, 95]]	[[118, 130]]	1
tr|A3FQB0|A3FQB0_CRYPI	Q15759	[[251, 266]]	[[136, 151]]	1
tr|A3FQB0|A3FQB0_CRYPI	Q9UBE8	[[368, 380]]	[[320, 332]]	1
tr|A3FQB0|A3FQB0_CRYPI	P11802	[[369, 381]]	[[194, 206]]	1
tr|A3FQB0|A3FQB0_CRYPI	P21127	[[371, 383]]	[[620, 632]]	1
tr|A3FQB0|A3FQB0_CRYPI	P27361	[[485, 503]]	[[309, 327]]	1
tr|A3FQB1|A3FQB1_CRYPI	Q7Z2Y5	[[138, 148]]	[[166, 176]]	1
tr|A3FQB1|A3FQB1_CRYPI	Q12852	[[139, 150]]	[[226, 237]]	1
tr|A3FQB1|A3FQB1_CRYPI	Q00526	[[140, 154]]	[[118, 132]]	1
tr|A3FQB1|A3FQB1_CRYPI	O14920	[[143, 155]]	[[139, 151]]	1
tr|A3FQB1|A3FQB1_CRYPI	O75385	[[144, 156]]	[[133, 145]]	1
tr|A3FQB1|A3FQB1_CRYPI	O43353	[[165, 174]]	[[159, 168]]	1
tr|A3FQB1|A3FQB1_CRYPI	O15146	[[165, 175]]	[[738, 748]]	1
tr|A3FQB1|A3FQB1_CRYPI	Q9UEE5	[[164, 177]]	[[201, 214]]	1
tr|A3FQB1|A3FQB1_CRYPI	P21127	[[194, 206]]	[[604, 616]]	1
tr|A3FQB1|A3FQB1_CRYPI	P28482	[[202, 214]]	[[202, 214]]	1
tr|A3FQB1|A3FQB1_CRYPI	Q9UBE8	[[204, 222]]	[[317, 335]]	1
tr|A3FQB1|A3FQB1_CRYPI	P24941	[[236, 248]]	[[211, 223]]	1
tr|A3FQB2|A3FQB2_CRYPI	P36404	[[59, 93], [23, 36], [111, 128], [37, 55]]	[[59, 93], [23, 36], [111, 128], [37, 55]]	4
tr|A3FQB2|A3FQB2_CRYPI	P62330	[[123, 135]]	[[120, 132]]	1
tr|A3FQB2|A3FQB2_CRYPI	P40616	[[15, 27]]	[[16, 28]]	1
tr|A3FQB2|A3FQB2_CRYPI	P36405	[[17, 29], [59, 70]]	[[18, 30], [60, 71]]	2
tr|A3FQB2|A3FQB2_CRYPI	Q13795	[[18, 30]]	[[19, 31]]	1
tr|A3FQB3|A3FQB3_CRYPI	Q9H0S4	[[118, 131]]	[[140, 153]]	1
tr|A3FQB3|A3FQB3_CRYPI	Q9Y6V7	[[182, 194]]	[[179, 191]]	1
tr|A3FQB3|A3FQB3_CRYPI	Q7L014	[[362, 376]]	[[668, 682]]	1
tr|A3FQB3|A3FQB3_CRYPI	Q9NR30	[[368, 382]]	[[492, 506]]	1
tr|A3FQB3|A3FQB3_CRYPI	Q92841	[[380, 391]]	[[485, 496]]	1
tr|A3FQB3|A3FQB3_CRYPI	P17844	[[387, 403]]	[[415, 431]]	1
tr|A3FQB3|A3FQB3_CRYPI	Q9NXZ2	[[388, 401]]	[[562, 575]]	1
tr|A3FQB3|A3FQB3_CRYPI	Q9BUQ8	[[394, 406]]	[[745, 757]]	1
tr|A3FQB3|A3FQB3_CRYPI	Q92499	[[396, 407]]	[[598, 609]]	1
tr|A3FQB3|A3FQB3_CRYPI	Q9Y2R4	[[44, 53]]	[[208, 217]]	1
tr|A3FQB3|A3FQB3_CRYPI	Q9NUL7	[[71, 80]]	[[205, 214]]	1
tr|A3FQB4|A3FQB4_CRYPI	Q06190	[[155, 167]]	[[232, 244]]	1
tr|A3FQB5|A3FQB5_CRYPI	Q96DT7	[[120, 130]]	[[253, 263]]	1
tr|A3FQB5|A3FQB5_CRYPI	P67812	[[14, 35]]	[[47, 68]]	1
tr|A3FQB5|A3FQB5_CRYPI	Q9BY50	[[77, 96], [46, 63]]	[[123, 142], [93, 110]]	2
tr|A3FQB6|A3FQB6_CRYPI	Q5VVW2	[[378, 390]]	[[441, 453]]	1
tr|A3FQB6|A3FQB6_CRYPI	Q8IVF6	[[416, 428]]	[[543, 555]]	1
tr|A3FQB7|A3FQB7_CRYPI	Q9NPE3	[[28, 42]]	[[28, 42]]	1
tr|A3FQB9|A3FQB9_CRYPI	P50570	[[24, 36], [130, 149]]	[[88, 100], [192, 211]]	2
tr|A3FQB9|A3FQB9_CRYPI	O00429	[[142, 154]]	[[214, 226]]	1
tr|A3FQB9|A3FQB9_CRYPI	Q05193	[[22, 34]]	[[86, 98]]	1
tr|A3FQB9|A3FQB9_CRYPI	P20591	[[65, 78]]	[[171, 184]]	1
tr|A3FQB9|A3FQB9_CRYPI	Q9NQV8	[[697, 709]]	[[282, 294]]	1
tr|A3FQC0|A3FQC0_CRYPI	Q02978	[[130, 139]]	[[272, 281]]	1
tr|A3FQC0|A3FQC0_CRYPI	P12236	[[187, 199]]	[[221, 233]]	1
tr|A3FQC0|A3FQC0_CRYPI	O43808	[[25, 36]]	[[261, 272]]	1
tr|A3FQC1|A3FQC1_CRYPI	O15078	[[115, 126]]	[[220, 231]]	1
tr|A3FQC1|A3FQC1_CRYPI	Q5M775	[[119, 129]]	[[511, 521]]	1
tr|A3FQC1|A3FQC1_CRYPI	P31946	[[145, 156]]	[[81, 92]]	1
tr|A3FQC1|A3FQC1_CRYPI	Q14980	[[193, 205]]	[[735, 747]]	1
tr|A3FQC1|A3FQC1_CRYPI	Q9NRL2	[[238, 250]]	[[373, 385]]	1
tr|A3FQC2|A3FQC2_CRYPI	P46821	[[148, 158], [178, 189]]	[[676, 686], [688, 699]]	2
tr|A3FQC3|A3FQC3_CRYPI	O60706	[[1218, 1233]]	[[1338, 1353]]	1
tr|A3FQC3|A3FQC3_CRYPI	P13569	[[1225, 1242]]	[[1243, 1260]]	1
tr|A3FQC3|A3FQC3_CRYPI	Q96J66	[[1227, 1240]]	[[545, 558]]	1
tr|A3FQC3|A3FQC3_CRYPI	Q2M3G0	[[1264, 1276]]	[[1088, 1100]]	1
tr|A3FQC3|A3FQC3_CRYPI	Q96J65	[[1280, 1290], [1340, 1360]]	[[1208, 1218], [1268, 1288]]	2
tr|A3FQC3|A3FQC3_CRYPI	O15439	[[1280, 1297], [1334, 1346], [568, 582], [1380, 1392]]	[[1128, 1145], [1182, 1194], [541, 555], [1228, 1240]]	4
tr|A3FQC3|A3FQC3_CRYPI	O15440	[[1283, 1294], [1377, 1388]]	[[1284, 1295], [1378, 1389]]	2
tr|A3FQC3|A3FQC3_CRYPI	Q92887	[[1286, 1298]]	[[1394, 1406]]	1
tr|A3FQC3|A3FQC3_CRYPI	O15438	[[1374, 1386]]	[[1471, 1483]]	1
tr|A3FQC3|A3FQC3_CRYPI	Q09428	[[1378, 1390]]	[[1530, 1542]]	1
tr|A3FQC3|A3FQC3_CRYPI	P33527	[[560, 577]]	[[766, 783]]	1
tr|A3FQC3|A3FQC3_CRYPI	Q86V15	[[828, 838]]	[[235, 245]]	1
tr|A3FQC4|A3FQC4_CRYPI	Q15413	[[169, 180]]	[[1143, 1154]]	1
tr|A3FQC4|A3FQC4_CRYPI	Q9UBL3	[[86, 95]]	[[418, 427]]	1
tr|A3FQC6|A3FQC6_CRYPI	Q14240	[[361, 378], [226, 244], [41, 62], [300, 332], [245, 267], [150, 169]]	[[364, 381], [229, 247], [43, 64], [303, 335], [248, 270], [153, 172]]	6
tr|A3FQC6|A3FQC6_CRYPI	P60842	[[185, 198], [292, 311], [233, 256]]	[[187, 200], [294, 313], [235, 258]]	3
tr|A3FQC6|A3FQC6_CRYPI	P38919	[[289, 301], [40, 52]]	[[296, 308], [47, 59]]	2
tr|A3FQC6|A3FQC6_CRYPI	Q9NY93	[[345, 357]]	[[360, 372]]	1
tr|A3FQC7|A3FQC7_CRYPI	P53350	[[1137, 1148]]	[[187, 198]]	1
tr|A3FQC7|A3FQC7_CRYPI	P08922	[[1139, 1149]]	[[2097, 2107]]	1
tr|A3FQC7|A3FQC7_CRYPI	Q9NYV4	[[1138, 1150]]	[[871, 883]]	1
tr|A3FQC7|A3FQC7_CRYPI	Q16659	[[1140, 1151]]	[[167, 178]]	1
tr|A3FQC7|A3FQC7_CRYPI	Q5TZJ5	[[196, 208]]	[[1258, 1270]]	1
tr|A3FQC7|A3FQC7_CRYPI	P02786	[[516, 526]]	[[318, 328]]	1
tr|A3FQC7|A3FQC7_CRYPI	Q9UPU5	[[664, 673]]	[[663, 672]]	1
tr|A3FQC7|A3FQC7_CRYPI	P19525	[[671, 680]]	[[271, 280]]	1
tr|A3FQC7|A3FQC7_CRYPI	Q5TCX8	[[671, 682]]	[[128, 139]]	1
tr|A3FQC7|A3FQC7_CRYPI	P57078	[[672, 684]]	[[27, 39]]	1
tr|A3FQC8|A3FQC8_CRYPI	P61221	[[395, 406], [249, 269], [117, 138], [580, 617], [426, 438], [152, 171], [311, 335], [177, 195], [280, 302], [226, 239]]	[[383, 394], [236, 256], [104, 125], [561, 598], [407, 419], [139, 158], [298, 322], [164, 182], [267, 289], [213, 226]]	10
tr|A3FQC8|A3FQC8_CRYPI	Q9H0K1	[[162, 173]]	[[727, 738]]	1
tr|A3FQC9|A3FQC9_CRYPI	Q04721	[[196, 208]]	[[1990, 2002]]	1
tr|A3FQC9|A3FQC9_CRYPI	P16157	[[200, 210]]	[[751, 761]]	1
tr|A3FQC9|A3FQC9_CRYPI	Q5CZ79	[[201, 213]]	[[118, 130]]	1
tr|A3FQC9|A3FQC9_CRYPI	Q96DX5	[[229, 240]]	[[82, 93]]	1
tr|A3FQD1|A3FQD1_CRYPI	Q2NKX8	[[297, 308]]	[[196, 207]]	1
tr|A3FQD1|A3FQD1_CRYPI	Q6ZRS2	[[348, 359]]	[[766, 777]]	1
tr|A3FQD1|A3FQD1_CRYPI	O14981	[[416, 428]]	[[1497, 1509]]	1
tr|A3FQD1|A3FQD1_CRYPI	P78356	[[595, 607]]	[[68, 80]]	1
tr|A3FQD1|A3FQD1_CRYPI	Q9Y4D8	[[74, 86]]	[[2864, 2876]]	1
tr|A3FQD1|A3FQD1_CRYPI	Q9NZC9	[[755, 766]]	[[812, 823]]	1
tr|A3FQD1|A3FQD1_CRYPI	Q86YJ7	[[76, 86]]	[[458, 468]]	1
tr|A3FQD1|A3FQD1_CRYPI	Q9P2D1	[[761, 772]]	[[1400, 1411]]	1
tr|A3FQD2|A3FQD2_CRYPI	P49959	[[164, 181], [41, 57]]	[[232, 249], [116, 132]]	2
tr|A3FQD3|A3FQD3_CRYPI	P51956	[[90, 102], [140, 148]]	[[75, 87], [121, 129]]	2
tr|A3FQD3|A3FQD3_CRYPI	P24941	[[138, 150]]	[[119, 131]]	1
tr|A3FQD3|A3FQD3_CRYPI	P08922	[[184, 194]]	[[2096, 2106]]	1
tr|A3FQD3|A3FQD3_CRYPI	Q05397	[[185, 197]]	[[559, 571]]	1
tr|A3FQD3|A3FQD3_CRYPI	P51955	[[32, 44], [203, 215], [223, 235]]	[[24, 36], [172, 184], [192, 204]]	3
tr|A3FQD3|A3FQD3_CRYPI	Q8TD19	[[205, 217]]	[[209, 221]]	1
tr|A3FQD3|A3FQD3_CRYPI	P49137	[[209, 220]]	[[225, 236]]	1
tr|A3FQD3|A3FQD3_CRYPI	P51957	[[226, 238]]	[[185, 197]]	1
tr|A3FQD3|A3FQD3_CRYPI	Q14164	[[65, 77]]	[[57, 69]]	1
tr|A3FQD3|A3FQD3_CRYPI	Q9HC98	[[69, 80]]	[[99, 110]]	1
tr|A3FQD3|A3FQD3_CRYPI	Q9Y6R4	[[87, 99]]	[[1412, 1424]]	1
tr|A3FQD4|A3FQD4_CRYPI	A0JNW5	[[14, 26]]	[[294, 306]]	1
tr|A3FQD4|A3FQD4_CRYPI	O60508	[[390, 403], [482, 492], [442, 455]]	[[475, 488], [568, 578], [528, 541]]	3
tr|A3FQD4|A3FQD4_CRYPI	Q9UID6	[[80, 88]]	[[271, 279]]	1
tr|A3FQD4|A3FQD4_CRYPI	P62140	[[92, 104]]	[[294, 306]]	1
tr|A3FQD5|A3FQD5_CRYPI	Q96IW7	[[78, 90]]	[[77, 89]]	1
tr|A3FQD6|A3FQD6_CRYPI	O75592	[[378, 389]]	[[4443, 4454]]	1
tr|A3FQD6|A3FQD6_CRYPI	Q5VWT5	[[70, 82]]	[[43, 55]]	1
tr|A3FQD7|A3FQD7_CRYPI	Q9NWX6	[[142, 165], [187, 201], [64, 87], [120, 134]]	[[171, 194], [216, 230], [93, 116], [149, 163]]	4
tr|A3FQD8|A3FQD8_CRYPI	P62491	[[137, 150]]	[[141, 154]]	1
tr|A3FQD8|A3FQD8_CRYPI	P20339	[[143, 154]]	[[156, 167]]	1
tr|A3FQD8|A3FQD8_CRYPI	Q86YS6	[[153, 165]]	[[165, 177]]	1
tr|A3FQD8|A3FQD8_CRYPI	P61019	[[82, 105], [38, 50]]	[[80, 103], [36, 48]]	2
tr|A3FQD8|A3FQD8_CRYPI	P20338	[[39, 51]]	[[44, 56]]	1
tr|A3FQD8|A3FQD8_CRYPI	Q8WUD1	[[79, 93], [41, 53]]	[[77, 91], [39, 51]]	2
tr|A3FQD8|A3FQD8_CRYPI	Q92930	[[49, 66]]	[[49, 66]]	1
tr|A3FQD9|A3FQD9_CRYPI	Q5VU65	[[297, 308]]	[[1281, 1292]]	1
tr|A3FQE0|A3FQE0_CRYPI	O76071	[[78, 90]]	[[61, 73]]	1
tr|A3FQE1|A3FQE1_CRYPI	Q9NZS9	[[121, 133]]	[[100, 112]]	1
tr|A3FQE1|A3FQE1_CRYPI	Q9NR56	[[98, 105]]	[[231, 238]]	1
tr|A3FQE2|A3FQE2_CRYPI	Q8WWL7	[[147, 156]]	[[103, 112]]	1
tr|A3FQE3|A3FQE3_CRYPI	Q659C4	[[18, 28]]	[[218, 228]]	1
tr|A3FQE3|A3FQE3_CRYPI	Q9BRS8	[[21, 31]]	[[98, 108]]	1
tr|A3FQE4|A3FQE4_CRYPI	P60510	[[156, 170], [121, 153], [62, 118], [206, 219], [1, 54], [251, 274], [232, 246], [282, 294], [171, 205]]	[[159, 173], [124, 156], [65, 121], [209, 222], [4, 57], [254, 277], [235, 249], [285, 297], [174, 208]]	9
tr|A3FQE4|A3FQE4_CRYPI	P62714	[[160, 172], [261, 273], [112, 132], [201, 215], [69, 89]]	[[166, 178], [267, 279], [118, 138], [207, 221], [75, 95]]	5
tr|A3FQE4|A3FQE4_CRYPI	O00743	[[43, 55], [245, 270], [149, 166]]	[[45, 57], [247, 272], [151, 168]]	3
tr|A3FQE4|A3FQE4_CRYPI	Q08209	[[41, 67]]	[[80, 106]]	1
tr|A3FQE5|A3FQE5_CRYPI	Q15257	[[85, 105], [201, 222], [137, 150]]	[[126, 146], [242, 263], [178, 191]]	3
tr|A3FQE7|A3FQE7_CRYPI	P20618	[[146, 157], [129, 140]]	[[139, 150], [122, 133]]	2
tr|A3FQE8|A3FQE8_CRYPI	Q9H6P5	[[20, 32]]	[[197, 209]]	1
tr|A3FQE8|A3FQE8_CRYPI	Q9H6S0	[[221, 234]]	[[214, 227]]	1
tr|A3FQE8|A3FQE8_CRYPI	Q9H6R0	[[590, 599], [224, 237]]	[[430, 439], [98, 111]]	2
tr|A3FQE8|A3FQE8_CRYPI	O60231	[[277, 289], [251, 270], [684, 697], [551, 568], [531, 548], [294, 315], [226, 242], [650, 674], [316, 343], [395, 414], [847, 857]]	[[477, 489], [451, 470], [845, 858], [712, 729], [692, 709], [494, 515], [425, 441], [811, 835], [516, 543], [571, 590], [1006, 1016]]	11
tr|A3FQE8|A3FQE8_CRYPI	Q14562	[[475, 491], [826, 842], [280, 301], [735, 747]]	[[801, 817], [1150, 1166], [645, 666], [1060, 1072]]	4
tr|A3FQE8|A3FQE8_CRYPI	Q92620	[[511, 525], [553, 567], [290, 304], [489, 500]]	[[803, 817], [845, 859], [622, 636], [781, 792]]	4
tr|A3FQE8|A3FQE8_CRYPI	Q9H2U1	[[375, 388]]	[[365, 378]]	1
tr|A3FQE8|A3FQE8_CRYPI	Q08211	[[559, 570]]	[[759, 770]]	1
tr|A3FQE8|A3FQE8_CRYPI	O43143	[[622, 635]]	[[530, 543]]	1
tr|A3FQE8|A3FQE8_CRYPI	Q9H5Z1	[[630, 642]]	[[458, 470]]	1
tr|A3FQE8|A3FQE8_CRYPI	O60469	[[807, 816]]	[[946, 955]]	1
tr|A3FQF1|A3FQF1_CRYPI	P61960	[[30, 52]]	[[61, 83]]	1
tr|A3FQF2|A3FQF2_CRYPI	Q8NE63	[[1028, 1039]]	[[193, 204]]	1
tr|A3FQF2|A3FQF2_CRYPI	O94952	[[367, 378]]	[[124, 135]]	1
tr|A3FQF2|A3FQF2_CRYPI	Q8IVT5	[[964, 974]]	[[728, 738]]	1
tr|A3FQF2|A3FQF2_CRYPI	P10398	[[964, 975]]	[[424, 435]]	1
tr|A3FQF2|A3FQF2_CRYPI	P37173	[[964, 976]]	[[374, 386]]	1
tr|A3FQF2|A3FQF2_CRYPI	P80192	[[965, 977]]	[[264, 276]]	1
tr|A3FQF2|A3FQF2_CRYPI	Q15772	[[982, 994]]	[[1736, 1748]]	1
tr|A3FQF3|A3FQF3_CRYPI	Q5HYK3	[[137, 150], [232, 262], [87, 109]]	[[110, 123], [233, 263], [74, 96]]	3
tr|A3FQF4|A3FQF4_CRYPI	O75909	[[121, 130]]	[[560, 569]]	1
tr|A3FQF4|A3FQF4_CRYPI	P63162	[[28, 41]]	[[36, 49]]	1
tr|A3FQF5|A3FQF5_CRYPI	O94972	[[244, 254]]	[[95, 105]]	1
tr|A3FQF6|A3FQF6_CRYPI	Q9Y247	[[169, 187], [131, 143]]	[[185, 203], [147, 159]]	2
tr|A3FQF6|A3FQF6_CRYPI	Q14320	[[166, 179]]	[[196, 209]]	1
tr|A3FQF7|A3FQF7_CRYPI	Q9BSC4	[[473, 485], [393, 413], [445, 459]]	[[415, 427], [343, 363], [387, 401]]	3
tr|A3FQF7|A3FQF7_CRYPI	O94763	[[537, 547]]	[[297, 307]]	1
tr|A3FQF8|A3FQF8_CRYPI	Q9Y592	[[461, 472]]	[[465, 476]]	1
tr|A3FQF8|A3FQF8_CRYPI	P46721	[[552, 562]]	[[283, 293]]	1
tr|A3FQF8|A3FQF8_CRYPI	Q05DH4	[[589, 599]]	[[785, 795]]	1
tr|A3FQF8|A3FQF8_CRYPI	O15066	[[597, 612]]	[[392, 404]]	1
tr|A3FQF8|A3FQF8_CRYPI	O43423	[[598, 610]]	[[184, 196]]	1
tr|A3FQF8|A3FQF8_CRYPI	O94769	[[601, 613]]	[[275, 287]]	1
tr|A3FQF9|A3FQF9_CRYPI	Q6PL18	[[100, 115]]	[[255, 273]]	1
tr|A3FQF9|A3FQF9_CRYPI	Q9NQC8	[[102, 113]]	[[30, 41]]	1
tr|A3FQF9|A3FQF9_CRYPI	P23327	[[104, 116]]	[[244, 256]]	1
tr|A3FQF9|A3FQF9_CRYPI	Q9BXN1	[[105, 118]]	[[40, 53]]	1
tr|A3FQF9|A3FQF9_CRYPI	Q969K3	[[108, 121]]	[[221, 234]]	1
tr|A3FQF9|A3FQF9_CRYPI	P19338	[[111, 123], [90, 103]]	[[245, 257], [249, 262]]	2
tr|A3FQF9|A3FQF9_CRYPI	P06748	[[115, 126]]	[[160, 171]]	1
tr|A3FQF9|A3FQF9_CRYPI	Q9NW13	[[115, 127]]	[[233, 245]]	1
tr|A3FQF9|A3FQF9_CRYPI	Q7L4P6	[[123, 132]]	[[100, 109]]	1
tr|A3FQF9|A3FQF9_CRYPI	O75864	[[164, 173]]	[[503, 512]]	1
tr|A3FQF9|A3FQF9_CRYPI	Q8WVC0	[[164, 175]]	[[19, 30]]	1
tr|A3FQF9|A3FQF9_CRYPI	Q8N5F7	[[164, 178]]	[[211, 223]]	1
tr|A3FQF9|A3FQF9_CRYPI	Q96HR8	[[165, 177]]	[[113, 125]]	1
tr|A3FQF9|A3FQF9_CRYPI	Q9UBS5	[[228, 239]]	[[692, 703]]	1
tr|A3FQF9|A3FQF9_CRYPI	Q8NEW7	[[53, 63]]	[[120, 130]]	1
tr|A3FQF9|A3FQF9_CRYPI	O95391	[[60, 71]]	[[497, 508]]	1
tr|A3FQF9|A3FQF9_CRYPI	Q6PCB5	[[64, 75]]	[[253, 264]]	1
tr|A3FQF9|A3FQF9_CRYPI	Q5H9L4	[[72, 83]]	[[333, 344]]	1
tr|A3FQF9|A3FQF9_CRYPI	Q86V15	[[86, 98]]	[[1695, 1707]]	1
tr|A3FQF9|A3FQF9_CRYPI	Q7Z6M4	[[89, 101]]	[[352, 364]]	1
tr|A3FQF9|A3FQF9_CRYPI	Q15542	[[95, 107]]	[[386, 398]]	1
tr|A3FQG0|A3FQG0_CRYPI	O60934	[[151, 162]]	[[70, 81]]	1
tr|A3FQG3|A3FQG3_CRYPI	Q969V6	[[7, 18]]	[[370, 381]]	1
tr|A3FQG4|A3FQG4_CRYPI	Q8N9B4	[[339, 349]]	[[324, 334]]	1
tr|A3FQG4|A3FQG4_CRYPI	Q1MSJ5	[[386, 397]]	[[844, 855]]	1
tr|A3FQG4|A3FQG4_CRYPI	Q96CS3	[[388, 400]]	[[307, 319]]	1
tr|A3FQG4|A3FQG4_CRYPI	Q9ULJ8	[[391, 402]]	[[782, 793]]	1
tr|A3FQG4|A3FQG4_CRYPI	Q9H3P7	[[392, 404]]	[[223, 235]]	1
tr|A3FQG4|A3FQG4_CRYPI	O95819	[[396, 407]]	[[449, 460]]	1
tr|A3FQG4|A3FQG4_CRYPI	Q9Y4H2	[[54, 63]]	[[19, 28]]	1
tr|A3FQG5|A3FQG5_CRYPI	Q86UU0	[[134, 145]]	[[768, 779]]	1
tr|A3FQG5|A3FQG5_CRYPI	Q9NRP7	[[308, 320]]	[[6, 18]]	1
tr|A3FQG5|A3FQG5_CRYPI	O15146	[[311, 322]]	[[580, 591]]	1
tr|A3FQG5|A3FQG5_CRYPI	P14902	[[396, 408]]	[[153, 165]]	1
tr|A3FQG5|A3FQG5_CRYPI	P49759	[[428, 442]]	[[282, 296]]	1
tr|A3FQG5|A3FQG5_CRYPI	O60285	[[433, 445]]	[[177, 189]]	1
tr|A3FQG5|A3FQG5_CRYPI	Q9Y5V3	[[624, 635]]	[[441, 452]]	1
tr|A3FQG6|A3FQG6_CRYPI	Q96MY1	[[1192, 1201]]	[[381, 390]]	1
tr|A3FQG6|A3FQG6_CRYPI	Q9NPC8	[[1394, 1405]]	[[188, 199]]	1
tr|A3FQG6|A3FQG6_CRYPI	P18846	[[188, 199]]	[[91, 102]]	1
tr|A3FQG6|A3FQG6_CRYPI	Q92973	[[672, 683]]	[[359, 370]]	1
tr|A3FQG6|A3FQG6_CRYPI	Q6AI12	[[673, 685]]	[[93, 105]]	1
tr|A3FQG6|A3FQG6_CRYPI	Q9NW13	[[675, 686]]	[[230, 241]]	1
tr|A3FQG6|A3FQG6_CRYPI	Q86U86	[[676, 688]]	[[155, 167]]	1
tr|A3FQG6|A3FQG6_CRYPI	Q8IXQ4	[[678, 687]]	[[80, 89]]	1
tr|A3FQG6|A3FQG6_CRYPI	Q6PGQ1	[[679, 689]]	[[119, 129]]	1
tr|A3FQG6|A3FQG6_CRYPI	P20908	[[838, 848]]	[[378, 388]]	1
tr|A3FQG8|A3FQG8_CRYPI	Q9NQL2	[[160, 171]]	[[165, 176]]	1
tr|A3FQG8|A3FQG8_CRYPI	Q7Z5K2	[[318, 326]]	[[445, 453]]	1
tr|A3FQG8|A3FQG8_CRYPI	P18089	[[332, 344]]	[[62, 74]]	1
tr|A3FQG8|A3FQG8_CRYPI	Q9Y5G1	[[445, 455]]	[[764, 774]]	1
tr|A3FQH1|A3FQH1_CRYPI	Q9P2J5	[[191, 202], [490, 506], [263, 283]]	[[449, 460], [739, 755], [521, 541]]	3
tr|A3FQH1|A3FQH1_CRYPI	Q53FZ2	[[217, 229]]	[[381, 393]]	1
tr|A3FQH1|A3FQH1_CRYPI	Q15645	[[237, 248]]	[[236, 247]]	1
tr|A3FQH1|A3FQH1_CRYPI	Q96MT1	[[352, 363]]	[[397, 408]]	1
tr|A3FQH2|A3FQH2_CRYPI	P43034	[[136, 147]]	[[167, 178]]	1
tr|A3FQH2|A3FQH2_CRYPI	Q13347	[[240, 252]]	[[302, 314]]	1
tr|A3FQH3|A3FQH3_CRYPI	O95602	[[596, 612], [1370, 1382], [477, 488], [825, 836], [1318, 1353]]	[[548, 564], [1014, 1026], [431, 442], [676, 687], [962, 997]]	5
tr|A3FQH3|A3FQH3_CRYPI	O14802	[[1369, 1381], [584, 596], [820, 837]]	[[896, 908], [448, 460], [584, 601]]	3
tr|A3FQH3|A3FQH3_CRYPI	O43303	[[1414, 1423]]	[[575, 584]]	1
tr|A3FQH3|A3FQH3_CRYPI	Q96MU7	[[221, 233]]	[[264, 276]]	1
tr|A3FQH3|A3FQH3_CRYPI	P24928	[[69, 80], [635, 650], [483, 495]]	[[79, 90], [494, 509], [359, 371]]	3
tr|A3FQH3|A3FQH3_CRYPI	Q9NRJ4	[[726, 737]]	[[749, 760]]	1
tr|A3FQH4|A3FQH4_CRYPI	Q5VUA4	[[1098, 1108]]	[[1277, 1287]]	1
tr|A3FQH4|A3FQH4_CRYPI	Q13127	[[1143, 1154]]	[[1000, 1011]]	1
tr|A3FQH4|A3FQH4_CRYPI	Q8TAP6	[[1200, 1209]]	[[591, 600]]	1
tr|A3FQH4|A3FQH4_CRYPI	Q9GZN1	[[820, 829]]	[[370, 379]]	1
tr|A3FQH5|A3FQH5_CRYPI	Q12830	[[11, 23]]	[[2761, 2773]]	1
tr|A3FQH6|A3FQH6_CRYPI	P61758	[[112, 123]]	[[124, 135]]	1
tr|A3FQH7|A3FQH7_CRYPI	P54198	[[259, 270]]	[[14, 25]]	1
tr|A3FQH7|A3FQH7_CRYPI	O43172	[[282, 293]]	[[389, 400]]	1
tr|A3FQH7|A3FQH7_CRYPI	Q13610	[[317, 329]]	[[402, 414]]	1
tr|A3FQH7|A3FQH7_CRYPI	Q9NXC5	[[326, 338]]	[[249, 261]]	1
tr|A3FQH8|A3FQH8_CRYPI	Q13472	[[225, 236], [374, 391], [463, 474], [46, 58], [548, 563], [252, 270]]	[[210, 221], [353, 370], [438, 449], [35, 47], [522, 537], [239, 257]]	6
tr|A3FQH8|A3FQH8_CRYPI	O95985	[[341, 353]]	[[294, 306]]	1
tr|A3FQI1|A3FQI1_CRYPI	P39023	[[235, 246], [152, 164], [247, 258], [127, 149], [269, 288], [181, 199]]	[[328, 339], [238, 250], [340, 351], [213, 235], [362, 381], [267, 285]]	6
tr|A3FQI1|A3FQI1_CRYPI	Q92901	[[279, 291], [192, 204], [232, 243]]	[[372, 384], [278, 290], [325, 336]]	3
tr|A3FQI2|A3FQI2_CRYPI	Q9BR39	[[100, 112], [53, 67]]	[[50, 62], [49, 63]]	2
tr|A3FQI2|A3FQI2_CRYPI	B2RC85	[[98, 107]]	[[143, 152]]	1
tr|A3FQI4|A3FQI4_CRYPI	P28066	[[50, 61], [72, 90], [91, 105], [16, 39], [134, 144]]	[[50, 61], [72, 90], [91, 105], [16, 39], [132, 142]]	5
tr|A3FQI4|A3FQI4_CRYPI	Q14839	[[230, 242]]	[[1248, 1260]]	1
tr|A3FQI5|A3FQI5_CRYPI	Q9HCN4	[[131, 151], [118, 130], [90, 112], [56, 67], [0, 10]]	[[158, 178], [145, 157], [117, 139], [82, 93], [26, 36]]	5
tr|A3FQI5|A3FQI5_CRYPI	P78562	[[242, 252]]	[[656, 666]]	1
tr|A3FQI6|A3FQI6_CRYPI	Q14643	[[361, 369]]	[[205, 213]]	1
tr|A3FQI6|A3FQI6_CRYPI	Q9ULG1	[[513, 523]]	[[148, 158]]	1
tr|A3FQI6|A3FQI6_CRYPI	A6NFQ2	[[759, 773]]	[[717, 731]]	1
tr|A3FQI7|A3FQI7_CRYPI	O60762	[[207, 224], [119, 129], [160, 175], [184, 199], [7, 20], [39, 52], [93, 113]]	[[225, 242], [138, 148], [179, 194], [202, 217], [26, 39], [58, 71], [112, 132]]	7
tr|A3FQJ2|A3FQJ2_CRYPI	Q149N8	[[193, 204]]	[[367, 378]]	1
tr|A3FQJ2|A3FQJ2_CRYPI	Q2NKX8	[[432, 443], [333, 344]]	[[320, 331], [221, 232]]	2
tr|A3FQJ2|A3FQJ2_CRYPI	Q3L8U1	[[336, 347]]	[[993, 1004]]	1
tr|A3FQJ2|A3FQJ2_CRYPI	Q5VTL8	[[62, 74]]	[[520, 532]]	1
tr|A3FQJ3|A3FQJ3_CRYPI	Q8IY21	[[164, 174]]	[[149, 159]]	1
tr|A3FQJ3|A3FQJ3_CRYPI	O75643	[[168, 180]]	[[1331, 1343]]	1
tr|A3FQJ3|A3FQJ3_CRYPI	Q6Q759	[[252, 263]]	[[543, 554]]	1
tr|A3FQJ3|A3FQJ3_CRYPI	O95602	[[39, 51]]	[[1563, 1575]]	1
tr|A3FQJ3|A3FQJ3_CRYPI	Q6NSI4	[[611, 621]]	[[129, 139]]	1
tr|A3FQJ4|A3FQJ4_CRYPI	O75643	[[348, 361]]	[[2110, 2123]]	1
tr|A3FQJ5|A3FQJ5_CRYPI	Q8WVJ2	[[62, 79]]	[[123, 140]]	1
tr|A3FQJ8|A3FQJ8_CRYPI	Q9BYD9	[[10, 24]]	[[9, 23]]	1
tr|A3FQJ8|A3FQJ8_CRYPI	P63267	[[55, 76], [236, 250], [202, 218], [284, 297], [298, 316], [133, 156], [164, 201]]	[[55, 76], [236, 250], [202, 218], [284, 297], [298, 316], [133, 156], [164, 201]]	7
tr|A3FQJ8|A3FQJ8_CRYPI	P60709	[[195, 213], [294, 306], [65, 78]]	[[194, 212], [293, 305], [64, 77]]	3
tr|A3FQJ8|A3FQJ8_CRYPI	Q562R1	[[200, 212], [291, 303], [42, 61], [7, 19], [276, 287]]	[[200, 212], [291, 303], [42, 61], [7, 19], [276, 287]]	5
tr|A3FQJ8|A3FQJ8_CRYPI	P0CG39	[[273, 285]]	[[935, 947]]	1
tr|A3FQJ8|A3FQJ8_CRYPI	Q8TDG2	[[293, 305]]	[[293, 305]]	1
tr|A3FQJ8|A3FQJ8_CRYPI	Q9BYX7	[[296, 308]]	[[295, 307]]	1
tr|A3FQJ8|A3FQJ8_CRYPI	P61160	[[297, 309]]	[[300, 312]]	1
tr|A3FQJ9|A3FQJ9_CRYPI	Q14669	[[107, 118]]	[[141, 152]]	1
tr|A3FQK0|A3FQK0_CRYPI	Q96EP5	[[158, 169], [47, 59]]	[[151, 162], [49, 61]]	2
tr|A3FQK0|A3FQK0_CRYPI	O43347	[[160, 174]]	[[149, 163]]	1
tr|A3FQK0|A3FQK0_CRYPI	Q14011	[[160, 172]]	[[46, 58]]	1
tr|A3FQK0|A3FQK0_CRYPI	O14979	[[41, 53]]	[[181, 193]]	1
tr|A3FQK1|A3FQK1_CRYPI	Q8IXY8	[[108, 122]]	[[219, 233]]	1
tr|A3FQK1|A3FQK1_CRYPI	Q9UNP9	[[86, 100], [116, 126], [129, 142]]	[[188, 202], [218, 228], [231, 244]]	3
tr|A3FQK1|A3FQK1_CRYPI	P30414	[[118, 129]]	[[95, 106]]	1
tr|A3FQK1|A3FQK1_CRYPI	Q08752	[[124, 136]]	[[110, 122]]	1
tr|A3FQK1|A3FQK1_CRYPI	O43447	[[125, 137]]	[[103, 115]]	1
tr|A3FQK1|A3FQK1_CRYPI	P62937	[[154, 166]]	[[120, 132]]	1
tr|A3FQK1|A3FQK1_CRYPI	Q13427	[[42, 55]]	[[19, 32]]	1
tr|A3FQK1|A3FQK1_CRYPI	P49792	[[58, 72]]	[[3091, 3105]]	1
tr|A3FQK1|A3FQK1_CRYPI	P45877	[[96, 108]]	[[96, 108]]	1
tr|A3FQK2|A3FQK2_CRYPI	O75439	[[157, 169]]	[[170, 182]]	1
tr|A3FQK2|A3FQK2_CRYPI	P31930	[[88, 98]]	[[91, 101]]	1
tr|A3FQK3|A3FQK3_CRYPI	Q96NG3	[[111, 122]]	[[342, 353]]	1
tr|A3FQK3|A3FQK3_CRYPI	Q9P2M7	[[72, 83]]	[[1144, 1155]]	1
tr|A3FQK3|A3FQK3_CRYPI	Q9HAV7	[[99, 111]]	[[79, 91]]	1
tr|A3FQK4|A3FQK4_CRYPI	P62304	[[9, 21]]	[[10, 22]]	1
tr|A3FQK7|A3FQK7_CRYPI	P53634	[[397, 414]]	[[289, 306]]	1
tr|A3FQK7|A3FQK7_CRYPI	P09668	[[539, 558]]	[[285, 304]]	1
tr|A3FQK7|A3FQK7_CRYPI	P43234	[[548, 558]]	[[282, 292]]	1
tr|A3FQK7|A3FQK7_CRYPI	P43235	[[550, 566]]	[[291, 307]]	1
tr|A3FQK8|A3FQK8_CRYPI	O75792	[[3, 20], [80, 96], [61, 72]]	[[156, 173], [225, 241], [206, 217]]	3
tr|A3FQK9|A3FQK9_CRYPI	O95347	[[681, 693], [1048, 1060], [568, 580], [63, 85], [159, 178], [22, 58], [598, 610], [1168, 1194], [132, 157], [1124, 1147], [1153, 1165], [100, 113]]	[[647, 659], [1018, 1030], [539, 551], [63, 85], [159, 178], [22, 58], [569, 581], [1133, 1159], [132, 157], [1089, 1112], [1118, 1130], [100, 113]]	12
tr|A3FQK9|A3FQK9_CRYPI	P32780	[[191, 202]]	[[110, 121]]	1
tr|A3FQK9|A3FQK9_CRYPI	Q8N4C6	[[365, 374]]	[[664, 673]]	1
tr|A3FQK9|A3FQK9_CRYPI	Q9UJ83	[[399, 410]]	[[538, 549]]	1
tr|A3FQK9|A3FQK9_CRYPI	Q9NWS1	[[416, 427]]	[[412, 423]]	1
tr|A3FQK9|A3FQK9_CRYPI	P21860	[[455, 465]]	[[1254, 1264]]	1
tr|A3FQK9|A3FQK9_CRYPI	Q96LY2	[[831, 843]]	[[73, 85]]	1
tr|A3FQL0|A3FQL0_CRYPI	Q9NYR8	[[92, 106]]	[[6, 20]]	1
tr|A3FQL0|A3FQL0_CRYPI	P14061	[[93, 105]]	[[5, 17]]	1
tr|A3FQL1|A3FQL1_CRYPI	Q99698	[[123, 135]]	[[3634, 3646]]	1
tr|A3FQL1|A3FQL1_CRYPI	A6NC98	[[519, 530]]	[[1271, 1282]]	1
tr|A3FQL3|A3FQL3_CRYPI	Q14376	[[227, 246], [80, 95], [6, 27]]	[[233, 252], [83, 98], [3, 24]]	3
tr|A3FQL4|A3FQL4_CRYPI	Q9Y4Z0	[[20, 32]]	[[55, 67]]	1
tr|A3FQL5|A3FQL5_CRYPI	Q2TAA5	[[27, 36]]	[[75, 84]]	1
tr|A3FQL7|A3FQL7_CRYPI	P62316	[[81, 99], [28, 60]]	[[89, 107], [35, 67]]	2
tr|A3FQL8|A3FQL8_CRYPI	Q96NT1	[[79, 89]]	[[90, 100]]	1
tr|A3FQL9|A3FQL9_CRYPI	P62875	[[0, 12]]	[[0, 12]]	1
tr|A3FQM0|A3FQM0_CRYPI	P34932	[[159, 171]]	[[160, 172]]	1
tr|A3FQM0|A3FQM0_CRYPI	O95757	[[329, 345], [161, 178]]	[[332, 348], [162, 179]]	2
tr|A3FQM0|A3FQM0_CRYPI	Q92598	[[362, 376]]	[[364, 378]]	1
tr|A3FQM0|A3FQM0_CRYPI	P34931	[[38, 52]]	[[43, 57]]	1
tr|A3FQM1|A3FQM1_CRYPI	Q96PY6	[[184, 193]]	[[8, 17]]	1
tr|A3FQM1|A3FQM1_CRYPI	Q9UK32	[[186, 198]]	[[79, 91]]	1
tr|A3FQM1|A3FQM1_CRYPI	P51956	[[249, 261]]	[[73, 85]]	1
tr|A3FQM1|A3FQM1_CRYPI	Q9UHY1	[[426, 437]]	[[314, 325]]	1
tr|A3FQM2|A3FQM2_CRYPI	Q9H8S9	[[133, 151]]	[[148, 166]]	1
tr|A3FQM3|A3FQM3_CRYPI	P24821	[[14, 25]]	[[1074, 1085]]	1
tr|A3FQM3|A3FQM3_CRYPI	O95747	[[188, 198]]	[[286, 296]]	1
tr|A3FQM3|A3FQM3_CRYPI	O75054	[[27, 38]]	[[1011, 1022]]	1
tr|A3FQM3|A3FQM3_CRYPI	Q9H1I8	[[28, 40]]	[[653, 665]]	1
tr|A3FQM3|A3FQM3_CRYPI	P13667	[[31, 42]]	[[43, 54]]	1
tr|A3FQM3|A3FQM3_CRYPI	Q9Y4W2	[[31, 43]]	[[589, 601]]	1
tr|A3FQM3|A3FQM3_CRYPI	Q7Z6M4	[[33, 45]]	[[356, 368]]	1
tr|A3FQM3|A3FQM3_CRYPI	Q14188	[[35, 46]]	[[431, 442]]	1
tr|A3FQM3|A3FQM3_CRYPI	Q9BZC1	[[446, 454]]	[[191, 199]]	1
tr|A3FQM5|A3FQM5_CRYPI	Q8TEA7	[[127, 139]]	[[619, 631]]	1
tr|A3FQM5|A3FQM5_CRYPI	Q5R372	[[129, 140]]	[[694, 705]]	1
tr|A3FQM5|A3FQM5_CRYPI	Q8IYX3	[[255, 267]]	[[598, 610]]	1
tr|A3FQM6|A3FQM6_CRYPI	Q8N1N2	[[37, 48]]	[[155, 166]]	1
tr|A3FQM6|A3FQM6_CRYPI	Q9BY67	[[7, 20]]	[[337, 350]]	1
tr|A3FQN0|A3FQN0_CRYPI	P49841	[[264, 276], [197, 223]]	[[229, 241], [162, 188]]	2
tr|A3FQN0|A3FQN0_CRYPI	P49840	[[212, 225]]	[[240, 253]]	1
tr|A3FQN0|A3FQN0_CRYPI	Q13164	[[267, 283]]	[[237, 253]]	1
tr|A3FQN0|A3FQN0_CRYPI	P21127	[[273, 285]]	[[619, 631]]	1
tr|A3FQN0|A3FQN0_CRYPI	P17612	[[62, 73]]	[[47, 58]]	1
tr|A3FQN1|A3FQN1_CRYPI	Q15907	[[15, 33], [115, 134], [99, 111], [153, 165]]	[[15, 33], [115, 134], [99, 111], [153, 165]]	4
tr|A3FQN1|A3FQN1_CRYPI	P57735	[[116, 128]]	[[117, 129]]	1
tr|A3FQN2|A3FQN2_CRYPI	Q86VH2	[[139, 151]]	[[830, 842]]	1
tr|A3FQN2|A3FQN2_CRYPI	Q8IYT8	[[172, 184]]	[[946, 958]]	1
tr|A3FQN2|A3FQN2_CRYPI	Q5TZA2	[[658, 668]]	[[558, 568]]	1
tr|A3FQN2|A3FQN2_CRYPI	P0C091	[[887, 896]]	[[1958, 1967]]	1
tr|A3FQN3|A3FQN3_CRYPI	Q6ZUT3	[[1107, 1117]]	[[484, 494]]	1
tr|A3FQN3|A3FQN3_CRYPI	Q8WV24	[[1234, 1244]]	[[355, 365]]	1
tr|A3FQN3|A3FQN3_CRYPI	P58012	[[1234, 1247]]	[[287, 300]]	1
tr|A3FQN3|A3FQN3_CRYPI	Q07065	[[1268, 1278]]	[[50, 60]]	1
tr|A3FQN3|A3FQN3_CRYPI	Q96L91	[[31, 44]]	[[809, 822]]	1
tr|A3FQN5|A3FQN5_CRYPI	Q5TCX8	[[243, 254]]	[[492, 503]]	1
tr|A3FQN5|A3FQN5_CRYPI	Q8N4F4	[[65, 75]]	[[66, 76]]	1
tr|A3FQN6|A3FQN6_CRYPI	P32119	[[27, 47], [72, 84], [118, 131]]	[[29, 49], [74, 86], [120, 133]]	3
tr|A3FQN6|A3FQN6_CRYPI	P30048	[[36, 49], [142, 155], [120, 135], [163, 174]]	[[95, 108], [201, 214], [179, 194], [222, 233]]	4
tr|A3FQN6|A3FQN6_CRYPI	Q06830	[[160, 172], [22, 36]]	[[163, 175], [25, 39]]	2
tr|A3FQN6|A3FQN6_CRYPI	Q13162	[[38, 52]]	[[113, 127]]	1
tr|A3FQN7|A3FQN7_CRYPI	Q9BWJ5	[[54, 67], [13, 25]]	[[51, 64], [11, 23]]	2
tr|A3FQN7|A3FQN7_CRYPI	Q8IZT6	[[47, 55]]	[[2128, 2136]]	1
tr|A3FQN8|A3FQN8_CRYPI	Q496J9	[[115, 126]]	[[48, 59]]	1
tr|A3FQN8|A3FQN8_CRYPI	Q8IXS8	[[231, 243]]	[[475, 487]]	1
tr|A3FQN9|A3FQN9_CRYPI	Q9NRG4	[[215, 226]]	[[72, 83]]	1
tr|A3FQP0|A3FQP0_CRYPI	Q9P219	[[110, 121]]	[[1364, 1375]]	1
tr|A3FQP0|A3FQP0_CRYPI	O15047	[[239, 250]]	[[975, 986]]	1
tr|A3FQP0|A3FQP0_CRYPI	Q7Z6Z7	[[240, 252]]	[[2433, 2445]]	1
tr|A3FQP0|A3FQP0_CRYPI	Q8WYN3	[[241, 253]]	[[374, 386]]	1
tr|A3FQP0|A3FQP0_CRYPI	P09429	[[242, 254]]	[[196, 208]]	1
tr|A3FQP0|A3FQP0_CRYPI	P0DP91	[[244, 256]]	[[377, 389]]	1
tr|A3FQP0|A3FQP0_CRYPI	Q8TF50	[[246, 258]]	[[239, 251]]	1
tr|A3FQP0|A3FQP0_CRYPI	Q8IV16	[[247, 259]]	[[38, 50]]	1
tr|A3FQP0|A3FQP0_CRYPI	Q5VV16	[[248, 260]]	[[32, 44]]	1
tr|A3FQP0|A3FQP0_CRYPI	Q9UGK8	[[296, 308]]	[[226, 238]]	1
tr|A3FQP0|A3FQP0_CRYPI	Q9P2B2	[[35, 46]]	[[683, 694]]	1
tr|A3FQP0|A3FQP0_CRYPI	P23025	[[663, 673]]	[[74, 84]]	1
tr|A3FQP0|A3FQP0_CRYPI	P78412	[[665, 675]]	[[258, 268]]	1
tr|A3FQP0|A3FQP0_CRYPI	A0A3B3IU63	[[666, 678]]	[[113, 125]]	1
tr|A3FQP0|A3FQP0_CRYPI	Q86WV1	[[667, 679]]	[[219, 231]]	1
tr|A3FQP0|A3FQP0_CRYPI	Q96L91	[[693, 706]]	[[421, 434]]	1
tr|A3FQP0|A3FQP0_CRYPI	P46100	[[697, 709]]	[[1447, 1459]]	1
tr|A3FQP0|A3FQP0_CRYPI	Q96JP2	[[699, 717]]	[[2059, 2077]]	1
tr|A3FQP0|A3FQP0_CRYPI	Q5TCS8	[[699, 711]]	[[197, 209]]	1
tr|A3FQP0|A3FQP0_CRYPI	Q8WYR1	[[707, 719]]	[[320, 332]]	1
tr|A3FQP0|A3FQP0_CRYPI	P37275	[[708, 720]]	[[1063, 1075]]	1
tr|A3FQP0|A3FQP0_CRYPI	Q96JN2	[[710, 722]]	[[16, 28]]	1
tr|A3FQP0|A3FQP0_CRYPI	O43847	[[711, 723]]	[[143, 155]]	1
tr|A3FQP0|A3FQP0_CRYPI	Q9NUL5	[[712, 724]]	[[273, 285]]	1
tr|A3FQP0|A3FQP0_CRYPI	Q8TC90	[[715, 728]]	[[301, 321]]	1
tr|A3FQP0|A3FQP0_CRYPI	Q9UL68	[[718, 729]]	[[146, 157]]	1
tr|A3FQP0|A3FQP0_CRYPI	Q9BWU0	[[722, 734]]	[[597, 609]]	1
tr|A3FQP0|A3FQP0_CRYPI	Q9HAW4	[[725, 737]]	[[660, 672]]	1
tr|A3FQP0|A3FQP0_CRYPI	Q9UN42	[[726, 738]]	[[56, 68]]	1
tr|A3FQP0|A3FQP0_CRYPI	P27797	[[731, 741]]	[[367, 377]]	1
tr|A3FQP2|A3FQP2_CRYPI	Q8WVM8	[[49, 61], [207, 217], [118, 128], [90, 116], [271, 283]]	[[41, 53], [203, 213], [110, 120], [82, 108], [272, 284]]	5
tr|A3FQP2|A3FQP2_CRYPI	Q6ZQY3	[[381, 390]]	[[418, 427]]	1
tr|A3FQP3|A3FQP3_CRYPI	Q8NEK5	[[44, 54]]	[[522, 532]]	1
tr|A3FQP4|A3FQP4_CRYPI	Q08209	[[110, 128], [144, 153]]	[[112, 130], [146, 155]]	2
tr|A3FQP4|A3FQP4_CRYPI	P67775	[[136, 148]]	[[105, 117]]	1
tr|A3FQP4|A3FQP4_CRYPI	P62714	[[177, 190], [72, 90], [139, 174], [223, 239], [92, 111]]	[[146, 159], [41, 59], [108, 143], [192, 208], [61, 80]]	5
tr|A3FQP4|A3FQP4_CRYPI	Q9BV38	[[188, 196]]	[[224, 232]]	1
tr|A3FQP4|A3FQP4_CRYPI	P60510	[[67, 79]]	[[33, 45]]	1
tr|A3FQP5|A3FQP5_CRYPI	Q9NRW7	[[93, 120]]	[[219, 246]]	1
tr|A3FQP6|A3FQP6_CRYPI	P54136	[[132, 158], [484, 498], [168, 192], [35, 47], [207, 227]]	[[192, 218], [527, 541], [228, 252], [109, 121], [267, 287]]	5
tr|A3FQP6|A3FQP6_CRYPI	Q5T160	[[147, 159]]	[[140, 152]]	1
tr|A3FQP7|A3FQP7_CRYPI	P51965	[[106, 115]]	[[104, 113]]	1
tr|A3FQP7|A3FQP7_CRYPI	Q969M7	[[111, 125]]	[[94, 108]]	1
tr|A3FQP7|A3FQP7_CRYPI	P61088	[[119, 133]]	[[73, 87]]	1
tr|A3FQP7|A3FQP7_CRYPI	P61081	[[134, 147]]	[[112, 125]]	1
tr|A3FQP9|A3FQP9_CRYPI	P52701	[[1028, 1052], [1153, 1170], [1004, 1022], [1114, 1126], [1088, 1103]]	[[1152, 1176], [1282, 1299], [1128, 1146], [1238, 1250], [1212, 1227]]	5
tr|A3FQP9|A3FQP9_CRYPI	P43246	[[1026, 1037], [1082, 1099]]	[[685, 696], [741, 758]]	2
tr|A3FQP9|A3FQP9_CRYPI	O15457	[[1027, 1038]]	[[697, 708]]	1
tr|A3FQP9|A3FQP9_CRYPI	Q9UKU6	[[508, 519]]	[[780, 791]]	1
tr|A3FQQ1|A3FQQ1_CRYPI	Q15819	[[48, 70]]	[[51, 73]]	1
tr|A3FQQ2|A3FQQ2_CRYPI	Q9BRX8	[[627, 637]]	[[44, 54]]	1
tr|A3FQQ5|A3FQQ5_CRYPI	Q9NZD8	[[184, 195], [129, 141]]	[[126, 137], [69, 81]]	2
tr|A3FQQ6|A3FQQ6_CRYPI	Q9BY32	[[27, 40], [54, 80]]	[[39, 52], [66, 92]]	2
tr|A3FQQ7|A3FQQ7_CRYPI	Q14562	[[101, 113]]	[[658, 670]]	1
tr|A3FQQ7|A3FQQ7_CRYPI	O60231	[[125, 137]]	[[513, 525]]	1
tr|A3FQQ7|A3FQQ7_CRYPI	Q8IY37	[[127, 138]]	[[367, 378]]	1
tr|A3FQQ7|A3FQQ7_CRYPI	Q9H6S0	[[27, 36]]	[[213, 222]]	1
tr|A3FQQ7|A3FQQ7_CRYPI	Q9H5Z1	[[26, 38]]	[[73, 85]]	1
tr|A3FQQ7|A3FQQ7_CRYPI	Q9HC29	[[28, 40]]	[[297, 309]]	1
tr|A3FQQ7|A3FQQ7_CRYPI	P13569	[[31, 44]]	[[1245, 1258]]	1
tr|A3FQQ7|A3FQQ7_CRYPI	Q8NDG6	[[313, 324]]	[[437, 448]]	1
tr|A3FQQ7|A3FQQ7_CRYPI	Q08211	[[315, 327]]	[[707, 719]]	1
tr|A3FQQ7|A3FQQ7_CRYPI	Q14147	[[317, 329]]	[[436, 448]]	1
tr|A3FQQ7|A3FQQ7_CRYPI	Q6IMN6	[[391, 400]]	[[707, 716]]	1
tr|A3FQQ7|A3FQQ7_CRYPI	Q9H6R0	[[55, 70]]	[[121, 136]]	1
tr|A3FQQ8|A3FQQ8_CRYPI	O15439	[[569, 584], [539, 549]]	[[533, 548], [503, 513]]	2
tr|A3FQQ8|A3FQQ8_CRYPI	P47211	[[996, 1007]]	[[81, 92]]	1
tr|A3FQQ9|A3FQQ9_CRYPI	Q86UK0	[[1016, 1027]]	[[1064, 1075]]	1
tr|A3FQQ9|A3FQQ9_CRYPI	Q9H078	[[1204, 1212]]	[[249, 257]]	1
tr|A3FQQ9|A3FQQ9_CRYPI	Q5T3U5	[[1327, 1339]]	[[1269, 1281]]	1
tr|A3FQQ9|A3FQQ9_CRYPI	O15440	[[1331, 1344]]	[[1220, 1233]]	1
tr|A3FQQ9|A3FQQ9_CRYPI	Q03519	[[1359, 1370]]	[[524, 535]]	1
tr|A3FQQ9|A3FQQ9_CRYPI	O15439	[[600, 611]]	[[531, 542]]	1
tr|A3FQQ9|A3FQQ9_CRYPI	Q9NUQ8	[[602, 613]]	[[609, 620]]	1
tr|A3FQR0|A3FQR0_CRYPI	P47914	[[0, 12]]	[[0, 12]]	1
tr|A3FQR1|A3FQR1_CRYPI	Q9NVX2	[[329, 341], [506, 518], [466, 478], [128, 142], [153, 164], [436, 451]]	[[280, 292], [456, 468], [416, 428], [103, 117], [128, 139], [386, 401]]	6
tr|A3FQR1|A3FQR1_CRYPI	O14727	[[137, 148]]	[[655, 666]]	1
tr|A3FQR1|A3FQR1_CRYPI	Q5ZPR3	[[139, 150]]	[[44, 55]]	1
tr|A3FQR1|A3FQR1_CRYPI	Q9BVC4	[[144, 156]]	[[225, 237]]	1
tr|A3FQR1|A3FQR1_CRYPI	Q9BZK7	[[427, 444], [150, 162]]	[[447, 464], [180, 192]]	2
tr|A3FQR1|A3FQR1_CRYPI	Q6ZRV2	[[222, 232]]	[[759, 769]]	1
tr|A3FQR1|A3FQR1_CRYPI	Q149M9	[[267, 279]]	[[926, 938]]	1
tr|A3FQR1|A3FQR1_CRYPI	Q9NSI6	[[324, 336]]	[[456, 468]]	1
tr|A3FQR1|A3FQR1_CRYPI	Q6UXN9	[[442, 450]]	[[127, 135]]	1
tr|A3FQR1|A3FQR1_CRYPI	Q8TC44	[[478, 490]]	[[200, 212]]	1
tr|A3FQR1|A3FQR1_CRYPI	Q8TAF3	[[480, 491]]	[[91, 102]]	1
tr|A3FQR1|A3FQR1_CRYPI	Q9UKB1	[[482, 493]]	[[296, 307]]	1
tr|A3FQR1|A3FQR1_CRYPI	Q969U6	[[524, 533]]	[[110, 119]]	1
tr|A3FQR3|A3FQR3_CRYPI	O15498	[[136, 148]]	[[159, 171]]	1
tr|A3FQR4|A3FQR4_CRYPI	Q6P1N9	[[8, 26], [226, 241], [136, 148]]	[[4, 22], [214, 229], [129, 141]]	3
tr|A3FQR5|A3FQR5_CRYPI	P53618	[[1101, 1119], [1197, 1218], [143, 162], [96, 127]]	[[839, 857], [889, 910], [143, 162], [96, 127]]	4
tr|A3FQR5|A3FQR5_CRYPI	Q9H8M5	[[685, 696]]	[[774, 785]]	1
tr|A3FQR6|A3FQR6_CRYPI	Q8IU89	[[154, 166]]	[[340, 352]]	1
tr|A3FQR6|A3FQR6_CRYPI	Q9UPY3	[[155, 167]]	[[1413, 1425]]	1
tr|A3FQR6|A3FQR6_CRYPI	Q6PL18	[[159, 174]]	[[257, 272]]	1
tr|A3FQR6|A3FQR6_CRYPI	P23327	[[164, 176]]	[[244, 256]]	1
tr|A3FQR6|A3FQR6_CRYPI	Q9BXN1	[[165, 180]]	[[37, 49]]	1
tr|A3FQR6|A3FQR6_CRYPI	Q969K3	[[170, 182]]	[[224, 236]]	1
tr|A3FQR6|A3FQR6_CRYPI	Q6IN85	[[174, 186]]	[[808, 820]]	1
tr|A3FQR6|A3FQR6_CRYPI	Q9UMN6	[[177, 187]]	[[361, 371]]	1
tr|A3FQR6|A3FQR6_CRYPI	Q9UER7	[[69, 81]]	[[439, 451]]	1
tr|A3FQR6|A3FQR6_CRYPI	Q1XH10	[[70, 82]]	[[415, 427]]	1
tr|A3FQR6|A3FQR6_CRYPI	Q1KMD3	[[72, 83]]	[[72, 83]]	1
tr|A3FQR6|A3FQR6_CRYPI	Q06481	[[74, 89]]	[[216, 231]]	1
tr|A3FQR6|A3FQR6_CRYPI	Q8WYB5	[[80, 93]]	[[1071, 1084]]	1
tr|A3FQR6|A3FQR6_CRYPI	Q9NY27	[[83, 94]]	[[297, 308]]	1
tr|A3FQR6|A3FQR6_CRYPI	Q9Y5Q8	[[84, 96]]	[[488, 500]]	1
tr|A3FQR6|A3FQR6_CRYPI	Q8IX15	[[85, 97]]	[[527, 539]]	1
tr|A3FQR6|A3FQR6_CRYPI	Q13029	[[86, 97]]	[[273, 284]]	1
tr|A3FQR6|A3FQR6_CRYPI	Q16676	[[87, 97]]	[[27, 37]]	1
tr|A3FQR8|A3FQR8_CRYPI	Q8N752	[[101, 123], [188, 206]]	[[98, 120], [185, 203]]	2
tr|A3FQR8|A3FQR8_CRYPI	P48730	[[155, 168], [182, 194], [121, 139]]	[[144, 157], [171, 183], [110, 128]]	3
tr|A3FQR8|A3FQR8_CRYPI	P48729	[[183, 199], [23, 37]]	[[180, 196], [22, 36]]	2
tr|A3FQR9|A3FQR9_CRYPI	Q53EL9	[[128, 139]]	[[223, 234]]	1
tr|A3FQR9|A3FQR9_CRYPI	O94856	[[130, 142]]	[[1079, 1091]]	1
tr|A3FQR9|A3FQR9_CRYPI	Q02817	[[154, 166]]	[[1692, 1704]]	1
tr|A3FQR9|A3FQR9_CRYPI	P98088	[[164, 177], [183, 196], [181, 193]]	[[2496, 2509], [2496, 2509], [2406, 2418]]	3
tr|A3FQR9|A3FQR9_CRYPI	Q96JB1	[[559, 571]]	[[1736, 1748]]	1
tr|A3FQR9|A3FQR9_CRYPI	P46531	[[571, 580]]	[[551, 560]]	1
tr|A3FQR9|A3FQR9_CRYPI	P35556	[[571, 591], [585, 593]]	[[1433, 1453], [2447, 2455]]	2
tr|A3FQR9|A3FQR9_CRYPI	P35555	[[575, 589], [602, 613]]	[[1392, 1406], [1085, 1096]]	2
tr|A3FQR9|A3FQR9_CRYPI	Q75N90	[[602, 612]]	[[1043, 1053]]	1
tr|A3FQS0|A3FQS0_CRYPI	Q6ZRI0	[[322, 333]]	[[1679, 1690]]	1
tr|A3FQS0|A3FQS0_CRYPI	O00743	[[448, 460]]	[[45, 57]]	1
tr|A3FQS0|A3FQS0_CRYPI	P53041	[[664, 675]]	[[416, 427]]	1
tr|A3FQS1|A3FQS1_CRYPI	Q9HAE3	[[1076, 1087]]	[[71, 82]]	1
tr|A3FQS1|A3FQS1_CRYPI	Q9P0L2	[[108, 120]]	[[112, 124]]	1
tr|A3FQS1|A3FQS1_CRYPI	Q96QS6	[[135, 144]]	[[140, 149]]	1
tr|A3FQS1|A3FQS1_CRYPI	O75385	[[169, 181]]	[[129, 141]]	1
tr|A3FQS1|A3FQS1_CRYPI	Q15746	[[366, 376]]	[[1601, 1611]]	1
tr|A3FQS1|A3FQS1_CRYPI	Q04759	[[391, 400]]	[[544, 553]]	1
tr|A3FQS1|A3FQS1_CRYPI	Q9BYT3	[[406, 414]]	[[303, 311]]	1
tr|A3FQS1|A3FQS1_CRYPI	Q8IU85	[[409, 421]]	[[204, 216]]	1
tr|A3FQS1|A3FQS1_CRYPI	P11802	[[471, 481]]	[[282, 292]]	1
tr|A3FQS1|A3FQS1_CRYPI	Q9UQ07	[[470, 482]]	[[271, 283]]	1
tr|A3FQS1|A3FQS1_CRYPI	Q16566	[[471, 483]]	[[287, 299]]	1
tr|A3FQS1|A3FQS1_CRYPI	Q92630	[[476, 485]]	[[527, 536]]	1
tr|A3FQS1|A3FQS1_CRYPI	Q99550	[[925, 936]]	[[950, 961]]	1
tr|A3FQS2|A3FQS2_CRYPI	Q9P2G4	[[535, 544]]	[[465, 474]]	1
tr|Q5CPD9|Q5CPD9_CRYPI	Q96NG5	[[261, 273]]	[[84, 96]]	1
tr|Q5CPE0|Q5CPE0_CRYPI	O15062	[[75, 83]]	[[654, 662]]	1
tr|Q5CPE1|Q5CPE1_CRYPI	P49915	[[509, 520], [432, 452], [289, 305]]	[[511, 522], [429, 449], [264, 280]]	3
tr|Q5CPE1|Q5CPE1_CRYPI	Q9H8E8	[[309, 318]]	[[743, 752]]	1
tr|Q5CPE3|Q5CPE3_CRYPI	O75746	[[114, 123]]	[[116, 125]]	1
tr|Q5CPE3|Q5CPE3_CRYPI	Q9BXN1	[[169, 181]]	[[37, 49]]	1
tr|Q5CPE3|Q5CPE3_CRYPI	Q6PGQ1	[[171, 183]]	[[114, 126]]	1
tr|Q5CPE3|Q5CPE3_CRYPI	Q15910	[[175, 184]]	[[180, 189]]	1
tr|Q5CPE3|Q5CPE3_CRYPI	Q9NW13	[[176, 187]]	[[232, 243]]	1
tr|Q5CPE3|Q5CPE3_CRYPI	Q8N4Y2	[[188, 199]]	[[128, 139]]	1
tr|Q5CPE3|Q5CPE3_CRYPI	Q9BWU0	[[200, 210]]	[[603, 613]]	1
tr|Q5CPE3|Q5CPE3_CRYPI	Q8NHL6	[[6, 17]]	[[469, 480]]	1
tr|Q5CPE3|Q5CPE3_CRYPI	Q13627	[[93, 105]]	[[604, 616]]	1
tr|Q5CPE4|Q5CPE4_CRYPI	Q8NI27	[[183, 195]]	[[324, 336]]	1
tr|Q5CPE4|Q5CPE4_CRYPI	A6NHQ2	[[56, 68]]	[[2, 14]]	1
tr|Q5CPE4|Q5CPE4_CRYPI	Q03828	[[60, 71]]	[[410, 421]]	1
tr|Q5CPE4|Q5CPE4_CRYPI	Q86Y38	[[62, 73]]	[[81, 92]]	1
tr|Q5CPE5|Q5CPE5_CRYPI	O95983	[[134, 146]]	[[268, 280]]	1
tr|Q5CPE5|Q5CPE5_CRYPI	Q14028	[[137, 149]]	[[353, 365]]	1
tr|Q5CPE5|Q5CPE5_CRYPI	Q14160	[[146, 157]]	[[670, 681]]	1
tr|Q5CPE5|Q5CPE5_CRYPI	Q9NY12	[[59, 70]]	[[175, 186]]	1
tr|Q5CPE5|Q5CPE5_CRYPI	Q52LJ0	[[60, 71]]	[[343, 354]]	1
tr|Q5CPE5|Q5CPE5_CRYPI	P31942	[[62, 71]]	[[321, 330]]	1
tr|Q5CPE5|Q5CPE5_CRYPI	P31269	[[91, 99]]	[[81, 89]]	1
tr|Q5CPE5|Q5CPE5_CRYPI	O95180	[[91, 102]]	[[517, 528]]	1
tr|Q5CPE5|Q5CPE5_CRYPI	Q96EV2	[[95, 104]]	[[634, 643]]	1
tr|Q5CPE6|Q5CPE6_CRYPI	O15327	[[106, 116]]	[[390, 400]]	1
tr|Q5CPE6|Q5CPE6_CRYPI	Q8NI27	[[196, 208]]	[[324, 336]]	1
tr|Q5CPE8|Q5CPE8_CRYPI	Q15021	[[12, 22]]	[[746, 756]]	1
tr|Q5CPE8|Q5CPE8_CRYPI	Q09327	[[281, 293]]	[[299, 311]]	1
tr|Q5CPE9|Q5CPE9_CRYPI	Q9BXN1	[[151, 163]]	[[37, 52]]	1
tr|Q5CPE9|Q5CPE9_CRYPI	Q8IYW5	[[165, 177]]	[[151, 163]]	1
tr|Q5CPE9|Q5CPE9_CRYPI	Q9H446	[[168, 178]]	[[122, 132]]	1
tr|Q5CPE9|Q5CPE9_CRYPI	Q8IW03	[[80, 88]]	[[71, 79]]	1
tr|Q5CPE9|Q5CPE9_CRYPI	O76050	[[83, 93]]	[[39, 49]]	1
tr|Q5CPF0|Q5CPF0_CRYPI	Q8NCQ7	[[168, 180]]	[[240, 252]]	1
tr|Q5CPF3|Q5CPF3_CRYPI	Q06413	[[493, 504]]	[[119, 130]]	1
tr|Q5CPF4|Q5CPF4_CRYPI	O60239	[[11, 22]]	[[21, 32]]	1
tr|Q5CPF4|Q5CPF4_CRYPI	P42285	[[564, 579], [177, 189], [1272, 1283], [592, 604], [632, 644]]	[[450, 465], [189, 201], [905, 916], [478, 490], [518, 530]]	5
tr|Q5CPF4|Q5CPF4_CRYPI	P20396	[[13, 30]]	[[89, 101]]	1
tr|Q5CPF4|Q5CPF4_CRYPI	A8MW95	[[1353, 1363]]	[[411, 421]]	1
tr|Q5CPF4|Q5CPF4_CRYPI	Q15477	[[568, 579], [581, 602], [248, 273], [151, 166], [173, 185], [219, 237], [286, 300], [676, 690]]	[[634, 645], [647, 668], [419, 444], [334, 349], [356, 368], [390, 408], [457, 471], [740, 754]]	8
tr|Q5CPF4|Q5CPF4_CRYPI	P37275	[[15, 32]]	[[1066, 1079]]	1
tr|Q5CPF4|Q5CPF4_CRYPI	Q9C0A1	[[17, 29]]	[[1710, 1722]]	1
tr|Q5CPF4|Q5CPF4_CRYPI	Q13563	[[26, 35]]	[[98, 107]]	1
tr|Q5CPF4|Q5CPF4_CRYPI	Q5H9U9	[[248, 256]]	[[865, 873]]	1
tr|Q5CPF4|Q5CPF4_CRYPI	Q7Z6G8	[[413, 425]]	[[294, 306]]	1
tr|Q5CPF4|Q5CPF4_CRYPI	Q5FYB1	[[8, 20]]	[[522, 534]]	1
tr|Q5CPF4|Q5CPF4_CRYPI	Q5JUK3	[[790, 801]]	[[1003, 1014]]	1
tr|Q5CPF5|Q5CPF5_CRYPI	P78312	[[1024, 1035]]	[[1189, 1200]]	1
tr|Q5CPF5|Q5CPF5_CRYPI	P54727	[[911, 922]]	[[259, 270]]	1
tr|Q5CPF5|Q5CPF5_CRYPI	A0FGR9	[[916, 928]]	[[643, 655]]	1
tr|Q5CPF5|Q5CPF5_CRYPI	Q9ULD6	[[981, 991]]	[[23, 33]]	1
tr|Q5CPF6|Q5CPF6_CRYPI	Q9H5H4	[[149, 157]]	[[456, 464]]	1
tr|Q5CPF6|Q5CPF6_CRYPI	Q6ZN55	[[149, 158]]	[[821, 830]]	1
tr|Q5CPF6|Q5CPF6_CRYPI	Q8IV63	[[151, 159]]	[[4, 12]]	1
tr|Q5CPF7|Q5CPF7_CRYPI	Q13444	[[1169, 1179]]	[[278, 288]]	1
tr|Q5CPF7|Q5CPF7_CRYPI	P56715	[[1331, 1342]]	[[2058, 2069]]	1
tr|Q5CPF7|Q5CPF7_CRYPI	Q6ZWI9	[[1365, 1377]]	[[218, 230]]	1
tr|Q5CPF7|Q5CPF7_CRYPI	Q9UM73	[[188, 198]]	[[387, 397]]	1
tr|Q5CPF7|Q5CPF7_CRYPI	Q9BQQ3	[[2641, 2649]]	[[161, 169]]	1
tr|Q5CPF7|Q5CPF7_CRYPI	Q8WWQ0	[[568, 579]]	[[1268, 1279]]	1
tr|Q5CPF7|Q5CPF7_CRYPI	Q8NFU4	[[750, 758]]	[[50, 58]]	1
tr|Q5CPF8|Q5CPF8_CRYPI	O14905	[[155, 163]]	[[291, 299]]	1
tr|Q5CPF9|Q5CPF9_CRYPI	P18440	[[1710, 1720]]	[[193, 203]]	1
tr|Q5CPF9|Q5CPF9_CRYPI	Q9NZC9	[[259, 271]]	[[707, 719]]	1
tr|Q5CPF9|Q5CPF9_CRYPI	Q6ZW61	[[369, 381]]	[[342, 354]]	1
tr|Q5CPG0|Q5CPG0_CRYPI	P13645	[[9, 19]]	[[519, 529]]	1
tr|Q5CPG1|Q5CPG1_CRYPI	Q8TDI8	[[150, 162]]	[[445, 457]]	1
tr|Q5CPG2|Q5CPG2_CRYPI	P0CJ92	[[106, 115]]	[[142, 151]]	1
tr|Q5CPG5|Q5CPG5_CRYPI	Q9BTW9	[[60, 71], [1019, 1034]]	[[64, 75], [857, 872]]	2
tr|Q5CPG5|Q5CPG5_CRYPI	Q8WTR7	[[726, 735]]	[[382, 391]]	1
tr|Q5CPG6|Q5CPG6_CRYPI	P55039	[[0, 11], [112, 126], [184, 196], [14, 34], [205, 218], [331, 344], [233, 249]]	[[0, 11], [112, 126], [184, 196], [14, 34], [205, 218], [328, 341], [233, 249]]	7
tr|Q5CPG6|Q5CPG6_CRYPI	Q9Y295	[[3, 21], [324, 347]]	[[4, 22], [324, 347]]	2
tr|Q5CPG8|Q5CPG8_CRYPI	Q86UZ6	[[472, 479]]	[[418, 425]]	1
tr|Q5CPG8|Q5CPG8_CRYPI	Q701N4	[[484, 494]]	[[132, 142]]	1
tr|Q5CPG8|Q5CPG8_CRYPI	Q8TE60	[[488, 497]]	[[1212, 1221]]	1
tr|Q5CPG9|Q5CPG9_CRYPI	P51587	[[267, 277]]	[[3135, 3145]]	1
tr|Q5CPH1|Q5CPH1_CRYPI	P23526	[[80, 92], [290, 302], [394, 407], [466, 479], [36, 50], [413, 430], [230, 248], [303, 314], [271, 289], [51, 64]]	[[82, 94], [235, 247], [337, 350], [403, 416], [38, 52], [356, 373], [175, 193], [248, 259], [216, 234], [53, 66]]	10
tr|Q5CPH1|Q5CPH1_CRYPI	Q96HN2	[[295, 307]]	[[419, 431]]	1
tr|Q5CPH2|Q5CPH2_CRYPI	Q9Y5S2	[[145, 155]]	[[736, 746]]	1
tr|Q5CPH2|Q5CPH2_CRYPI	Q9ULD9	[[87, 99]]	[[808, 820]]	1
tr|Q5CPH4|Q5CPH4_CRYPI	Q49AJ0	[[1022, 1035]]	[[1212, 1225]]	1
tr|Q5CPH5|Q5CPH5_CRYPI	Q14574	[[245, 255]]	[[875, 885]]	1
tr|Q5CPH7|Q5CPH7_CRYPI	Q8WXI7	[[30, 42]]	[[4505, 4517]]	1
tr|Q5CPH7|Q5CPH7_CRYPI	Q8NEF3	[[506, 518]]	[[256, 268]]	1
tr|Q5CPH7|Q5CPH7_CRYPI	O75264	[[511, 522]]	[[89, 100]]	1
tr|Q5CPH7|Q5CPH7_CRYPI	Q9H446	[[514, 526]]	[[123, 135]]	1
tr|Q5CPH7|Q5CPH7_CRYPI	Q9Y6M7	[[519, 530]]	[[1151, 1162]]	1
tr|Q5CPH7|Q5CPH7_CRYPI	Q9Y281	[[535, 545]]	[[25, 35]]	1
tr|Q5CPH7|Q5CPH7_CRYPI	P23528	[[536, 545]]	[[26, 35]]	1
tr|Q5CPH7|Q5CPH7_CRYPI	Q15696	[[638, 649]]	[[112, 123]]	1
tr|Q5CPH7|Q5CPH7_CRYPI	Q14872	[[705, 717]]	[[75, 87]]	1
tr|Q5CPH7|Q5CPH7_CRYPI	Q92570	[[715, 726]]	[[382, 393]]	1
tr|Q5CPH7|Q5CPH7_CRYPI	O75909	[[719, 737]]	[[290, 302]]	1
tr|Q5CPH7|Q5CPH7_CRYPI	Q9BRL6	[[853, 862]]	[[259, 268]]	1
tr|Q5CPH7|Q5CPH7_CRYPI	Q08170	[[852, 863], [854, 866]]	[[293, 304], [465, 477]]	2
tr|Q5CPH7|Q5CPH7_CRYPI	Q13247	[[853, 864]]	[[289, 300]]	1
tr|Q5CPH7|Q5CPH7_CRYPI	Q13243	[[857, 870]]	[[215, 228]]	1
tr|Q5CPH7|Q5CPH7_CRYPI	Q8IYB3	[[862, 874]]	[[277, 289]]	1
tr|Q5CPH7|Q5CPH7_CRYPI	Q01130	[[865, 878]]	[[145, 158]]	1
tr|Q5CPH7|Q5CPH7_CRYPI	Q5T8P6	[[869, 887]]	[[198, 211]]	1
tr|Q5CPH7|Q5CPH7_CRYPI	Q7L4I2	[[871, 889]]	[[188, 201]]	1
tr|Q5CPH7|Q5CPH7_CRYPI	Q9UK58	[[879, 891]]	[[393, 405]]	1
tr|Q5CPH7|Q5CPH7_CRYPI	Q96S94	[[888, 900]]	[[460, 472]]	1
tr|Q5CPH7|Q5CPH7_CRYPI	O95218	[[892, 904]]	[[220, 232]]	1
tr|Q5CPH7|Q5CPH7_CRYPI	Q02509	[[956, 967]]	[[41, 52]]	1
tr|Q5CPH7|Q5CPH7_CRYPI	Q96RL7	[[974, 986]]	[[753, 765]]	1
tr|Q5CPI4|Q5CPI4_CRYPI	Q96JI7	[[290, 302]]	[[150, 162]]	1
tr|Q5CPI5|Q5CPI5_CRYPI	Q58HT5	[[331, 344]]	[[289, 302]]	1
tr|Q5CPI6|Q5CPI6_CRYPI	Q8WVM7	[[1025, 1036]]	[[676, 687]]	1
tr|Q5CPI6|Q5CPI6_CRYPI	P25490	[[1026, 1037]]	[[42, 53]]	1
tr|Q5CPI6|Q5CPI6_CRYPI	P19338	[[1027, 1038]]	[[242, 253]]	1
tr|Q5CPI6|Q5CPI6_CRYPI	P17480	[[1027, 1039]]	[[722, 734]]	1
tr|Q5CPI6|Q5CPI6_CRYPI	A1YPR0	[[1029, 1041]]	[[139, 151]]	1
tr|Q5CPI6|Q5CPI6_CRYPI	P35716	[[1030, 1042]]	[[223, 235]]	1
tr|Q5CPI6|Q5CPI6_CRYPI	Q969K3	[[1031, 1041]]	[[225, 235]]	1
tr|Q5CPI6|Q5CPI6_CRYPI	Q9Y5J1	[[1033, 1044]]	[[143, 154]]	1
tr|Q5CPI6|Q5CPI6_CRYPI	Q8TF50	[[1034, 1046]]	[[240, 252]]	1
tr|Q5CPI6|Q5CPI6_CRYPI	Q9NXL9	[[241, 252]]	[[213, 224]]	1
tr|Q5CPI6|Q5CPI6_CRYPI	Q14566	[[502, 523], [535, 558], [447, 468], [308, 327], [472, 488], [584, 599]]	[[440, 461], [473, 496], [385, 406], [282, 301], [410, 426], [522, 537]]	6
tr|Q5CPI6|Q5CPI6_CRYPI	P33993	[[426, 438]]	[[350, 362]]	1
tr|Q5CPI6|Q5CPI6_CRYPI	P25205	[[588, 600]]	[[475, 487]]	1
tr|Q5CPI6|Q5CPI6_CRYPI	Q96MU7	[[766, 780]]	[[223, 237]]	1
tr|Q5CPI6|Q5CPI6_CRYPI	Q9BTT0	[[770, 782]]	[[164, 176]]	1
tr|Q5CPI6|Q5CPI6_CRYPI	P37275	[[771, 783]]	[[1060, 1072]]	1
tr|Q5CPI6|Q5CPI6_CRYPI	Q9NYB0	[[772, 783]]	[[295, 306]]	1
tr|Q5CPI6|Q5CPI6_CRYPI	Q86U38	[[773, 785]]	[[161, 173]]	1
tr|Q5CPI6|Q5CPI6_CRYPI	Q96M32	[[774, 785]]	[[425, 436]]	1
tr|Q5CPI7|Q5CPI7_CRYPI	Q14997	[[74, 84]]	[[542, 552]]	1
tr|Q5CPI8|Q5CPI8_CRYPI	P49790	[[5, 16]]	[[1150, 1161]]	1
tr|Q5CPI9|Q5CPI9_CRYPI	Q8IXT5	[[989, 999]]	[[734, 744]]	1
tr|Q5CPJ0|Q5CPJ0_CRYPI	Q53LP3	[[22, 29]]	[[435, 442]]	1
tr|Q5CPJ0|Q5CPJ0_CRYPI	O00257	[[198, 210]]	[[380, 392]]	1
tr|Q5CPJ0|Q5CPJ0_CRYPI	Q96AQ6	[[201, 211]]	[[719, 729]]	1
tr|Q5CPJ1|Q5CPJ1_CRYPI	P47974	[[167, 177]]	[[297, 307]]	1
tr|Q5CPJ2|Q5CPJ2_CRYPI	Q96MI9	[[290, 302]]	[[148, 160]]	1
tr|Q5CPJ3|Q5CPJ3_CRYPI	Q93075	[[577, 585]]	[[268, 276]]	1
tr|Q5CPJ5|Q5CPJ5_CRYPI	Q9H1E5	[[268, 279]]	[[192, 203]]	1
tr|Q5CPJ5|Q5CPJ5_CRYPI	P22674	[[289, 297]]	[[109, 117]]	1
tr|Q5CPJ6|Q5CPJ6_CRYPI	Q04609	[[228, 236]]	[[33, 41]]	1
tr|Q5CPJ7|Q5CPJ7_CRYPI	P07237	[[59, 72], [97, 114]]	[[50, 63], [88, 105]]	2
tr|Q5CPJ7|Q5CPJ7_CRYPI	Q86W28	[[299, 308]]	[[85, 94]]	1
tr|Q5CPJ7|Q5CPJ7_CRYPI	P13667	[[360, 371], [381, 395]]	[[524, 535], [81, 95]]	2
tr|Q5CPJ7|Q5CPJ7_CRYPI	P30101	[[379, 399]]	[[394, 414]]	1
tr|Q5CPJ7|Q5CPJ7_CRYPI	Q8NBS9	[[54, 65], [56, 68]]	[[81, 92], [211, 223]]	2
tr|Q5CPK0|Q5CPK0_CRYPI	Q93100	[[319, 327]]	[[600, 608]]	1
tr|Q5CPK0|Q5CPK0_CRYPI	Q14165	[[40, 49]]	[[228, 237]]	1
tr|Q5CPK0|Q5CPK0_CRYPI	Q8WYB5	[[39, 51]]	[[1347, 1359]]	1
tr|Q5CPK0|Q5CPK0_CRYPI	Q5VYS8	[[44, 54]]	[[851, 861]]	1
tr|Q5CPK0|Q5CPK0_CRYPI	Q9Y2W1	[[455, 467]]	[[846, 858]]	1
tr|Q5CPK0|Q5CPK0_CRYPI	Q14126	[[666, 675]]	[[565, 574]]	1
tr|Q5CPK1|Q5CPK1_CRYPI	Q13547	[[309, 329], [287, 301], [156, 168], [349, 361]]	[[297, 317], [275, 289], [144, 156], [335, 347]]	4
tr|Q5CPK1|Q5CPK1_CRYPI	O15379	[[285, 316], [268, 277]]	[[268, 299], [251, 260]]	2
tr|Q5CPK2|Q5CPK2_CRYPI	O75844	[[134, 145]]	[[145, 156]]	1
tr|Q5CPK2|Q5CPK2_CRYPI	Q5VVM6	[[219, 230]]	[[465, 476]]	1
tr|Q5CPK3|Q5CPK3_CRYPI	Q5T4S7	[[1417, 1429]]	[[3339, 3351]]	1
tr|Q5CPK3|Q5CPK3_CRYPI	Q8TF74	[[1424, 1434]]	[[172, 182]]	1
tr|Q5CPK3|Q5CPK3_CRYPI	Q504U0	[[1426, 1438]]	[[9, 21]]	1
tr|Q5CPK3|Q5CPK3_CRYPI	A6NKB5	[[1448, 1460]]	[[92, 104]]	1
tr|Q5CPK3|Q5CPK3_CRYPI	Q9P2E9	[[1463, 1474]]	[[132, 143]]	1
tr|Q5CPK3|Q5CPK3_CRYPI	P36776	[[1485, 1496]]	[[491, 502]]	1
tr|Q5CPK3|Q5CPK3_CRYPI	Q14444	[[1513, 1525]]	[[8, 20]]	1
tr|Q5CPK3|Q5CPK3_CRYPI	Q9H7N4	[[1514, 1526], [1532, 1546]]	[[201, 213], [201, 215]]	2
tr|Q5CPK3|Q5CPK3_CRYPI	Q8IZD2	[[1517, 1528]]	[[1711, 1722]]	1
tr|Q5CPK3|Q5CPK3_CRYPI	Q96T25	[[1519, 1531], [1536, 1549]]	[[137, 149], [136, 149]]	2
tr|Q5CPK3|Q5CPK3_CRYPI	Q86UP3	[[1520, 1532], [1521, 1534]]	[[2005, 2017], [3114, 3127]]	2
tr|Q5CPK3|Q5CPK3_CRYPI	Q13029	[[1531, 1541]]	[[1067, 1077]]	1
tr|Q5CPK3|Q5CPK3_CRYPI	Q92804	[[725, 735]]	[[59, 69]]	1
tr|Q5CPK4|Q5CPK4_CRYPI	Q16445	[[144, 156]]	[[397, 409]]	1
tr|Q5CPK4|Q5CPK4_CRYPI	A4D2P6	[[148, 161]]	[[748, 761]]	1
tr|Q5CPK4|Q5CPK4_CRYPI	Q8IUC6	[[155, 164]]	[[361, 370]]	1
tr|Q5CPK4|Q5CPK4_CRYPI	P11161	[[7, 16]]	[[202, 211]]	1
tr|Q5CPK5|Q5CPK5_CRYPI	Q9C0C9	[[125, 136]]	[[488, 499]]	1
tr|Q5CPK5|Q5CPK5_CRYPI	Q6WCQ1	[[130, 142]]	[[176, 188]]	1
tr|Q5CPK5|Q5CPK5_CRYPI	Q9P1Z0	[[170, 182]]	[[101, 113]]	1
tr|Q5CPK7|Q5CPK7_CRYPI	P20839	[[243, 257], [152, 171], [42, 57]]	[[353, 367], [261, 280], [60, 75]]	3
tr|Q5CPK7|Q5CPK7_CRYPI	Q9P2T1	[[206, 224]]	[[171, 189]]	1
tr|Q5CPK7|Q5CPK7_CRYPI	P36959	[[215, 224]]	[[180, 189]]	1
tr|Q5CPL1|Q5CPL1_CRYPI	Q96AY4	[[191, 201]]	[[2232, 2242]]	1
tr|Q5CPL1|Q5CPL1_CRYPI	Q9BQS8	[[192, 204]]	[[192, 204]]	1
tr|Q5CPL1|Q5CPL1_CRYPI	Q7Z5R6	[[61, 71]]	[[578, 588]]	1
tr|Q5CPL1|Q5CPL1_CRYPI	P02814	[[62, 71]]	[[42, 51]]	1
tr|Q5CPL2|Q5CPL2_CRYPI	Q6XYQ8	[[157, 168]]	[[38, 49]]	1
tr|Q5CPL2|Q5CPL2_CRYPI	Q93074	[[180, 191]]	[[625, 636]]	1
tr|Q5CPL3|Q5CPL3_CRYPI	Q8IVL1	[[174, 185]]	[[630, 641]]	1
tr|Q5CPL3|Q5CPL3_CRYPI	Q5VTL8	[[220, 232]]	[[441, 453]]	1
tr|Q5CPL3|Q5CPL3_CRYPI	Q13247	[[239, 250]]	[[270, 281]]	1
tr|Q5CPL3|Q5CPL3_CRYPI	Q8IYB3	[[239, 251]]	[[282, 294]]	1
tr|Q5CPL3|Q5CPL3_CRYPI	Q01130	[[240, 252]]	[[182, 194]]	1
tr|Q5CPL3|Q5CPL3_CRYPI	Q5VV67	[[242, 252]]	[[1498, 1508]]	1
tr|Q5CPL5|Q5CPL5_CRYPI	Q9H3Z4	[[52, 62]]	[[127, 137]]	1
tr|Q5CPL6|Q5CPL6_CRYPI	P53804	[[16, 26]]	[[778, 788]]	1
tr|Q5CPL6|Q5CPL6_CRYPI	Q14781	[[95, 105]]	[[153, 163]]	1
tr|Q5CPL7|Q5CPL7_CRYPI	P55884	[[562, 574], [615, 627], [229, 241]]	[[656, 668], [703, 715], [341, 353]]	3
tr|Q5CPL7|Q5CPL7_CRYPI	Q8WWI1	[[381, 389]]	[[225, 233]]	1
tr|Q5CPL8|Q5CPL8_CRYPI	Q96EH5	[[38, 48]]	[[34, 44]]	1
tr|Q5CPL9|Q5CPL9_CRYPI	Q03001	[[229, 238]]	[[3359, 3368]]	1
tr|Q5CPL9|Q5CPL9_CRYPI	Q9H4B4	[[262, 273]]	[[467, 478]]	1
tr|Q5CPM1|Q5CPM1_CRYPI	Q9C073	[[61, 71]]	[[387, 397]]	1
tr|Q5CPM2|Q5CPM2_CRYPI	Q8WTW3	[[535, 546]]	[[832, 843]]	1
tr|Q5CPM2|Q5CPM2_CRYPI	Q9NVD3	[[915, 927]]	[[275, 287]]	1
tr|Q5CPM4|Q5CPM4_CRYPI	P61313	[[110, 122], [154, 168], [43, 66]]	[[109, 121], [153, 167], [43, 66]]	3
tr|Q5CPM9|Q5CPM9_CRYPI	O43426	[[1376, 1389], [692, 708], [1453, 1465]]	[[663, 676], [245, 261], [729, 741]]	3
tr|Q5CPM9|Q5CPM9_CRYPI	Q92835	[[1523, 1531]]	[[668, 676]]	1
tr|Q5CPN0|Q5CPN0_CRYPI	O95619	[[97, 109]]	[[84, 96]]	1
tr|Q5CPN0|Q5CPN0_CRYPI	Q8NFY4	[[10, 21]]	[[592, 603]]	1
tr|Q5CPN1|Q5CPN1_CRYPI	P21695	[[236, 248], [265, 284]]	[[224, 236], [251, 270]]	2
tr|Q5CPN1|Q5CPN1_CRYPI	Q8N335	[[62, 74]]	[[55, 67]]	1
tr|Q5CPN2|Q5CPN2_CRYPI	Q9UER7	[[121, 133]]	[[442, 454]]	1
tr|Q5CPN2|Q5CPN2_CRYPI	Q8WYB5	[[123, 135]]	[[1073, 1085]]	1
tr|Q5CPN2|Q5CPN2_CRYPI	Q8N5V2	[[124, 136]]	[[215, 227]]	1
tr|Q5CPN2|Q5CPN2_CRYPI	Q01668	[[125, 137]]	[[826, 838]]	1
tr|Q5CPN2|Q5CPN2_CRYPI	Q5JTC6	[[210, 220], [126, 139]]	[[376, 386], [378, 391]]	2
tr|Q5CPN2|Q5CPN2_CRYPI	Q9BRC7	[[129, 141]]	[[445, 457]]	1
tr|Q5CPN2|Q5CPN2_CRYPI	P55081	[[161, 171]]	[[136, 146]]	1
tr|Q5CPN2|Q5CPN2_CRYPI	Q9UL68	[[183, 195]]	[[134, 146]]	1
tr|Q5CPN2|Q5CPN2_CRYPI	Q86V15	[[185, 196]]	[[1700, 1711]]	1
tr|Q5CPN2|Q5CPN2_CRYPI	P17480	[[185, 198]]	[[727, 740]]	1
tr|Q5CPN2|Q5CPN2_CRYPI	Q9BTT0	[[189, 201]]	[[160, 172]]	1
tr|Q5CPN2|Q5CPN2_CRYPI	Q5H9L4	[[190, 202]]	[[338, 350]]	1
tr|Q5CPN2|Q5CPN2_CRYPI	P78412	[[205, 217]]	[[254, 266]]	1
tr|Q5CPN2|Q5CPN2_CRYPI	O95196	[[207, 218]]	[[272, 283]]	1
tr|Q5CPN2|Q5CPN2_CRYPI	Q8NCQ7	[[207, 219]]	[[169, 181]]	1
tr|Q5CPN2|Q5CPN2_CRYPI	P19338	[[212, 225]]	[[261, 274]]	1
tr|Q5CPN3|Q5CPN3_CRYPI	Q9Y3E0	[[22, 37]]	[[24, 39]]	1
tr|Q5CPN4|Q5CPN4_CRYPI	Q04446	[[113, 124]]	[[444, 455]]	1
tr|Q5CPN4|Q5CPN4_CRYPI	Q0VF49	[[134, 142]]	[[1042, 1050]]	1
tr|Q5CPN4|Q5CPN4_CRYPI	P29144	[[41, 52]]	[[165, 176]]	1
tr|Q5CPN6|Q5CPN6_CRYPI	Q96G21	[[207, 217]]	[[152, 162]]	1
tr|Q5CPN6|Q5CPN6_CRYPI	Q9H9Y2	[[314, 327], [269, 293], [238, 251]]	[[303, 316], [274, 298], [243, 256]]	3
tr|Q5CPN8|Q5CPN8_CRYPI	Q9Y6X1	[[39, 52]]	[[42, 55]]	1
tr|Q5CPN9|Q5CPN9_CRYPI	P05387	[[23, 35]]	[[21, 33]]	1
tr|Q5CPN9|Q5CPN9_CRYPI	Q9UKU6	[[93, 104]]	[[23, 34]]	1
tr|Q5CPP0|Q5CPP0_CRYPI	Q96GQ7	[[101, 111]]	[[260, 270]]	1
tr|Q5CPP0|Q5CPP0_CRYPI	Q9NR30	[[101, 115]]	[[262, 276]]	1
tr|Q5CPP0|Q5CPP0_CRYPI	P0C5J1	[[147, 159]]	[[233, 245]]	1
tr|Q5CPP0|Q5CPP0_CRYPI	Q8TDD1	[[154, 165]]	[[216, 227]]	1
tr|Q5CPP0|Q5CPP0_CRYPI	Q9Y6V7	[[156, 168]]	[[122, 134]]	1
tr|Q5CPP0|Q5CPP0_CRYPI	Q8NHQ9	[[439, 453]]	[[320, 334]]	1
tr|Q5CPP0|Q5CPP0_CRYPI	Q13206	[[469, 480]]	[[397, 408]]	1
tr|Q5CPP2|Q5CPP2_CRYPI	O15440	[[1348, 1359]]	[[1222, 1233]]	1
tr|Q5CPP2|Q5CPP2_CRYPI	Q6Q8B3	[[665, 677]]	[[167, 179]]	1
tr|Q5CPP2|Q5CPP2_CRYPI	P13569	[[717, 729]]	[[542, 554]]	1
tr|Q5CPP3|Q5CPP3_CRYPI	O15440	[[1243, 1255]]	[[1222, 1234]]	1
tr|Q5CPP3|Q5CPP3_CRYPI	Q96J65	[[1244, 1256]]	[[1150, 1162]]	1
tr|Q5CPP3|Q5CPP3_CRYPI	O15439	[[1246, 1258]]	[[1073, 1085]]	1
tr|Q5CPP3|Q5CPP3_CRYPI	Q68CJ6	[[1249, 1259]]	[[108, 118]]	1
tr|Q5CPP3|Q5CPP3_CRYPI	P33527	[[1307, 1316]]	[[1387, 1396]]	1
tr|Q5CPP4|Q5CPP4_CRYPI	O15440	[[1340, 1352], [707, 719]]	[[1222, 1234], [689, 701]]	2
tr|Q5CPP4|Q5CPP4_CRYPI	Q9UQE7	[[1342, 1354]]	[[29, 41]]	1
tr|Q5CPP4|Q5CPP4_CRYPI	Q9H2J7	[[492, 501]]	[[212, 221]]	1
tr|Q5CPP4|Q5CPP4_CRYPI	Q14188	[[531, 541]]	[[430, 440]]	1
tr|Q5CPP4|Q5CPP4_CRYPI	Q9HCK8	[[531, 543]]	[[2539, 2551]]	1
tr|Q5CPP4|Q5CPP4_CRYPI	O60706	[[610, 622]]	[[707, 719]]	1
tr|Q5CPP4|Q5CPP4_CRYPI	P13569	[[697, 716]]	[[542, 561]]	1
tr|Q5CPP4|Q5CPP4_CRYPI	Q06710	[[830, 842]]	[[315, 327]]	1
tr|Q5CPP5|Q5CPP5_CRYPI	O00567	[[344, 361], [362, 389], [397, 411], [179, 197]]	[[338, 355], [356, 383], [391, 405], [175, 193]]	4
tr|Q5CPP5|Q5CPP5_CRYPI	Q9Y2X3	[[311, 326], [190, 204]]	[[295, 310], [180, 194]]	2
tr|Q5CPP5|Q5CPP5_CRYPI	Q9BU76	[[482, 491]]	[[187, 196]]	1
tr|Q5CPP5|Q5CPP5_CRYPI	Q1ED39	[[484, 494]]	[[288, 298]]	1
tr|Q5CPP5|Q5CPP5_CRYPI	Q6ZQX7	[[486, 498]]	[[90, 102]]	1
tr|Q5CPP6|Q5CPP6_CRYPI	Q86UR5	[[182, 194]]	[[43, 55]]	1
tr|Q5CPP7|Q5CPP7_CRYPI	Q96EN8	[[472, 486], [426, 437], [271, 284], [224, 236]]	[[460, 474], [414, 425], [254, 267], [204, 216]]	4
tr|Q5CPP8|Q5CPP8_CRYPI	P54652	[[514, 535], [14, 27], [134, 148]]	[[504, 525], [4, 17], [123, 137]]	3
tr|Q5CPP8|Q5CPP8_CRYPI	P11142	[[623, 672], [490, 510], [153, 167], [596, 613]]	[[610, 628], [477, 497], [141, 155], [583, 600]]	4
tr|Q5CPP8|Q5CPP8_CRYPI	P17066	[[163, 176], [506, 518], [344, 357], [194, 217], [590, 605], [93, 106]]	[[153, 166], [495, 507], [333, 346], [184, 207], [579, 594], [84, 97]]	6
tr|Q5CPP8|Q5CPP8_CRYPI	P34931	[[309, 321], [373, 385], [206, 220], [527, 543], [16, 28], [449, 466], [50, 71], [487, 501], [512, 525], [347, 360]]	[[298, 310], [362, 374], [196, 210], [516, 532], [7, 19], [438, 455], [41, 62], [476, 490], [501, 514], [336, 349]]	10
tr|Q5CPP8|Q5CPP8_CRYPI	P11021	[[525, 538], [170, 193], [209, 223]]	[[535, 548], [184, 207], [222, 236]]	3
tr|Q5CPP8|Q5CPP8_CRYPI	P0DMV8	[[504, 516]]	[[491, 503]]	1
tr|Q5CPQ0|Q5CPQ0_CRYPI	Q9HCG8	[[164, 175]]	[[683, 694]]	1
tr|Q5CPQ0|Q5CPQ0_CRYPI	Q49MG5	[[442, 453]]	[[381, 392]]	1
tr|Q5CPQ0|Q5CPQ0_CRYPI	Q5VWX1	[[472, 483]]	[[256, 267]]	1
tr|Q5CPQ0|Q5CPQ0_CRYPI	Q8IX07	[[474, 484]]	[[943, 953]]	1
tr|Q5CPQ0|Q5CPQ0_CRYPI	M0QZC1	[[491, 501], [537, 547]]	[[166, 176], [166, 176]]	2
tr|Q5CPQ0|Q5CPQ0_CRYPI	Q8TF21	[[491, 502]]	[[301, 312]]	1
tr|Q5CPQ0|Q5CPQ0_CRYPI	Q9Y6N7	[[497, 505]]	[[1186, 1194]]	1
tr|Q5CPQ0|Q5CPQ0_CRYPI	O75128	[[539, 547]]	[[298, 306]]	1
tr|Q5CPQ0|Q5CPQ0_CRYPI	Q8IXZ3	[[618, 630]]	[[31, 43]]	1
tr|Q5CPQ0|Q5CPQ0_CRYPI	P85298	[[669, 677]]	[[213, 221]]	1
tr|Q5CPQ0|Q5CPQ0_CRYPI	P30305	[[70, 81]]	[[90, 101]]	1
tr|Q5CPQ1|Q5CPQ1_CRYPI	Q92743	[[190, 201]]	[[467, 478]]	1
tr|Q5CPQ1|Q5CPQ1_CRYPI	Q13671	[[669, 679]]	[[634, 644]]	1
tr|Q5CPQ1|Q5CPQ1_CRYPI	Q08170	[[742, 755], [752, 764], [756, 774]]	[[465, 478], [339, 351], [465, 477]]	3
tr|Q5CPQ1|Q5CPQ1_CRYPI	Q13427	[[745, 755]]	[[454, 464]]	1
tr|Q5CPQ1|Q5CPQ1_CRYPI	Q13243	[[745, 780], [775, 811]]	[[215, 229], [183, 196]]	2
tr|Q5CPQ1|Q5CPQ1_CRYPI	Q13247	[[753, 765], [764, 784], [761, 772], [746, 758]]	[[241, 253], [325, 340], [289, 300], [219, 231]]	4
tr|Q5CPQ1|Q5CPQ1_CRYPI	O75494	[[758, 770]]	[[172, 184]]	1
tr|Q5CPQ1|Q5CPQ1_CRYPI	Q14562	[[775, 786]]	[[202, 213]]	1
tr|Q5CPQ1|Q5CPQ1_CRYPI	Q9UK58	[[782, 805]]	[[392, 407]]	1
tr|Q5CPQ1|Q5CPQ1_CRYPI	Q07955	[[802, 814]]	[[208, 220]]	1
tr|Q5CPQ1|Q5CPQ1_CRYPI	Q9NXX6	[[803, 815]]	[[22, 34]]	1
tr|Q5CPQ1|Q5CPQ1_CRYPI	Q13823	[[94, 106]]	[[161, 173]]	1
tr|Q5CPQ2|Q5CPQ2_CRYPI	Q6P3S6	[[218, 230]]	[[242, 254]]	1
tr|Q5CPQ3|Q5CPQ3_CRYPI	Q9HCG8	[[127, 139]]	[[681, 693]]	1
tr|Q5CPQ4|Q5CPQ4_CRYPI	Q9UHB9	[[220, 228]]	[[100, 108]]	1
tr|Q5CPQ4|Q5CPQ4_CRYPI	P04818	[[517, 531], [342, 363], [302, 311], [435, 452], [408, 420]]	[[299, 313], [125, 146], [85, 94], [217, 234], [191, 203]]	5
tr|Q5CPQ4|Q5CPQ4_CRYPI	Q15032	[[380, 392]]	[[156, 168]]	1
tr|Q5CPQ4|Q5CPQ4_CRYPI	Q86XF0	[[57, 69]]	[[46, 58]]	1
tr|Q5CPQ6|Q5CPQ6_CRYPI	Q96GA3	[[100, 111]]	[[263, 274]]	1
tr|Q5CPQ6|Q5CPQ6_CRYPI	Q5RHP9	[[10, 18]]	[[83, 91]]	1
tr|Q5CPQ7|Q5CPQ7_CRYPI	Q5HYM0	[[44, 55]]	[[102, 113]]	1
tr|Q5CPQ8|Q5CPQ8_CRYPI	P15918	[[203, 213]]	[[307, 317]]	1
tr|Q5CPQ8|Q5CPQ8_CRYPI	Q9NTX7	[[203, 214]]	[[51, 62]]	1
tr|Q5CPQ8|Q5CPQ8_CRYPI	Q92784	[[283, 301]]	[[330, 348]]	1
tr|Q5CPQ8|Q5CPQ8_CRYPI	Q96T23	[[284, 296]]	[[906, 918]]	1
tr|Q5CPQ8|Q5CPQ8_CRYPI	Q8WUB8	[[286, 297]]	[[450, 461]]	1
tr|Q5CPQ8|Q5CPQ8_CRYPI	Q8NEZ4	[[293, 306]]	[[1031, 1044]]	1
tr|Q5CPQ8|Q5CPQ8_CRYPI	Q96T88	[[296, 308]]	[[342, 354]]	1
tr|Q5CPQ8|Q5CPQ8_CRYPI	Q12873	[[305, 316]]	[[489, 500]]	1
tr|Q5CPQ8|Q5CPQ8_CRYPI	Q8WYH8	[[308, 321]]	[[224, 237]]	1
tr|Q5CPQ8|Q5CPQ8_CRYPI	Q9NR30	[[699, 711]]	[[502, 514]]	1
tr|Q5CPR0|Q5CPR0_CRYPI	Q13043	[[143, 155]]	[[396, 408]]	1
tr|Q5CPR0|Q5CPR0_CRYPI	Q9H9T3	[[35, 45]]	[[178, 188]]	1
tr|Q5CPR2|Q5CPR2_CRYPI	Q92628	[[640, 652]]	[[1004, 1016]]	1
tr|Q5CPR3|Q5CPR3_CRYPI	Q9Y4I1	[[18, 27]]	[[1537, 1546]]	1
tr|Q5CPR3|Q5CPR3_CRYPI	O00237	[[194, 204]]	[[638, 648]]	1
tr|Q5CPR3|Q5CPR3_CRYPI	Q86XS8	[[196, 208]]	[[283, 295]]	1
tr|Q5CPR3|Q5CPR3_CRYPI	Q8N7C7	[[198, 208]]	[[279, 289]]	1
tr|Q5CPR3|Q5CPR3_CRYPI	A2A2Z9	[[472, 482]]	[[606, 616]]	1
tr|Q5CPR4|Q5CPR4_CRYPI	Q9ULE4	[[771, 782]]	[[467, 478]]	1
tr|Q5CPR5|Q5CPR5_CRYPI	O75912	[[124, 136]]	[[461, 473]]	1
tr|Q5CPR5|Q5CPR5_CRYPI	P20701	[[283, 294]]	[[896, 907]]	1
tr|Q5CPR5|Q5CPR5_CRYPI	P52824	[[359, 371]]	[[813, 825]]	1
tr|Q5CPR5|Q5CPR5_CRYPI	Q9H334	[[80, 90]]	[[575, 585]]	1
tr|Q5CPR6|Q5CPR6_CRYPI	Q8N8E2	[[161, 171]]	[[44, 54]]	1
tr|Q5CPR6|Q5CPR6_CRYPI	Q14028	[[164, 176]]	[[360, 372]]	1
tr|Q5CPR6|Q5CPR6_CRYPI	Q12756	[[166, 176]]	[[687, 697]]	1
tr|Q5CPR6|Q5CPR6_CRYPI	Q9UF47	[[247, 256]]	[[181, 190]]	1
tr|Q5CPR6|Q5CPR6_CRYPI	Q86VS8	[[292, 302]]	[[396, 406]]	1
tr|Q5CPR6|Q5CPR6_CRYPI	Q9UNY4	[[309, 321]]	[[440, 452]]	1
tr|Q5CPR6|Q5CPR6_CRYPI	Q9NQS1	[[322, 332]]	[[38, 48]]	1
tr|Q5CPR6|Q5CPR6_CRYPI	Q9H6N6	[[345, 356]]	[[304, 315]]	1
tr|Q5CPR6|Q5CPR6_CRYPI	Q8N0U7	[[376, 385]]	[[195, 204]]	1
tr|Q5CPR7|Q5CPR7_CRYPI	Q13415	[[538, 553]]	[[646, 661]]	1
tr|Q5CPR8|Q5CPR8_CRYPI	Q6P9B6	[[197, 208]]	[[21, 32]]	1
tr|Q5CPR8|Q5CPR8_CRYPI	Q8IUR6	[[273, 284]]	[[383, 394]]	1
tr|Q5CPR8|Q5CPR8_CRYPI	Q9BRS2	[[276, 288]]	[[57, 69]]	1
tr|Q5CPR8|Q5CPR8_CRYPI	Q8IWR1	[[426, 437]]	[[22, 33]]	1
tr|Q5CPR8|Q5CPR8_CRYPI	P48751	[[52, 63]]	[[677, 688]]	1
tr|Q5CPR9|Q5CPR9_CRYPI	P63010	[[134, 144], [368, 381], [47, 77], [113, 131], [80, 98], [251, 266], [148, 168], [337, 353], [567, 586]]	[[117, 127], [326, 339], [30, 60], [96, 114], [63, 81], [209, 224], [131, 151], [295, 311], [515, 534]]	9
tr|Q5CPR9|Q5CPR9_CRYPI	Q10567	[[361, 373], [531, 542], [619, 635], [43, 58], [96, 108]]	[[319, 331], [479, 490], [567, 583], [26, 41], [79, 91]]	5
tr|Q5CPS0|Q5CPS0_CRYPI	Q7Z3B3	[[22, 34]]	[[315, 327]]	1
tr|Q5CPS0|Q5CPS0_CRYPI	Q06481	[[417, 428]]	[[384, 395]]	1
tr|Q5CPS4|Q5CPS4_CRYPI	Q9UHD9	[[75, 87]]	[[224, 236]]	1
tr|Q5CPS5|Q5CPS5_CRYPI	Q6ZR08	[[478, 489]]	[[1206, 1217]]	1
tr|Q5CPS6|Q5CPS6_CRYPI	P28324	[[1182, 1192]]	[[149, 159]]	1
tr|Q5CPS6|Q5CPS6_CRYPI	Q15648	[[1429, 1439]]	[[338, 348]]	1
tr|Q5CPS6|Q5CPS6_CRYPI	Q9Y240	[[567, 576]]	[[98, 107]]	1
tr|Q5CPS6|Q5CPS6_CRYPI	Q92564	[[955, 965]]	[[240, 250]]	1
tr|Q5CPS7|Q5CPS7_CRYPI	Q03001	[[720, 734]]	[[2914, 2928]]	1
tr|Q5CPT3|Q5CPT3_CRYPI	Q5VXT5	[[1195, 1210]]	[[243, 254]]	1
tr|Q5CPT3|Q5CPT3_CRYPI	P19338	[[890, 902]]	[[242, 254]]	1
tr|Q5CPT3|Q5CPT3_CRYPI	Q96EB6	[[891, 903]]	[[121, 133]]	1
tr|Q5CPT6|Q5CPT6_CRYPI	Q7RTP6	[[827, 839]]	[[1003, 1015]]	1
tr|Q5CPT6|Q5CPT6_CRYPI	Q8IU89	[[828, 842]]	[[340, 354]]	1
tr|Q5CPT6|Q5CPT6_CRYPI	Q9NQC3	[[843, 855]]	[[34, 46]]	1
tr|Q5CPT6|Q5CPT6_CRYPI	Q4LE39	[[844, 856]]	[[545, 557]]	1
tr|Q5CPT6|Q5CPT6_CRYPI	Q9C0D0	[[845, 857]]	[[394, 406]]	1
tr|Q5CPT6|Q5CPT6_CRYPI	Q96C00	[[847, 859]]	[[212, 224]]	1
tr|Q5CPT6|Q5CPT6_CRYPI	P19338	[[853, 865]]	[[239, 251]]	1
tr|Q5CPT6|Q5CPT6_CRYPI	P23327	[[854, 866]]	[[250, 262]]	1
tr|Q5CPT6|Q5CPT6_CRYPI	Q969K3	[[855, 867]]	[[226, 238]]	1
tr|Q5CPT6|Q5CPT6_CRYPI	Q92973	[[857, 868]]	[[363, 374]]	1
tr|Q5CPT7|Q5CPT7_CRYPI	P31150	[[206, 218], [412, 422], [337, 357]]	[[185, 197], [383, 393], [309, 329]]	3
tr|Q5CPT7|Q5CPT7_CRYPI	P50395	[[374, 387], [46, 57]]	[[346, 359], [33, 44]]	2
tr|Q5CPT9|Q5CPT9_CRYPI	O75030	[[248, 258]]	[[86, 96]]	1
tr|Q5CPT9|Q5CPT9_CRYPI	O75312	[[271, 280]]	[[46, 55]]	1
tr|Q5CPU1|Q5CPU1_CRYPI	Q9BVP2	[[164, 181]]	[[137, 154]]	1
tr|Q5CPU1|Q5CPU1_CRYPI	Q9NVN8	[[294, 308], [196, 210], [171, 182]]	[[260, 274], [165, 179], [138, 149]]	3
tr|Q5CPU1|Q5CPU1_CRYPI	Q5TCS8	[[82, 92]]	[[1176, 1186]]	1
tr|Q5CPU2|Q5CPU2_CRYPI	P15880	[[181, 201], [213, 226], [242, 258], [140, 152], [118, 139], [158, 170]]	[[185, 205], [217, 230], [246, 262], [144, 156], [122, 143], [162, 174]]	6
tr|Q5CPU2|Q5CPU2_CRYPI	P19338	[[22, 34]]	[[661, 673]]	1
tr|Q5CPU2|Q5CPU2_CRYPI	Q6RI45	[[30, 41]]	[[1688, 1699]]	1
tr|Q5CPU5|Q5CPU5_CRYPI	P59827	[[42, 54]]	[[592, 604]]	1
tr|Q5CPU5|Q5CPU5_CRYPI	Q96ER3	[[471, 482]]	[[291, 302]]	1
tr|Q5CPU5|Q5CPU5_CRYPI	P01903	[[818, 831]]	[[227, 240]]	1
tr|Q5CPU6|Q5CPU6_CRYPI	Q9NP08	[[179, 190]]	[[40, 51]]	1
tr|Q5CPU6|Q5CPU6_CRYPI	O75054	[[180, 194]]	[[1012, 1026]]	1
tr|Q5CPU6|Q5CPU6_CRYPI	Q6AI12	[[184, 194]]	[[95, 105]]	1
tr|Q5CPU6|Q5CPU6_CRYPI	P06748	[[186, 196]]	[[172, 182]]	1
tr|Q5CPU6|Q5CPU6_CRYPI	O75167	[[380, 389]]	[[161, 170]]	1
tr|Q5CPU6|Q5CPU6_CRYPI	Q53T59	[[412, 423]]	[[320, 331]]	1
tr|Q5CPU6|Q5CPU6_CRYPI	Q7Z739	[[414, 426]]	[[246, 258]]	1
tr|Q5CPU6|Q5CPU6_CRYPI	Q9Y4F1	[[478, 488]]	[[320, 330]]	1
tr|Q5CPU6|Q5CPU6_CRYPI	P53990	[[504, 518]]	[[227, 237]]	1
tr|Q5CPU6|Q5CPU6_CRYPI	Q96SQ7	[[527, 537]]	[[67, 77]]	1
tr|Q5CPU6|Q5CPU6_CRYPI	Q52WX2	[[528, 539]]	[[381, 392]]	1
tr|Q5CPU6|Q5CPU6_CRYPI	P06733	[[60, 72]]	[[222, 234]]	1
tr|Q5CPU6|Q5CPU6_CRYPI	Q9UPS6	[[695, 707]]	[[1101, 1113]]	1
tr|Q5CPU6|Q5CPU6_CRYPI	Q9NS56	[[697, 709]]	[[463, 475]]	1
tr|Q5CPU6|Q5CPU6_CRYPI	Q9Y4D8	[[705, 716]]	[[2232, 2243]]	1
tr|Q5CPU8|Q5CPU8_CRYPI	Q99460	[[426, 441], [673, 694], [403, 420], [804, 814]]	[[405, 420], [637, 658], [382, 399], [767, 777]]	4
tr|Q5CPU8|Q5CPU8_CRYPI	Q96LP2	[[432, 444]]	[[327, 339]]	1
tr|Q5CPU9|Q5CPU9_CRYPI	Q96HR8	[[98, 118]]	[[113, 129]]	1
tr|Q5CPU9|Q5CPU9_CRYPI	Q8N5F7	[[103, 116]]	[[211, 224]]	1
tr|Q5CPU9|Q5CPU9_CRYPI	P51816	[[96, 107]]	[[491, 502]]	1
tr|Q5CPV2|Q5CPV2_CRYPI	Q8NE35	[[1002, 1013]]	[[172, 183]]	1
tr|Q5CPV2|Q5CPV2_CRYPI	Q92794	[[1081, 1091]]	[[117, 127]]	1
tr|Q5CPV2|Q5CPV2_CRYPI	Q01955	[[123, 133]]	[[746, 756]]	1
tr|Q5CPV2|Q5CPV2_CRYPI	Q53HC5	[[236, 246]]	[[5, 15]]	1
tr|Q5CPV2|Q5CPV2_CRYPI	P41225	[[236, 248]]	[[121, 133]]	1
tr|Q5CPV2|Q5CPV2_CRYPI	P29376	[[239, 249]]	[[267, 277]]	1
tr|Q5CPV2|Q5CPV2_CRYPI	Q16584	[[239, 251]]	[[21, 33]]	1
tr|Q5CPV2|Q5CPV2_CRYPI	Q8N3F9	[[551, 562]]	[[21, 32]]	1
tr|Q5CPV2|Q5CPV2_CRYPI	Q01167	[[553, 565]]	[[16, 28]]	1
tr|Q5CPV2|Q5CPV2_CRYPI	Q9Y2X9	[[555, 567]]	[[20, 32]]	1
tr|Q5CPV2|Q5CPV2_CRYPI	Q9HCJ5	[[557, 573]]	[[141, 154]]	1
tr|Q5CPV2|Q5CPV2_CRYPI	Q9UKM9	[[569, 591]]	[[227, 246]]	1
tr|Q5CPV2|Q5CPV2_CRYPI	Q7Z5B4	[[570, 580]]	[[82, 92]]	1
tr|Q5CPV2|Q5CPV2_CRYPI	O95343	[[572, 584]]	[[52, 64]]	1
tr|Q5CPV2|Q5CPV2_CRYPI	P45985	[[582, 593]]	[[7, 18]]	1
tr|Q5CPV2|Q5CPV2_CRYPI	O95409	[[583, 596]]	[[485, 498]]	1
tr|Q5CPV2|Q5CPV2_CRYPI	P35527	[[587, 599]]	[[520, 532]]	1
tr|Q5CPV2|Q5CPV2_CRYPI	Q5R3F8	[[591, 602]]	[[682, 693]]	1
tr|Q5CPV2|Q5CPV2_CRYPI	Q9UHB9	[[593, 604]]	[[12, 23]]	1
tr|Q5CPV2|Q5CPV2_CRYPI	O75962	[[594, 605]]	[[2299, 2310]]	1
tr|Q5CPV2|Q5CPV2_CRYPI	Q9BY07	[[595, 607]]	[[456, 468]]	1
tr|Q5CPV2|Q5CPV2_CRYPI	Q08828	[[597, 608]]	[[6, 17]]	1
tr|Q5CPV2|Q5CPV2_CRYPI	O15066	[[599, 610]]	[[385, 396]]	1
tr|Q5CPV2|Q5CPV2_CRYPI	Q03828	[[808, 820]]	[[422, 434]]	1
tr|Q5CPV2|Q5CPV2_CRYPI	Q9UNW9	[[813, 826]]	[[366, 379]]	1
tr|Q5CPV2|Q5CPV2_CRYPI	Q96GM5	[[818, 835]]	[[13, 24]]	1
tr|Q5CPV2|Q5CPV2_CRYPI	Q6P9B9	[[821, 832]]	[[254, 265]]	1
tr|Q5CPV2|Q5CPV2_CRYPI	O75129	[[921, 931]]	[[641, 651]]	1
tr|Q5CPV2|Q5CPV2_CRYPI	Q6VUC0	[[962, 970]]	[[55, 63]]	1
tr|Q5CPV2|Q5CPV2_CRYPI	Q9NQL9	[[978, 988], [963, 973]]	[[359, 369], [359, 369]]	2
tr|Q5CPV4|Q5CPV4_CRYPI	P13667	[[1013, 1022]]	[[270, 279]]	1
tr|Q5CPV4|Q5CPV4_CRYPI	Q8WXS5	[[1112, 1123]]	[[345, 356]]	1
tr|Q5CPV4|Q5CPV4_CRYPI	Q7Z5L3	[[1195, 1204]]	[[131, 140]]	1
tr|Q5CPV4|Q5CPV4_CRYPI	P84550	[[1196, 1207]]	[[428, 439]]	1
tr|Q5CPV4|Q5CPV4_CRYPI	Q12948	[[1202, 1213]]	[[377, 388]]	1
tr|Q5CPV4|Q5CPV4_CRYPI	Q8WWL7	[[1383, 1394]]	[[57, 68]]	1
tr|Q5CPV4|Q5CPV4_CRYPI	Q16650	[[518, 527]]	[[446, 455]]	1
tr|Q5CPV4|Q5CPV4_CRYPI	P23610	[[519, 530]]	[[9, 20]]	1
tr|Q5CPV4|Q5CPV4_CRYPI	Q9UPA5	[[521, 533]]	[[19, 31]]	1
tr|Q5CPV4|Q5CPV4_CRYPI	O76024	[[524, 534]]	[[43, 53]]	1
tr|Q5CPV4|Q5CPV4_CRYPI	Q5T124	[[523, 542]]	[[487, 501]]	1
tr|Q5CPV4|Q5CPV4_CRYPI	Q7Z5A4	[[526, 545]]	[[45, 58]]	1
tr|Q5CPV4|Q5CPV4_CRYPI	O00268	[[528, 540]]	[[169, 181]]	1
tr|Q5CPV4|Q5CPV4_CRYPI	Q9UBL3	[[536, 562]]	[[3, 19]]	1
tr|Q5CPV4|Q5CPV4_CRYPI	Q16676	[[558, 570]]	[[89, 101]]	1
tr|Q5CPV4|Q5CPV4_CRYPI	Q17RG1	[[560, 571]]	[[696, 707]]	1
tr|Q5CPV5|Q5CPV5_CRYPI	P62750	[[47, 60], [114, 126], [75, 87]]	[[47, 60], [114, 126], [75, 87]]	3
tr|Q5CPV6|Q5CPV6_CRYPI	P55209	[[483, 493]]	[[16, 26]]	1
tr|Q5CPV6|Q5CPV6_CRYPI	Q96P70	[[482, 494]]	[[950, 962]]	1
tr|Q5CPV6|Q5CPV6_CRYPI	Q96L91	[[484, 496]]	[[423, 435]]	1
tr|Q5CPV6|Q5CPV6_CRYPI	Q4LE39	[[486, 497]]	[[539, 550]]	1
tr|Q5CPV6|Q5CPV6_CRYPI	P18089	[[487, 499]]	[[295, 307]]	1
tr|Q5CPV6|Q5CPV6_CRYPI	Q86YN6	[[489, 501]]	[[433, 445]]	1
tr|Q5CPV6|Q5CPV6_CRYPI	Q9H091	[[490, 502]]	[[116, 128]]	1
tr|Q5CPV6|Q5CPV6_CRYPI	Q9NZ53	[[492, 504]]	[[163, 175]]	1
tr|Q5CPV6|Q5CPV6_CRYPI	O00294	[[493, 505]]	[[127, 139]]	1
tr|Q5CPV6|Q5CPV6_CRYPI	Q8WY36	[[586, 598]]	[[36, 48]]	1
tr|Q5CPV6|Q5CPV6_CRYPI	Q8IZL8	[[587, 599]]	[[908, 920]]	1
tr|Q5CPV6|Q5CPV6_CRYPI	Q9P212	[[589, 602]]	[[1579, 1592]]	1
tr|Q5CPV6|Q5CPV6_CRYPI	Q8NEM2	[[592, 601]]	[[210, 219]]	1
tr|Q5CPV9|Q5CPV9_CRYPI	Q96QE3	[[292, 304]]	[[1072, 1084]]	1
tr|Q5CPV9|Q5CPV9_CRYPI	P35251	[[335, 349]]	[[645, 659]]	1
tr|Q5CPV9|Q5CPV9_CRYPI	Q8WVB6	[[362, 375], [442, 450]]	[[395, 408], [484, 492]]	2
tr|Q5CPV9|Q5CPV9_CRYPI	P55017	[[693, 703]]	[[978, 988]]	1
tr|Q5CPV9|Q5CPV9_CRYPI	Q92688	[[816, 828]]	[[183, 195]]	1
tr|Q5CPW0|Q5CPW0_CRYPI	Q9C0B9	[[345, 356]]	[[562, 573]]	1
tr|Q5CPW1|Q5CPW1_CRYPI	P56817	[[206, 217]]	[[109, 120]]	1
tr|Q5CPW2|Q5CPW2_CRYPI	Q13200	[[399, 416], [156, 168], [732, 745], [972, 1003], [786, 802]]	[[339, 356], [153, 165], [597, 610], [843, 874], [657, 673]]	5
tr|Q5CPW2|Q5CPW2_CRYPI	Q15822	[[232, 244]]	[[208, 220]]	1
tr|Q5CPW3|Q5CPW3_CRYPI	O95747	[[1773, 1784]]	[[10, 21]]	1
tr|Q5CPW3|Q5CPW3_CRYPI	Q96A33	[[1927, 1938]]	[[435, 446]]	1
tr|Q5CPW3|Q5CPW3_CRYPI	Q9UII4	[[530, 539]]	[[140, 149]]	1
tr|Q5CPW3|Q5CPW3_CRYPI	Q8TCC7	[[600, 612]]	[[485, 497]]	1
tr|Q5CPW3|Q5CPW3_CRYPI	Q8IZL2	[[652, 663]]	[[129, 140]]	1
tr|Q5CPW4|Q5CPW4_CRYPI	Q13591	[[481, 492]]	[[690, 701]]	1
tr|Q5CPW5|Q5CPW5_CRYPI	P11511	[[158, 168]]	[[312, 322]]	1
tr|Q5CPW5|Q5CPW5_CRYPI	O60635	[[158, 170]]	[[86, 98]]	1
tr|Q5CPW6|Q5CPW6_CRYPI	Q4KMP7	[[93, 111]]	[[722, 734]]	1
tr|Q5CPW6|Q5CPW6_CRYPI	Q8TF65	[[144, 156]]	[[176, 188]]	1
tr|Q5CPW6|Q5CPW6_CRYPI	Q7Z3B0	[[218, 229]]	[[52, 63]]	1
tr|Q5CPW6|Q5CPW6_CRYPI	Q9UNY4	[[224, 235]]	[[612, 623]]	1
tr|Q5CPW6|Q5CPW6_CRYPI	Q14596	[[253, 262]]	[[315, 324]]	1
tr|Q5CPW6|Q5CPW6_CRYPI	O15399	[[282, 294]]	[[1074, 1086]]	1
tr|Q5CPW6|Q5CPW6_CRYPI	O60281	[[83, 93]]	[[2086, 2096]]	1
tr|Q5CPW6|Q5CPW6_CRYPI	Q96CS3	[[87, 99]]	[[305, 317]]	1
tr|Q5CPW6|Q5CPW6_CRYPI	Q8WUQ7	[[92, 103]]	[[172, 183]]	1
tr|Q5CPW6|Q5CPW6_CRYPI	Q96T17	[[97, 109]]	[[456, 468]]	1
tr|Q5CPW7|Q5CPW7_CRYPI	P0C7V8	[[267, 278]]	[[107, 118]]	1
tr|Q5CPW7|Q5CPW7_CRYPI	Q9Y4W2	[[274, 286]]	[[594, 606]]	1
tr|Q5CPW7|Q5CPW7_CRYPI	Q9Y606	[[339, 351], [387, 404]]	[[238, 250], [283, 300]]	2
tr|Q5CPW9|Q5CPW9_CRYPI	Q96Q89	[[593, 603]]	[[248, 258]]	1
tr|Q5CPX0|Q5CPX0_CRYPI	Q96T23	[[901, 913]]	[[1127, 1139]]	1
tr|Q5CPX1|Q5CPX1_CRYPI	P09211	[[266, 278]]	[[144, 156]]	1
tr|Q5CPX2|Q5CPX2_CRYPI	Q9UKF6	[[173, 210], [348, 363], [261, 280], [223, 238], [43, 57], [79, 91]]	[[150, 187], [320, 335], [238, 257], [200, 215], [31, 45], [67, 79]]	6
tr|Q5CPX2|Q5CPX2_CRYPI	Q5TA45	[[80, 95]]	[[65, 80]]	1
tr|Q5CPX3|Q5CPX3_CRYPI	Q96CS3	[[257, 267]]	[[335, 345]]	1
tr|Q5CPX3|Q5CPX3_CRYPI	Q8N907	[[80, 91]]	[[171, 182]]	1
tr|Q5CPX4|Q5CPX4_CRYPI	P46777	[[99, 114], [69, 82], [12, 37], [158, 170]]	[[89, 104], [59, 72], [2, 27], [148, 160]]	4
tr|Q5CPX5|Q5CPX5_CRYPI	P62424	[[148, 168], [175, 188]]	[[153, 173], [180, 193]]	2
tr|Q5CPX6|Q5CPX6_CRYPI	Q9H6N6	[[34, 46]]	[[976, 988]]	1
tr|Q5CPX6|Q5CPX6_CRYPI	Q02040	[[898, 908]]	[[311, 321]]	1
tr|Q5CPX6|Q5CPX6_CRYPI	Q15459	[[900, 912]]	[[254, 266]]	1
tr|Q5CPX6|Q5CPX6_CRYPI	Q14435	[[906, 918]]	[[135, 147]]	1
tr|Q5CPX7|Q5CPX7_CRYPI	Q9NPG4	[[214, 225]]	[[423, 434]]	1
tr|Q5CPX7|Q5CPX7_CRYPI	Q14680	[[413, 423]]	[[417, 427]]	1
tr|Q5CPX7|Q5CPX7_CRYPI	O00203	[[856, 870]]	[[777, 791]]	1
tr|Q5CPX8|Q5CPX8_CRYPI	P32969	[[106, 120], [167, 186]]	[[107, 121], [168, 187]]	2
tr|Q5CPY1|Q5CPY1_CRYPI	P36543	[[142, 154]]	[[126, 138]]	1
tr|Q5CPY2|Q5CPY2_CRYPI	Q96I59	[[479, 497], [343, 354]]	[[457, 475], [320, 331]]	2
tr|Q5CPY6|Q5CPY6_CRYPI	O15160	[[72, 94], [225, 238]]	[[66, 88], [225, 238]]	2
tr|Q5CPY6|Q5CPY6_CRYPI	P78330	[[294, 304]]	[[161, 171]]	1
tr|Q5CPY7|Q5CPY7_CRYPI	Q99674	[[43, 53]]	[[294, 304]]	1
tr|Q5CPY8|Q5CPY8_CRYPI	Q8NFC6	[[385, 396]]	[[1028, 1039]]	1
tr|Q5CPY9|Q5CPY9_CRYPI	Q9BY12	[[83, 94]]	[[736, 747]]	1
tr|Q5CPZ0|Q5CPZ0_CRYPI	Q15274	[[255, 265]]	[[249, 259]]	1
tr|Q5CPZ1|Q5CPZ1_CRYPI	Q8WYB5	[[304, 316], [388, 402]]	[[806, 818], [892, 906]]	2
tr|Q5CPZ1|Q5CPZ1_CRYPI	Q92993	[[332, 345]]	[[346, 359]]	1
tr|Q5CPZ1|Q5CPZ1_CRYPI	Q92794	[[347, 373]]	[[640, 666]]	1
tr|Q5CPZ1|Q5CPZ1_CRYPI	Q9H7Z6	[[363, 374]]	[[326, 337]]	1
tr|Q5CPZ1|Q5CPZ1_CRYPI	O95251	[[379, 393]]	[[500, 514]]	1
tr|Q5CPZ3|Q5CPZ3_CRYPI	Q99457	[[117, 129]]	[[48, 60]]	1
tr|Q5CPZ3|Q5CPZ3_CRYPI	P15941	[[118, 130]]	[[959, 971]]	1
tr|Q5CPZ5|Q5CPZ5_CRYPI	P01258	[[452, 463]]	[[97, 108]]	1
tr|Q5CPZ6|Q5CPZ6_CRYPI	O15397	[[105, 115]]	[[501, 511]]	1
tr|Q5CPZ6|Q5CPZ6_CRYPI	Q9GZR7	[[213, 228]]	[[231, 246]]	1
tr|Q5CPZ6|Q5CPZ6_CRYPI	P17041	[[243, 252]]	[[50, 59]]	1
tr|Q5CPZ6|Q5CPZ6_CRYPI	Q9Y6V7	[[404, 417]]	[[148, 161]]	1
tr|Q5CPZ6|Q5CPZ6_CRYPI	Q14596	[[582, 590]]	[[229, 237]]	1
tr|Q5CPZ6|Q5CPZ6_CRYPI	Q96GQ7	[[650, 662]]	[[462, 474]]	1
tr|Q5CPZ6|Q5CPZ6_CRYPI	Q8NHQ9	[[670, 682]]	[[318, 330]]	1
tr|Q5CPZ6|Q5CPZ6_CRYPI	Q9NVP1	[[676, 688]]	[[481, 493]]	1
tr|Q5CPZ6|Q5CPZ6_CRYPI	Q9NR30	[[678, 692]]	[[495, 509]]	1
tr|Q5CPZ6|Q5CPZ6_CRYPI	Q9H0S4	[[681, 693]]	[[324, 336]]	1
tr|Q5CPZ6|Q5CPZ6_CRYPI	Q9BUL5	[[71, 83]]	[[209, 221]]	1
tr|Q5CPZ8|Q5CPZ8_CRYPI	Q9NW08	[[1242, 1254], [833, 852], [1079, 1095], [564, 576], [325, 336], [1162, 1184], [1262, 1278], [186, 198], [1041, 1056], [241, 264], [900, 920], [735, 750], [108, 138], [470, 492], [620, 635]]	[[1086, 1098], [682, 701], [923, 939], [434, 446], [240, 251], [1006, 1028], [1106, 1122], [101, 113], [885, 900], [156, 179], [749, 769], [584, 599], [24, 54], [356, 378], [490, 505]]	15
tr|Q5CPZ8|Q5CPZ8_CRYPI	P30876	[[1256, 1272], [217, 227], [242, 255]]	[[1145, 1161], [148, 158], [173, 186]]	3
tr|Q5CPZ8|Q5CPZ8_CRYPI	P0C7M4	[[634, 645]]	[[4, 15]]	1
tr|Q5CPZ9|Q5CPZ9_CRYPI	Q9GZP9	[[493, 504]]	[[4, 15]]	1
tr|Q5CQ00|Q5CQ00_CRYPI	Q8IVN8	[[302, 314]]	[[74, 86]]	1
tr|Q5CQ00|Q5CQ00_CRYPI	Q9UPZ6	[[306, 314]]	[[1039, 1047]]	1
tr|Q5CQ00|Q5CQ00_CRYPI	Q58F21	[[87, 96]]	[[797, 806]]	1
tr|Q5CQ01|Q5CQ01_CRYPI	A0A096LP49	[[447, 457]]	[[868, 878]]	1
tr|Q5CQ02|Q5CQ02_CRYPI	O15259	[[44, 58]]	[[213, 227]]	1
tr|Q5CQ02|Q5CQ02_CRYPI	Q96C92	[[96, 106]]	[[175, 185]]	1
tr|Q5CQ06|Q5CQ06_CRYPI	Q9HAW9	[[929, 939]]	[[104, 114]]	1
tr|Q5CQ08|Q5CQ08_CRYPI	Q5JUQ0	[[62, 73]]	[[152, 163]]	1
tr|Q5CQ11|Q5CQ11_CRYPI	Q92771	[[154, 164]]	[[610, 620]]	1
tr|Q5CQ11|Q5CQ11_CRYPI	Q09470	[[198, 209]]	[[246, 257]]	1
tr|Q5CQ11|Q5CQ11_CRYPI	Q96N46	[[545, 555]]	[[455, 465]]	1
tr|Q5CQ11|Q5CQ11_CRYPI	Q6ZU35	[[592, 603]]	[[304, 315]]	1
tr|Q5CQ11|Q5CQ11_CRYPI	Q9BXB5	[[596, 608]]	[[724, 736]]	1
tr|Q5CQ11|Q5CQ11_CRYPI	Q5T200	[[602, 614]]	[[753, 765]]	1
tr|Q5CQ12|Q5CQ12_CRYPI	Q86UR5	[[507, 519]]	[[306, 318]]	1
tr|Q5CQ12|Q5CQ12_CRYPI	Q08170	[[559, 570]]	[[466, 477]]	1
tr|Q5CQ12|Q5CQ12_CRYPI	Q13247	[[562, 573], [808, 819]]	[[329, 340], [203, 214]]	2
tr|Q5CQ12|Q5CQ12_CRYPI	Q4KMP7	[[638, 650]]	[[749, 761]]	1
tr|Q5CQ12|Q5CQ12_CRYPI	O75376	[[647, 658]]	[[1718, 1729]]	1
tr|Q5CQ12|Q5CQ12_CRYPI	Q07955	[[801, 812]]	[[213, 224]]	1
tr|Q5CQ13|Q5CQ13_CRYPI	Q6PD62	[[466, 477]]	[[857, 868]]	1
tr|Q5CQ13|Q5CQ13_CRYPI	O15083	[[472, 484]]	[[598, 610]]	1
tr|Q5CQ13|Q5CQ13_CRYPI	O95232	[[474, 485]]	[[248, 259]]	1
tr|Q5CQ13|Q5CQ13_CRYPI	Q4G0P3	[[478, 490]]	[[2523, 2535]]	1
tr|Q5CQ13|Q5CQ13_CRYPI	Q96N46	[[561, 571]]	[[455, 465]]	1
tr|Q5CQ13|Q5CQ13_CRYPI	Q6ZU35	[[608, 619]]	[[304, 315]]	1
tr|Q5CQ13|Q5CQ13_CRYPI	Q9BXB5	[[612, 624]]	[[724, 736]]	1
tr|Q5CQ13|Q5CQ13_CRYPI	Q5T200	[[618, 630]]	[[753, 765]]	1
tr|Q5CQ13|Q5CQ13_CRYPI	P15941	[[710, 725]]	[[959, 970]]	1
tr|Q5CQ13|Q5CQ13_CRYPI	O14646	[[712, 723]]	[[23, 34]]	1
tr|Q5CQ13|Q5CQ13_CRYPI	Q13243	[[745, 771], [775, 787]]	[[183, 205], [191, 203]]	2
tr|Q5CQ13|Q5CQ13_CRYPI	O95218	[[778, 790], [755, 767]]	[[241, 253], [220, 232]]	2
tr|Q5CQ13|Q5CQ13_CRYPI	Q9UK58	[[758, 770]]	[[395, 407]]	1
tr|Q5CQ13|Q5CQ13_CRYPI	Q14562	[[760, 771]]	[[202, 213]]	1
tr|Q5CQ13|Q5CQ13_CRYPI	Q5T8P6	[[762, 774]]	[[198, 210]]	1
tr|Q5CQ13|Q5CQ13_CRYPI	Q96S94	[[774, 786]]	[[459, 471]]	1
tr|Q5CQ13|Q5CQ13_CRYPI	Q9NXX6	[[782, 793]]	[[22, 33]]	1
tr|Q5CQ14|Q5CQ14_CRYPI	Q14197	[[167, 179]]	[[34, 46]]	1
tr|Q5CQ15|Q5CQ15_CRYPI	Q02930	[[308, 320]]	[[270, 282]]	1
tr|Q5CQ16|Q5CQ16_CRYPI	Q9Y5T5	[[2072, 2081]]	[[326, 335]]	1
tr|Q5CQ16|Q5CQ16_CRYPI	Q7Z494	[[2143, 2155]]	[[173, 185]]	1
tr|Q5CQ16|Q5CQ16_CRYPI	Q8TD19	[[2439, 2450]]	[[752, 763]]	1
tr|Q5CQ16|Q5CQ16_CRYPI	O15066	[[2441, 2452]]	[[387, 398]]	1
tr|Q5CQ16|Q5CQ16_CRYPI	Q9Y2I1	[[2442, 2454]]	[[666, 678]]	1
tr|Q5CQ16|Q5CQ16_CRYPI	P0C7V8	[[2445, 2455]]	[[123, 133]]	1
tr|Q5CQ16|Q5CQ16_CRYPI	P06454	[[2445, 2456]]	[[59, 70]]	1
tr|Q5CQ16|Q5CQ16_CRYPI	Q9Y4H2	[[790, 799]]	[[20, 29]]	1
tr|Q5CQ16|Q5CQ16_CRYPI	Q5HYJ3	[[798, 810]]	[[176, 188]]	1
tr|Q5CQ17|Q5CQ17_CRYPI	Q6PIJ6	[[1154, 1165]]	[[502, 513]]	1
tr|Q5CQ17|Q5CQ17_CRYPI	Q06587	[[202, 213]]	[[170, 181]]	1
tr|Q5CQ17|Q5CQ17_CRYPI	Q9BYF1	[[456, 467]]	[[116, 127]]	1
tr|Q5CQ17|Q5CQ17_CRYPI	Q5T200	[[902, 918]]	[[722, 734]]	1
tr|Q5CQ18|Q5CQ18_CRYPI	Q9C0I4	[[363, 375]]	[[339, 351]]	1
tr|Q5CQ18|Q5CQ18_CRYPI	P13671	[[365, 376]]	[[28, 39]]	1
tr|Q5CQ18|Q5CQ18_CRYPI	P29279	[[366, 376]]	[[203, 213]]	1
tr|Q5CQ18|Q5CQ18_CRYPI	O00622	[[368, 379]]	[[235, 246]]	1
tr|Q5CQ18|Q5CQ18_CRYPI	Q9UKP5	[[420, 431]]	[[563, 574]]	1
tr|Q5CQ18|Q5CQ18_CRYPI	Q8TE60	[[423, 432]]	[[1060, 1069]]	1
tr|Q5CQ18|Q5CQ18_CRYPI	Q9UKP4	[[476, 488]]	[[1418, 1430]]	1
tr|Q5CQ18|Q5CQ18_CRYPI	Q6ZMP0	[[479, 490]]	[[627, 638]]	1
tr|Q5CQ18|Q5CQ18_CRYPI	Q13591	[[480, 491]]	[[606, 617]]	1
tr|Q5CQ18|Q5CQ18_CRYPI	Q9UM47	[[524, 536], [543, 554]]	[[852, 864], [907, 918]]	2
tr|Q5CQ20|Q5CQ20_CRYPI	Q13393	[[954, 966]]	[[657, 669]]	1
tr|Q5CQ23|Q5CQ23_CRYPI	Q7Z4G4	[[347, 363], [254, 270]]	[[302, 318], [212, 228]]	2
tr|Q5CQ24|Q5CQ24_CRYPI	Q93034	[[91, 103]]	[[732, 744]]	1
tr|Q5CQ25|Q5CQ25_CRYPI	Q13029	[[147, 159]]	[[1056, 1068]]	1
tr|Q5CQ25|Q5CQ25_CRYPI	O15520	[[149, 160]]	[[51, 62]]	1
tr|Q5CQ25|Q5CQ25_CRYPI	Q8WU08	[[764, 775]]	[[254, 265]]	1
tr|Q5CQ25|Q5CQ25_CRYPI	Q2M2I8	[[769, 778]]	[[292, 301]]	1
tr|Q5CQ28|Q5CQ28_CRYPI	Q9NU22	[[846, 858]]	[[4816, 4828]]	1
tr|Q5CQ29|Q5CQ29_CRYPI	P54198	[[119, 129]]	[[437, 447]]	1
tr|Q5CQ31|Q5CQ31_CRYPI	Q5JPI9	[[61, 73]]	[[82, 94]]	1
tr|Q5CQ34|Q5CQ34_CRYPI	Q9BZG2	[[287, 299]]	[[149, 161]]	1
tr|Q5CQ34|Q5CQ34_CRYPI	Q6UWF7	[[622, 633]]	[[42, 53]]	1
tr|Q5CQ35|Q5CQ35_CRYPI	O75897	[[265, 272]]	[[33, 40]]	1
tr|Q5CQ35|Q5CQ35_CRYPI	Q14527	[[292, 303]]	[[287, 298]]	1
tr|Q5CQ35|Q5CQ35_CRYPI	Q149N8	[[293, 305]]	[[367, 379]]	1
tr|Q5CQ35|Q5CQ35_CRYPI	Q03468	[[852, 864], [476, 497], [806, 819], [790, 803], [515, 544], [824, 849]]	[[967, 979], [639, 660], [921, 934], [905, 918], [678, 707], [939, 964]]	6
tr|Q5CQ35|Q5CQ35_CRYPI	Q2NKX8	[[511, 525]]	[[256, 270]]	1
tr|Q5CQ35|Q5CQ35_CRYPI	Q6ZRS2	[[735, 743]]	[[2059, 2067]]	1
tr|Q5CQ35|Q5CQ35_CRYPI	Q9P2D1	[[735, 746]]	[[1306, 1317]]	1
tr|Q5CQ35|Q5CQ35_CRYPI	O14981	[[843, 856]]	[[1750, 1763]]	1
tr|Q5CQ35|Q5CQ35_CRYPI	Q92698	[[851, 861]]	[[625, 635]]	1
tr|Q5CQ37|Q5CQ37_CRYPI	Q8N7Z5	[[107, 118]]	[[628, 639]]	1
tr|Q5CQ37|Q5CQ37_CRYPI	Q9H5Z1	[[443, 454]]	[[56, 67]]	1
tr|Q5CQ37|Q5CQ37_CRYPI	Q9UKJ3	[[465, 473]]	[[1237, 1245]]	1
tr|Q5CQ39|Q5CQ39_CRYPI	Q86UW6	[[102, 114]]	[[370, 382]]	1
tr|Q5CQ39|Q5CQ39_CRYPI	Q6B0I6	[[30, 42]]	[[428, 440]]	1
tr|Q5CQ39|Q5CQ39_CRYPI	Q02817	[[32, 44], [777, 788]]	[[4487, 4499], [2420, 2431]]	2
tr|Q5CQ39|Q5CQ39_CRYPI	Q9UBU9	[[38, 48]]	[[552, 562]]	1
tr|Q5CQ39|Q5CQ39_CRYPI	P29558	[[394, 406]]	[[41, 53]]	1
tr|Q5CQ39|Q5CQ39_CRYPI	Q9UKZ4	[[757, 767]]	[[984, 994]]	1
tr|Q5CQ40|Q5CQ40_CRYPI	Q9BYG7	[[397, 410]]	[[92, 105]]	1
tr|Q5CQ41|Q5CQ41_CRYPI	Q9Y6N1	[[389, 399]]	[[245, 255]]	1
tr|Q5CQ41|Q5CQ41_CRYPI	Q99758	[[967, 977]]	[[1107, 1117]]	1
tr|Q5CQ43|Q5CQ43_CRYPI	P28074	[[144, 156], [204, 217], [103, 131], [189, 200]]	[[124, 136], [184, 197], [83, 111], [169, 180]]	4
tr|Q5CQ43|Q5CQ43_CRYPI	P28062	[[133, 160], [89, 105], [212, 223]]	[[126, 153], [82, 98], [205, 216]]	3
tr|Q5CQ43|Q5CQ43_CRYPI	O15530	[[185, 194]]	[[479, 488]]	1
tr|Q5CQ43|Q5CQ43_CRYPI	A5LHX3	[[206, 226]]	[[176, 196]]	1
tr|Q5CQ45|Q5CQ45_CRYPI	Q5H9R4	[[222, 233]]	[[2279, 2290]]	1
tr|Q5CQ45|Q5CQ45_CRYPI	Q9HCX4	[[634, 647]]	[[635, 648]]	1
tr|Q5CQ47|Q5CQ47_CRYPI	Q08380	[[278, 289]]	[[560, 571]]	1
tr|Q5CQ51|Q5CQ51_CRYPI	Q96IW7	[[155, 167]]	[[252, 264]]	1
tr|Q5CQ53|Q5CQ53_CRYPI	O95793	[[373, 385]]	[[17, 29]]	1
tr|Q5CQ54|Q5CQ54_CRYPI	Q14974	[[1046, 1056]]	[[795, 805]]	1
tr|Q5CQ54|Q5CQ54_CRYPI	O14647	[[141, 152]]	[[59, 70]]	1
tr|Q5CQ54|Q5CQ54_CRYPI	O00203	[[141, 155]]	[[781, 794]]	1
tr|Q5CQ54|Q5CQ54_CRYPI	O94885	[[161, 170]]	[[24, 33]]	1
tr|Q5CQ54|Q5CQ54_CRYPI	Q8WZ42	[[163, 173]]	[[11943, 11953]]	1
tr|Q5CQ54|Q5CQ54_CRYPI	Q8NDG6	[[281, 293]]	[[150, 162]]	1
tr|Q5CQ54|Q5CQ54_CRYPI	Q8IX18	[[282, 294]]	[[72, 84]]	1
tr|Q5CQ54|Q5CQ54_CRYPI	Q8IY37	[[372, 387], [473, 485], [289, 305], [773, 792], [437, 470], [398, 420]]	[[347, 362], [436, 448], [278, 294], [670, 689], [400, 433], [373, 395]]	6
tr|Q5CQ54|Q5CQ54_CRYPI	Q7Z478	[[329, 341]]	[[628, 640]]	1
tr|Q5CQ54|Q5CQ54_CRYPI	Q14562	[[366, 378]]	[[654, 666]]	1
tr|Q5CQ54|Q5CQ54_CRYPI	Q9H5Z1	[[389, 402]]	[[168, 181]]	1
tr|Q5CQ54|Q5CQ54_CRYPI	Q5U5Q3	[[557, 568]]	[[124, 135]]	1
tr|Q5CQ54|Q5CQ54_CRYPI	Q8N239	[[558, 570]]	[[316, 328]]	1
tr|Q5CQ54|Q5CQ54_CRYPI	Q7L0X2	[[559, 571]]	[[21, 33]]	1
tr|Q5CQ54|Q5CQ54_CRYPI	Q96PN7	[[560, 572]]	[[955, 967]]	1
tr|Q5CQ54|Q5CQ54_CRYPI	P78412	[[561, 573]]	[[254, 266]]	1
tr|Q5CQ54|Q5CQ54_CRYPI	Q6ZU64	[[563, 575]]	[[1772, 1784]]	1
tr|Q5CQ54|Q5CQ54_CRYPI	Q8TCU4	[[564, 576]]	[[10, 22]]	1
tr|Q5CQ54|Q5CQ54_CRYPI	Q8WYB5	[[571, 588]]	[[1069, 1093]]	1
tr|Q5CQ54|Q5CQ54_CRYPI	P26583	[[579, 591]]	[[187, 199]]	1
tr|Q5CQ54|Q5CQ54_CRYPI	Q4LE39	[[581, 593]]	[[545, 557]]	1
tr|Q5CQ54|Q5CQ54_CRYPI	Q9C0D0	[[582, 594]]	[[394, 406]]	1
tr|Q5CQ54|Q5CQ54_CRYPI	Q96C00	[[584, 596]]	[[212, 224]]	1
tr|Q5CQ54|Q5CQ54_CRYPI	Q13029	[[585, 599]]	[[277, 291]]	1
tr|Q5CQ54|Q5CQ54_CRYPI	Q96EB6	[[589, 601]]	[[121, 133]]	1
tr|Q5CQ54|Q5CQ54_CRYPI	Q9BYE7	[[590, 601]]	[[77, 88]]	1
tr|Q5CQ54|Q5CQ54_CRYPI	A2CJ06	[[594, 605]]	[[519, 530]]	1
tr|Q5CQ54|Q5CQ54_CRYPI	Q9BY43	[[599, 610]]	[[162, 173]]	1
tr|Q5CQ54|Q5CQ54_CRYPI	Q9H444	[[600, 611]]	[[166, 177]]	1
tr|Q5CQ54|Q5CQ54_CRYPI	Q8TC90	[[602, 614]]	[[332, 344]]	1
tr|Q5CQ54|Q5CQ54_CRYPI	Q9BQE4	[[62, 72]]	[[102, 112]]	1
tr|Q5CQ54|Q5CQ54_CRYPI	Q9H6R0	[[716, 731]]	[[347, 362]]	1
tr|Q5CQ54|Q5CQ54_CRYPI	Q08211	[[721, 732]]	[[711, 722]]	1
tr|Q5CQ54|Q5CQ54_CRYPI	Q9H6S0	[[761, 773]]	[[726, 738]]	1
tr|Q5CQ54|Q5CQ54_CRYPI	O60231	[[763, 776]]	[[714, 727]]	1
tr|Q5CQ54|Q5CQ54_CRYPI	Q92620	[[765, 782]]	[[847, 864]]	1
tr|Q5CQ54|Q5CQ54_CRYPI	Q9H2U1	[[772, 784]]	[[600, 612]]	1
tr|Q5CQ55|Q5CQ55_CRYPI	Q3ZCN5	[[119, 130]]	[[2268, 2279]]	1
tr|Q5CQ58|Q5CQ58_CRYPI	Q15025	[[597, 608]]	[[415, 426]]	1
tr|Q5CQ59|Q5CQ59_CRYPI	Q6SJ93	[[407, 415]]	[[121, 129]]	1
tr|Q5CQ63|Q5CQ63_CRYPI	Q5U3C3	[[27, 39]]	[[166, 178]]	1
tr|Q5CQ63|Q5CQ63_CRYPI	Q9H2K2	[[486, 499]]	[[874, 887]]	1
tr|Q5CQ64|Q5CQ64_CRYPI	Q9UGM3	[[248, 256]]	[[1909, 1917]]	1
tr|Q5CQ64|Q5CQ64_CRYPI	O00308	[[515, 523]]	[[310, 318]]	1
tr|Q5CQ66|Q5CQ66_CRYPI	P37275	[[135, 145]]	[[472, 482]]	1
tr|Q5CQ67|Q5CQ67_CRYPI	P49792	[[59, 72]]	[[1181, 1194]]	1
tr|Q5CQ70|Q5CQ70_CRYPI	Q9UM19	[[119, 130]]	[[71, 82]]	1
tr|Q5CQ70|Q5CQ70_CRYPI	P57796	[[120, 133]]	[[255, 268]]	1
tr|Q5CQ72|Q5CQ72_CRYPI	Q8NDH2	[[296, 308]]	[[2365, 2377]]	1
tr|Q5CQ72|Q5CQ72_CRYPI	Q9Y2T2	[[397, 405]]	[[2, 10]]	1
tr|Q5CQ73|Q5CQ73_CRYPI	P49257	[[61, 70]]	[[442, 451]]	1
tr|Q5CQ77|Q5CQ77_CRYPI	O75843	[[52, 78], [243, 255], [24, 42], [102, 113]]	[[51, 77], [239, 251], [23, 41], [101, 112]]	4
tr|Q5CQ77|Q5CQ77_CRYPI	O43747	[[70, 81], [103, 120], [286, 299], [49, 62]]	[[68, 79], [101, 118], [280, 293], [47, 60]]	4
tr|Q5CQ77|Q5CQ77_CRYPI	Q16620	[[144, 154]]	[[140, 150]]	1
tr|Q5CQ77|Q5CQ77_CRYPI	Q14807	[[634, 645]]	[[533, 544]]	1
tr|Q5CQ80|Q5CQ80_CRYPI	Q96GC9	[[276, 295], [163, 177], [78, 91]]	[[270, 289], [192, 206], [115, 128]]	3
tr|Q5CQ80|Q5CQ80_CRYPI	Q7Z4Q2	[[206, 218]]	[[150, 162]]	1
tr|Q5CQ80|Q5CQ80_CRYPI	Q6ZVX9	[[288, 300]]	[[84, 96]]	1
tr|Q5CQ81|Q5CQ81_CRYPI	Q9P206	[[132, 142]]	[[951, 961]]	1
tr|Q5CQ81|Q5CQ81_CRYPI	Q9HCJ0	[[163, 174]]	[[967, 978]]	1
tr|Q5CQ81|Q5CQ81_CRYPI	P15822	[[300, 310]]	[[2154, 2164]]	1
tr|Q5CQ83|Q5CQ83_CRYPI	Q13439	[[253, 264]]	[[1139, 1150]]	1
tr|Q5CQ83|Q5CQ83_CRYPI	Q96RY7	[[79, 87]]	[[1397, 1405]]	1
tr|Q5CQ84|Q5CQ84_CRYPI	Q96LA8	[[316, 328], [591, 603]]	[[58, 70], [308, 320]]	2
tr|Q5CQ84|Q5CQ84_CRYPI	Q99873	[[430, 452], [340, 355]]	[[154, 176], [85, 100]]	2
tr|Q5CQ84|Q5CQ84_CRYPI	Q8N752	[[443, 454]]	[[56, 67]]	1
tr|Q5CQ84|Q5CQ84_CRYPI	P55345	[[593, 604]]	[[362, 373]]	1
tr|Q5CQ85|Q5CQ85_CRYPI	P52736	[[123, 134]]	[[331, 342]]	1
tr|Q5CQ86|Q5CQ86_CRYPI	O00193	[[172, 181]]	[[117, 126]]	1
tr|Q5CQ86|Q5CQ86_CRYPI	Q9BXN1	[[173, 189]]	[[37, 49]]	1
tr|Q5CQ86|Q5CQ86_CRYPI	O94763	[[179, 191]]	[[300, 312]]	1
tr|Q5CQ87|Q5CQ87_CRYPI	P25398	[[98, 114]]	[[89, 105]]	1
tr|Q5CQ88|Q5CQ88_CRYPI	E5RJM6	[[153, 163]]	[[73, 83]]	1
tr|Q5CQ88|Q5CQ88_CRYPI	Q8N6S4	[[155, 166]]	[[145, 156]]	1
tr|Q5CQ88|Q5CQ88_CRYPI	Q8NE71	[[406, 417]]	[[68, 79]]	1
tr|Q5CQ88|Q5CQ88_CRYPI	Q8NB46	[[95, 106]]	[[432, 443]]	1
tr|Q5CQ89|Q5CQ89_CRYPI	P08708	[[40, 60]]	[[40, 60]]	1
tr|Q5CQ94|Q5CQ94_CRYPI	Q5SXM8	[[153, 165]]	[[104, 116]]	1
tr|Q5CQ97|Q5CQ97_CRYPI	Q9HCS4	[[792, 804]]	[[429, 441]]	1
tr|Q5CQ98|Q5CQ98_CRYPI	P11215	[[279, 290]]	[[771, 782]]	1
tr|Q5CQ98|Q5CQ98_CRYPI	Q9NRH2	[[347, 357]]	[[333, 343]]	1
tr|Q5CQ98|Q5CQ98_CRYPI	Q5VT06	[[63, 75]]	[[2738, 2750]]	1
tr|Q5CQ99|Q5CQ99_CRYPI	Q96GS6	[[128, 139], [170, 184]]	[[140, 151], [182, 196]]	2
tr|Q5CQ99|Q5CQ99_CRYPI	Q9C0J8	[[234, 243]]	[[116, 125]]	1
tr|Q5CQ99|Q5CQ99_CRYPI	Q15029	[[337, 347]]	[[34, 44]]	1
tr|Q5CQ99|Q5CQ99_CRYPI	P23327	[[336, 348]]	[[242, 254]]	1
tr|Q5CQ99|Q5CQ99_CRYPI	P35716	[[338, 350]]	[[221, 233]]	1
tr|Q5CQ99|Q5CQ99_CRYPI	O94763	[[339, 352]]	[[300, 313]]	1
tr|Q5CQ99|Q5CQ99_CRYPI	Q16594	[[343, 355]]	[[251, 263]]	1
tr|Q5CQA0|Q5CQA0_CRYPI	Q8TDN6	[[209, 229], [168, 181], [73, 88]]	[[185, 205], [160, 173], [65, 80]]	3
tr|Q5CQA1|Q5CQA1_CRYPI	Q86SQ9	[[23, 37], [196, 212]]	[[27, 41], [197, 213]]	2
tr|Q5CQA3|Q5CQA3_CRYPI	P49642	[[139, 155], [89, 101], [289, 301]]	[[155, 171], [105, 117], [299, 311]]	3
tr|Q5CQA4|Q5CQA4_CRYPI	Q5VTM2	[[157, 172], [100, 124]]	[[91, 106], [34, 58]]	2
tr|Q5CQA4|Q5CQA4_CRYPI	Q14692	[[82, 94], [163, 182], [750, 762], [707, 721], [864, 879], [726, 744], [828, 839], [113, 131]]	[[121, 133], [202, 221], [966, 978], [924, 938], [1082, 1097], [943, 961], [1045, 1056], [152, 170]]	8
tr|Q5CQA4|Q5CQA4_CRYPI	Q9C0E4	[[375, 387]]	[[840, 852]]	1
tr|Q5CQA4|Q5CQA4_CRYPI	Q8IZL8	[[378, 389]]	[[909, 920]]	1
tr|Q5CQA4|Q5CQA4_CRYPI	Q96A61	[[379, 390]]	[[124, 135]]	1
tr|Q5CQA4|Q5CQA4_CRYPI	O15047	[[402, 413]]	[[1055, 1066]]	1
tr|Q5CQA4|Q5CQA4_CRYPI	Q9BSD7	[[49, 60]]	[[8, 19]]	1
tr|Q5CQA4|Q5CQA4_CRYPI	Q5TCY1	[[962, 974]]	[[240, 252]]	1
tr|Q5CQA5|Q5CQA5_CRYPI	Q9UHI7	[[43, 52]]	[[445, 454]]	1
tr|Q5CQA5|Q5CQA5_CRYPI	Q93050	[[431, 443]]	[[359, 371]]	1
tr|Q5CQA5|Q5CQA5_CRYPI	Q9Y487	[[457, 475], [645, 657], [592, 604]]	[[390, 408], [598, 610], [545, 557]]	3
tr|Q5CQA5|Q5CQA5_CRYPI	Q13488	[[588, 602]]	[[524, 538]]	1
tr|Q5CQA5|Q5CQA5_CRYPI	O75943	[[625, 633]]	[[455, 463]]	1
tr|Q5CQA5|Q5CQA5_CRYPI	Q9HBG4	[[809, 820]]	[[734, 745]]	1
tr|Q5CQA7|Q5CQA7_CRYPI	Q14534	[[143, 154]]	[[355, 366]]	1
tr|Q5CQA8|Q5CQA8_CRYPI	Q9NRG0	[[80, 92]]	[[116, 128]]	1
tr|Q5CQA9|Q5CQA9_CRYPI	P78318	[[356, 370]]	[[317, 331]]	1
tr|Q5CQB0|Q5CQB0_CRYPI	Q9Y4H2	[[134, 143]]	[[19, 28]]	1
tr|Q5CQB0|Q5CQB0_CRYPI	Q8N4J0	[[356, 373], [239, 252], [179, 192], [226, 237], [330, 347]]	[[331, 348], [216, 229], [158, 171], [203, 214], [305, 322]]	5
tr|Q5CQB2|Q5CQB2_CRYPI	Q9NQT8	[[171, 181]]	[[1082, 1092]]	1
tr|Q5CQB2|Q5CQB2_CRYPI	Q15181	[[188, 201]]	[[91, 104]]	1
tr|Q5CQB2|Q5CQB2_CRYPI	Q9H2U2	[[234, 248], [194, 204]]	[[183, 197], [145, 155]]	2
tr|Q5CQB2|Q5CQB2_CRYPI	O75410	[[27, 36]]	[[47, 56]]	1
tr|Q5CQB2|Q5CQB2_CRYPI	Q9NY25	[[267, 278]]	[[117, 128]]	1
tr|Q5CQB2|Q5CQB2_CRYPI	Q9H790	[[73, 81]]	[[334, 342]]	1
tr|Q5CQB3|Q5CQB3_CRYPI	Q96J66	[[1189, 1201]]	[[1168, 1180]]	1
tr|Q5CQB3|Q5CQB3_CRYPI	O15440	[[1191, 1202]]	[[1222, 1233]]	1
tr|Q5CQB3|Q5CQB3_CRYPI	Q96J65	[[1192, 1204]]	[[1150, 1162]]	1
tr|Q5CQB3|Q5CQB3_CRYPI	Q5T3U5	[[1194, 1206]]	[[1278, 1290]]	1
tr|Q5CQB3|Q5CQB3_CRYPI	O14678	[[1197, 1208]]	[[422, 433]]	1
tr|Q5CQB3|Q5CQB3_CRYPI	P13569	[[1197, 1209]]	[[459, 471]]	1
tr|Q5CQB3|Q5CQB3_CRYPI	Q7Z6M4	[[1238, 1249]]	[[358, 369]]	1
tr|Q5CQB3|Q5CQB3_CRYPI	Q96N16	[[178, 187]]	[[334, 343]]	1
tr|Q5CQB3|Q5CQB3_CRYPI	P14672	[[256, 265]]	[[97, 106]]	1
tr|Q5CQB3|Q5CQB3_CRYPI	Q96RC9	[[639, 650]]	[[287, 298]]	1
tr|Q5CQB4|Q5CQB4_CRYPI	O95255	[[1191, 1202]]	[[1290, 1301]]	1
tr|Q5CQB4|Q5CQB4_CRYPI	Q96J66	[[1193, 1205]]	[[1168, 1180]]	1
tr|Q5CQB4|Q5CQB4_CRYPI	Q96J65	[[1195, 1206]]	[[1149, 1160]]	1
tr|Q5CQB4|Q5CQB4_CRYPI	P13569	[[1199, 1210]]	[[1243, 1254]]	1
tr|Q5CQB4|Q5CQB4_CRYPI	Q9H222	[[1202, 1211]]	[[88, 97]]	1
tr|Q5CQB4|Q5CQB4_CRYPI	P23975	[[25, 36]]	[[28, 39]]	1
tr|Q5CQB4|Q5CQB4_CRYPI	Q7Z333	[[412, 421]]	[[1495, 1504]]	1
tr|Q5CQB4|Q5CQB4_CRYPI	Q03519	[[596, 608]]	[[608, 620]]	1
tr|Q5CQB5|Q5CQB5_CRYPI	Q96J66	[[1227, 1239]]	[[1168, 1180]]	1
tr|Q5CQB5|Q5CQB5_CRYPI	O15440	[[1229, 1240]]	[[1222, 1233]]	1
tr|Q5CQB5|Q5CQB5_CRYPI	Q96J65	[[1230, 1242]]	[[1150, 1162]]	1
tr|Q5CQB5|Q5CQB5_CRYPI	Q9UI42	[[126, 135]]	[[3, 12]]	1
tr|Q5CQB7|Q5CQB7_CRYPI	Q09472	[[47, 59]]	[[1087, 1099]]	1
tr|Q5CQB7|Q5CQB7_CRYPI	Q9ULI0	[[50, 62]]	[[996, 1008]]	1
tr|Q5CQB7|Q5CQB7_CRYPI	Q6XZF7	[[694, 703]]	[[992, 1001]]	1
tr|Q5CQB7|Q5CQB7_CRYPI	Q9NRL2	[[79, 91]]	[[1496, 1508]]	1
tr|Q5CQB9|Q5CQB9_CRYPI	Q9ULJ1	[[530, 541]]	[[595, 606]]	1
tr|Q5CQB9|Q5CQB9_CRYPI	O95427	[[746, 755]]	[[558, 567]]	1
tr|Q5CQC1|Q5CQC1_CRYPI	Q9HBT8	[[174, 184]]	[[117, 127]]	1
tr|Q5CQC1|Q5CQC1_CRYPI	Q02817	[[291, 415], [250, 262], [244, 260], [292, 416]]	[[1470, 1482], [1411, 1423], [1506, 1522], [1416, 1428]]	4
tr|Q5CQC1|Q5CQC1_CRYPI	Q99935	[[276, 287]]	[[154, 165]]	1
tr|Q5CQC1|Q5CQC1_CRYPI	P98088	[[285, 296]]	[[3127, 3138]]	1
tr|Q5CQC1|Q5CQC1_CRYPI	Q02505	[[406, 416]]	[[647, 657]]	1
tr|Q5CQC1|Q5CQC1_CRYPI	Q9HC84	[[407, 419]]	[[4620, 4632]]	1
tr|Q5CQC1|Q5CQC1_CRYPI	Q9BY67	[[411, 423]]	[[338, 350]]	1
tr|Q5CQC4|Q5CQC4_CRYPI	P35498	[[23, 35]]	[[497, 509]]	1
tr|Q5CQC7|Q5CQC7_CRYPI	Q6A163	[[83, 94]]	[[94, 105]]	1
tr|Q5CQC8|Q5CQC8_CRYPI	Q3SXZ7	[[73, 84]]	[[11, 22]]	1
tr|Q5CQD0|Q5CQD0_CRYPI	Q15637	[[204, 215]]	[[176, 187]]	1
tr|Q5CQD1|Q5CQD1_CRYPI	Q92890	[[151, 171]]	[[130, 150]]	1
tr|Q5CQD4|Q5CQD4_CRYPI	P62191	[[205, 233], [326, 340], [367, 383], [263, 289], [97, 135], [388, 420], [345, 357], [62, 84], [295, 319]]	[[200, 228], [321, 335], [362, 378], [258, 284], [92, 130], [383, 415], [340, 352], [57, 79], [290, 314]]	9
tr|Q5CQD4|Q5CQD4_CRYPI	Q8N0W3	[[50, 61]]	[[949, 960]]	1
tr|Q5CQD8|Q5CQD8_CRYPI	P52209	[[5, 15]]	[[119, 129]]	1
tr|Q5CQD9|Q5CQD9_CRYPI	Q9HCU5	[[147, 159]]	[[170, 182]]	1
tr|Q5CQE1|Q5CQE1_CRYPI	P51161	[[100, 111]]	[[11, 22]]	1
tr|Q5CQE1|Q5CQE1_CRYPI	P51797	[[484, 493]]	[[162, 171]]	1
tr|Q5CQE2|Q5CQE2_CRYPI	Q8WZ64	[[30, 39]]	[[345, 354]]	1
tr|Q5CQE3|Q5CQE3_CRYPI	Q14554	[[123, 138]]	[[172, 187]]	1
tr|Q5CQE3|Q5CQE3_CRYPI	Q96J42	[[584, 593]]	[[211, 220]]	1
tr|Q5CQE3|Q5CQE3_CRYPI	Q8NBS9	[[587, 598]]	[[344, 355]]	1
tr|Q5CQE4|Q5CQE4_CRYPI	Q5TF39	[[8, 18]]	[[433, 443]]	1
tr|Q5CQE5|Q5CQE5_CRYPI	Q5QJE6	[[132, 142]]	[[515, 525]]	1
tr|Q5CQE5|Q5CQE5_CRYPI	Q5TZF3	[[404, 416]]	[[17, 29]]	1
tr|Q5CQE5|Q5CQE5_CRYPI	Q9NP64	[[453, 465]]	[[227, 239]]	1
tr|Q5CQE5|Q5CQE5_CRYPI	O75439	[[670, 682]]	[[114, 126]]	1
tr|Q5CQE6|Q5CQE6_CRYPI	Q9Y4C8	[[1281, 1294]]	[[708, 721]]	1
tr|Q5CQE6|Q5CQE6_CRYPI	Q0VF49	[[1289, 1301]]	[[1046, 1058]]	1
tr|Q5CQE6|Q5CQE6_CRYPI	Q6ZQQ6	[[1290, 1304]]	[[2246, 2260]]	1
tr|Q5CQE6|Q5CQE6_CRYPI	Q9P2P1	[[1294, 1306]]	[[992, 1004]]	1
tr|Q5CQE6|Q5CQE6_CRYPI	Q12874	[[1297, 1308]]	[[352, 363]]	1
tr|Q5CQE6|Q5CQE6_CRYPI	Q15398	[[1458, 1469]]	[[783, 794]]	1
tr|Q5CQE6|Q5CQE6_CRYPI	Q8N157	[[168, 178]]	[[1024, 1034]]	1
tr|Q5CQE6|Q5CQE6_CRYPI	Q9NYV8	[[259, 271]]	[[107, 119]]	1
tr|Q5CQE6|Q5CQE6_CRYPI	Q86WG5	[[287, 298]]	[[558, 569]]	1
tr|Q5CQE6|Q5CQE6_CRYPI	Q9BSG5	[[498, 510]]	[[216, 228]]	1
tr|Q5CQE6|Q5CQE6_CRYPI	O95222	[[595, 603]]	[[175, 183]]	1
tr|Q5CQE6|Q5CQE6_CRYPI	Q96N67	[[705, 715]]	[[760, 770]]	1
tr|Q5CQE7|Q5CQE7_CRYPI	Q6NUJ2	[[25, 36]]	[[85, 96]]	1
tr|Q5CQE8|Q5CQE8_CRYPI	Q13464	[[234, 246]]	[[193, 205]]	1
tr|Q5CQE8|Q5CQE8_CRYPI	Q02779	[[235, 247]]	[[218, 230]]	1
tr|Q5CQF0|Q5CQF0_CRYPI	P33993	[[417, 427], [499, 522], [475, 488], [428, 441], [193, 203], [706, 723], [452, 471], [380, 395]]	[[367, 377], [449, 472], [425, 438], [378, 391], [165, 175], [598, 615], [402, 421], [331, 346]]	8
tr|Q5CQF0|Q5CQF0_CRYPI	P33991	[[481, 499]]	[[560, 578]]	1
tr|Q5CQF0|Q5CQF0_CRYPI	P33992	[[513, 534]]	[[463, 484]]	1
tr|Q5CQF0|Q5CQF0_CRYPI	P25205	[[529, 544]]	[[443, 458]]	1
tr|Q5CQF0|Q5CQF0_CRYPI	Q14566	[[532, 543]]	[[497, 508]]	1
tr|Q5CQF0|Q5CQF0_CRYPI	P49736	[[535, 547]]	[[627, 639]]	1
tr|Q5CQF0|Q5CQF0_CRYPI	Q5VVJ2	[[60, 68]]	[[93, 101]]	1
tr|Q5CQF1|Q5CQF1_CRYPI	Q92871	[[185, 201], [120, 144], [48, 60], [153, 165]]	[[186, 202], [121, 145], [47, 59], [154, 166]]	4
tr|Q5CQF1|Q5CQF1_CRYPI	O15305	[[17, 29], [179, 206], [45, 57], [146, 162], [212, 232]]	[[9, 21], [171, 198], [37, 49], [138, 154], [205, 225]]	5
tr|Q5CQF2|Q5CQF2_CRYPI	O60508	[[185, 197]]	[[566, 578]]	1
tr|Q5CQF2|Q5CQF2_CRYPI	Q8IZU2	[[193, 205]]	[[633, 645]]	1
tr|Q5CQF2|Q5CQF2_CRYPI	Q6PJI9	[[276, 287]]	[[201, 212]]	1
tr|Q5CQF2|Q5CQF2_CRYPI	Q9NQW1	[[290, 299]]	[[240, 249]]	1
tr|Q5CQF2|Q5CQF2_CRYPI	Q9UIF9	[[327, 335]]	[[811, 819]]	1
tr|Q5CQF2|Q5CQF2_CRYPI	P61964	[[501, 512]]	[[154, 165]]	1
tr|Q5CQF2|Q5CQF2_CRYPI	Q86VZ2	[[506, 517], [502, 514]]	[[155, 166], [109, 121]]	2
tr|Q5CQF2|Q5CQF2_CRYPI	Q9BYB4	[[535, 547]]	[[40, 52]]	1
tr|Q5CQF3|Q5CQF3_CRYPI	Q99614	[[127, 137]]	[[101, 111]]	1
tr|Q5CQF4|Q5CQF4_CRYPI	Q9BWT3	[[229, 246], [110, 124], [198, 221], [251, 266], [313, 327]]	[[228, 245], [109, 123], [197, 220], [250, 265], [306, 320]]	5
tr|Q5CQF4|Q5CQF4_CRYPI	Q9NRJ5	[[235, 248]]	[[236, 249]]	1
tr|Q5CQF4|Q5CQF4_CRYPI	Q9NYW5	[[480, 490]]	[[14, 24]]	1
tr|Q5CQF5|Q5CQF5_CRYPI	Q03701	[[418, 429]]	[[111, 122]]	1
tr|Q5CQF5|Q5CQF5_CRYPI	Q9NPH0	[[86, 97]]	[[53, 64]]	1
tr|Q5CQF7|Q5CQF7_CRYPI	Q6V1P9	[[223, 233]]	[[1767, 1777]]	1
tr|Q5CQF7|Q5CQF7_CRYPI	Q8TEQ6	[[547, 560]]	[[242, 255]]	1
tr|Q5CQF7|Q5CQF7_CRYPI	Q9UKB1	[[564, 574]]	[[270, 280]]	1
tr|Q5CQF7|Q5CQF7_CRYPI	Q8TC44	[[652, 666]]	[[157, 171]]	1
tr|Q5CQF7|Q5CQF7_CRYPI	Q2TAY7	[[697, 710]]	[[365, 378]]	1
tr|Q5CQF7|Q5CQF7_CRYPI	O60508	[[738, 750]]	[[566, 578]]	1
tr|Q5CQF7|Q5CQF7_CRYPI	P34896	[[811, 822]]	[[349, 360]]	1
tr|Q5CQF8|Q5CQF8_CRYPI	Q8NEG5	[[103, 115]]	[[250, 262]]	1
tr|Q5CQF8|Q5CQF8_CRYPI	P12270	[[57, 69]]	[[1578, 1590]]	1
tr|Q5CQF9|Q5CQF9_CRYPI	Q9P2I0	[[510, 522]]	[[412, 424]]	1
tr|Q5CQF9|Q5CQF9_CRYPI	Q9NPG4	[[647, 658]]	[[689, 700]]	1
tr|Q5CQF9|Q5CQF9_CRYPI	O15520	[[992, 1003]]	[[139, 150]]	1
tr|Q5CQG0|Q5CQG0_CRYPI	Q5VTL8	[[596, 605]]	[[117, 126]]	1
tr|Q5CQG1|Q5CQG1_CRYPI	Q9ULU8	[[174, 186]]	[[96, 108]]	1
tr|Q5CQG1|Q5CQG1_CRYPI	Q9HD67	[[546, 555]]	[[819, 828]]	1
tr|Q5CQG1|Q5CQG1_CRYPI	P31749	[[548, 557]]	[[110, 119]]	1
tr|Q5CQG4|Q5CQG4_CRYPI	Q5SQH8	[[14, 23]]	[[142, 151]]	1
tr|Q5CQG4|Q5CQG4_CRYPI	Q05048	[[426, 439]]	[[233, 246]]	1
tr|Q5CQG4|Q5CQG4_CRYPI	Q92828	[[472, 482]]	[[100, 110]]	1
tr|Q5CQG4|Q5CQG4_CRYPI	Q9C0J8	[[471, 483]]	[[218, 230]]	1
tr|Q5CQG4|Q5CQG4_CRYPI	Q8TC44	[[472, 483]]	[[161, 172]]	1
tr|Q5CQG4|Q5CQG4_CRYPI	Q8TDW7	[[589, 601]]	[[1941, 1953]]	1
tr|Q5CQG6|Q5CQG6_CRYPI	Q969M3	[[363, 378]]	[[140, 155]]	1
tr|Q5CQG6|Q5CQG6_CRYPI	Q8N8F6	[[405, 417]]	[[180, 192]]	1
tr|Q5CQG8|Q5CQG8_CRYPI	Q02880	[[659, 681], [957, 975], [428, 438], [36, 56], [80, 98], [1105, 1116], [732, 745], [1357, 1371], [475, 492], [811, 824], [883, 897]]	[[557, 579], [861, 879], [328, 338], [54, 74], [97, 115], [943, 954], [628, 641], [1146, 1160], [375, 392], [715, 728], [787, 801]]	11
tr|Q5CQG8|Q5CQG8_CRYPI	O75420	[[1378, 1389]]	[[879, 890]]	1
tr|Q5CQG8|Q5CQG8_CRYPI	Q96L42	[[1749, 1761]]	[[708, 720]]	1
tr|Q5CQG8|Q5CQG8_CRYPI	Q8NCJ5	[[1751, 1762]]	[[376, 387]]	1
tr|Q5CQG8|Q5CQG8_CRYPI	Q8WV44	[[1753, 1764]]	[[61, 72]]	1
tr|Q5CQG8|Q5CQG8_CRYPI	Q1XH10	[[1753, 1765]]	[[411, 423]]	1
tr|Q5CQG8|Q5CQG8_CRYPI	P0DPB3	[[1756, 1767]]	[[94, 105]]	1
tr|Q5CQG8|Q5CQG8_CRYPI	P13667	[[1757, 1769]]	[[38, 50]]	1
tr|Q5CQG8|Q5CQG8_CRYPI	Q8WYN3	[[1760, 1770]]	[[377, 387]]	1
tr|Q5CQG8|Q5CQG8_CRYPI	Q96C00	[[1760, 1771]]	[[213, 224]]	1
tr|Q5CQG8|Q5CQG8_CRYPI	O00213	[[1761, 1773]]	[[157, 169]]	1
tr|Q5CQG8|Q5CQG8_CRYPI	Q92973	[[1762, 1774]]	[[362, 374]]	1
tr|Q5CQG8|Q5CQG8_CRYPI	Q5VV16	[[1764, 1776]]	[[31, 43]]	1
tr|Q5CQG8|Q5CQG8_CRYPI	P11388	[[886, 902], [829, 848], [471, 484]]	[[769, 785], [712, 731], [350, 363]]	3
tr|Q5CQG9|Q5CQG9_CRYPI	Q9H3P7	[[919, 932], [737, 1011], [838, 851], [1002, 1015], [752, 765], [1012, 1046], [400, 444], [1050, 1151]]	[[189, 202], [214, 235], [189, 202], [189, 202], [189, 202], [214, 233], [214, 235], [214, 233]]	8
tr|Q5CQG9|Q5CQG9_CRYPI	P0CJ92	[[1035, 1055], [734, 747], [770, 783], [1004, 1017], [1140, 1153], [785, 798], [816, 828]]	[[344, 357], [341, 354], [344, 357], [344, 357], [344, 357], [344, 357], [344, 356]]	7
tr|Q5CQG9|Q5CQG9_CRYPI	H3BV12	[[1038, 1057], [1007, 1019], [1143, 1155]]	[[340, 352], [340, 352], [340, 352]]	3
tr|Q5CQG9|Q5CQG9_CRYPI	A6NDN3	[[774, 803], [849, 866], [817, 834], [1039, 1060], [434, 443], [1144, 1157], [1008, 1022]]	[[386, 404], [386, 404], [386, 404], [386, 401], [391, 400], [386, 399], [386, 400]]	7
tr|Q5CQG9|Q5CQG9_CRYPI	Q96T17	[[760, 773], [952, 965], [1122, 1135], [1064, 1077], [1025, 1038], [630, 641]]	[[437, 450], [437, 450], [437, 450], [437, 450], [437, 450], [448, 459]]	6
tr|Q5CQG9|Q5CQG9_CRYPI	B1AK53	[[1075, 1087], [1050, 1062]]	[[768, 780], [768, 780]]	2
tr|Q5CQG9|Q5CQG9_CRYPI	Q9UNN5	[[1077, 1088], [1052, 1063]]	[[539, 550], [539, 550]]	2
tr|Q5CQG9|Q5CQG9_CRYPI	Q9NQS7	[[1056, 1066]]	[[667, 677]]	1
tr|Q5CQG9|Q5CQG9_CRYPI	Q07283	[[973, 985], [739, 751], [825, 837], [857, 869], [1085, 1097], [931, 943], [890, 902]]	[[655, 667], [655, 667], [655, 667], [655, 667], [655, 667], [655, 667], [655, 667]]	7
tr|Q5CQG9|Q5CQG9_CRYPI	Q9Y6V0	[[1148, 1160]]	[[1222, 1234]]	1
tr|Q5CQG9|Q5CQG9_CRYPI	Q86SQ7	[[178, 190]]	[[487, 499]]	1
tr|Q5CQG9|Q5CQG9_CRYPI	Q15653	[[205, 214]]	[[86, 95]]	1
tr|Q5CQG9|Q5CQG9_CRYPI	Q96A61	[[368, 380]]	[[58, 70]]	1
tr|Q5CQG9|Q5CQG9_CRYPI	P20396	[[372, 381]]	[[166, 175]]	1
tr|Q5CQG9|Q5CQG9_CRYPI	Q8WXI2	[[380, 392]]	[[876, 888]]	1
tr|Q5CQG9|Q5CQG9_CRYPI	Q8WYB5	[[381, 394]]	[[1359, 1372]]	1
tr|Q5CQG9|Q5CQG9_CRYPI	Q9Y2I1	[[384, 396]]	[[676, 688]]	1
tr|Q5CQG9|Q5CQG9_CRYPI	Q8NF91	[[388, 399]]	[[3778, 3789]]	1
tr|Q5CQG9|Q5CQG9_CRYPI	Q9UM54	[[398, 410]]	[[931, 943]]	1
tr|Q5CQG9|Q5CQG9_CRYPI	Q5TID7	[[408, 420]]	[[355, 367]]	1
tr|Q5CQG9|Q5CQG9_CRYPI	Q86YZ3	[[619, 630]]	[[110, 121]]	1
tr|Q5CQG9|Q5CQG9_CRYPI	Q6ZQQ6	[[630, 644]]	[[2259, 2273]]	1
tr|Q5CQG9|Q5CQG9_CRYPI	Q96HY6	[[728, 739]]	[[157, 168]]	1
tr|Q5CQG9|Q5CQG9_CRYPI	O95819	[[749, 761]]	[[441, 453]]	1
tr|Q5CQH0|Q5CQH0_CRYPI	Q9Y294	[[28, 54], [109, 128]]	[[19, 45], [100, 119]]	2
tr|Q5CQH0|Q5CQH0_CRYPI	Q9NVP2	[[152, 163], [112, 126], [45, 59]]	[[143, 154], [103, 117], [36, 50]]	3
tr|Q5CQH1|Q5CQH1_CRYPI	O95633	[[106, 118]]	[[210, 222]]	1
tr|Q5CQH1|Q5CQH1_CRYPI	Q5DT21	[[160, 174]]	[[49, 63]]	1
tr|Q5CQH1|Q5CQH1_CRYPI	Q12841	[[164, 176]]	[[65, 77]]	1
tr|Q5CQH1|Q5CQH1_CRYPI	O00468	[[228, 238]]	[[499, 509]]	1
tr|Q5CQH1|Q5CQH1_CRYPI	Q9H2Y9	[[229, 241]]	[[568, 580]]	1
tr|Q5CQH1|Q5CQH1_CRYPI	Q9H4F8	[[241, 252]]	[[66, 77]]	1
tr|Q5CQH1|Q5CQH1_CRYPI	P19883	[[301, 312]]	[[205, 216]]	1
tr|Q5CQH1|Q5CQH1_CRYPI	O60575	[[47, 59]]	[[53, 65]]	1
tr|Q5CQH2|Q5CQH2_CRYPI	O00203	[[298, 309]]	[[689, 700]]	1
tr|Q5CQH2|Q5CQH2_CRYPI	P51816	[[300, 314]]	[[487, 501]]	1
tr|Q5CQH2|Q5CQH2_CRYPI	Q3L8U1	[[306, 318]]	[[2127, 2139]]	1
tr|Q5CQH2|Q5CQH2_CRYPI	Q6KC79	[[309, 320]]	[[2507, 2518]]	1
tr|Q5CQH3|Q5CQH3_CRYPI	Q8N5G2	[[159, 170]]	[[184, 195]]	1
tr|Q5CQH3|Q5CQH3_CRYPI	Q9ULW3	[[86, 101]]	[[104, 119]]	1
tr|Q5CQH5|Q5CQH5_CRYPI	P35228	[[1771, 1781]]	[[982, 992]]	1
tr|Q5CQH5|Q5CQH5_CRYPI	P16435	[[1808, 1818]]	[[569, 579]]	1
tr|Q5CQH5|Q5CQH5_CRYPI	Q6STE5	[[1833, 1841]]	[[411, 419]]	1
tr|Q5CQH5|Q5CQH5_CRYPI	Q5R387	[[194, 202]]	[[67, 75]]	1
tr|Q5CQH5|Q5CQH5_CRYPI	O94868	[[954, 962]]	[[241, 249]]	1
tr|Q5CQH7|Q5CQH7_CRYPI	A4D161	[[292, 301]]	[[88, 97]]	1
tr|Q5CQH7|Q5CQH7_CRYPI	Q9UEE5	[[308, 317]]	[[74, 83]]	1
tr|Q5CQH7|Q5CQH7_CRYPI	P20023	[[545, 557]]	[[874, 886]]	1
tr|Q5CQH7|Q5CQH7_CRYPI	O15013	[[827, 836]]	[[844, 853]]	1
tr|Q5CQH8|Q5CQH8_CRYPI	Q9Y221	[[132, 148], [163, 175], [98, 112], [3, 18]]	[[129, 145], [160, 172], [95, 109], [0, 15]]	4
tr|Q5CQH8|Q5CQH8_CRYPI	Q70UQ0	[[64, 74]]	[[47, 57]]	1
tr|Q5CQH9|Q5CQH9_CRYPI	Q8N1X5	[[1027, 1038]]	[[88, 99]]	1
tr|Q5CQH9|Q5CQH9_CRYPI	Q8NFP9	[[1029, 1039]]	[[26, 36]]	1
tr|Q5CQI0|Q5CQI0_CRYPI	P98198	[[2155, 2166]]	[[233, 244]]	1
tr|Q5CQI0|Q5CQI0_CRYPI	Q86U86	[[2362, 2374]]	[[768, 780]]	1
tr|Q5CQI1|Q5CQI1_CRYPI	O15230	[[5, 14]]	[[825, 834]]	1
tr|Q5CQI1|Q5CQI1_CRYPI	Q9ULJ8	[[153, 165]]	[[723, 735]]	1
tr|Q5CQI2|Q5CQI2_CRYPI	Q7L8W6	[[87, 104]]	[[88, 105]]	1
tr|Q5CQI4|Q5CQI4_CRYPI	P61970	[[11, 24]]	[[7, 20]]	1
tr|Q5CQI5|Q5CQI5_CRYPI	O95450	[[53, 64]]	[[1192, 1203]]	1
tr|Q5CQI6|Q5CQI6_CRYPI	Q9Y2X8	[[121, 142], [151, 160], [82, 103]]	[[107, 128], [137, 146], [68, 89]]	3
tr|Q5CQI6|Q5CQI6_CRYPI	P61077	[[131, 148], [34, 54]]	[[117, 134], [20, 40]]	2
tr|Q5CQI6|Q5CQI6_CRYPI	P62837	[[146, 158]]	[[132, 144]]	1
tr|Q5CQI6|Q5CQI6_CRYPI	P51965	[[86, 99]]	[[118, 131]]	1
tr|Q5CQI7|Q5CQI7_CRYPI	O75417	[[26, 37]]	[[929, 940]]	1
tr|Q5CQI8|Q5CQI8_CRYPI	Q8WUE5	[[215, 225]]	[[116, 126]]	1
tr|Q5CQI9|Q5CQI9_CRYPI	P21283	[[332, 351]]	[[286, 305]]	1
tr|Q5CQI9|Q5CQI9_CRYPI	Q8NEY4	[[344, 359]]	[[343, 358]]	1
tr|Q5CQJ0|Q5CQJ0_CRYPI	A2A3N6	[[211, 226]]	[[686, 701]]	1
tr|Q5CQJ0|Q5CQJ0_CRYPI	P55036	[[228, 241]]	[[218, 231]]	1
tr|Q5CQJ1|Q5CQJ1_CRYPI	Q9Y5B9	[[84, 96]]	[[951, 963]]	1
tr|Q5CQJ2|Q5CQJ2_CRYPI	O95049	[[745, 753]]	[[601, 609]]	1
tr|Q5CQJ3|Q5CQJ3_CRYPI	Q13835	[[1151, 1162]]	[[644, 655]]	1
tr|Q5CQJ3|Q5CQJ3_CRYPI	Q6PIV7	[[773, 782]]	[[113, 122]]	1
tr|Q5CQJ4|Q5CQJ4_CRYPI	Q07020	[[83, 94], [172, 189], [33, 48]]	[[81, 92], [170, 187], [29, 44]]	3
tr|Q5CQJ5|Q5CQJ5_CRYPI	Q99996	[[117, 128]]	[[3443, 3454]]	1
tr|Q5CQJ6|Q5CQJ6_CRYPI	O14513	[[1242, 1253]]	[[331, 342]]	1
tr|Q5CQJ6|Q5CQJ6_CRYPI	P46926	[[1444, 1453]]	[[84, 93]]	1
tr|Q5CQJ6|Q5CQJ6_CRYPI	Q15057	[[1518, 1529]]	[[30, 41]]	1
tr|Q5CQJ6|Q5CQJ6_CRYPI	Q7Z7G8	[[1734, 1745]]	[[149, 160]]	1
tr|Q5CQJ6|Q5CQJ6_CRYPI	Q9BYG5	[[1962, 1974]]	[[289, 301]]	1
tr|Q5CQJ6|Q5CQJ6_CRYPI	Q9P1Z9	[[2006, 2015]]	[[585, 594]]	1
tr|Q5CQJ6|Q5CQJ6_CRYPI	Q8N8E3	[[463, 475]]	[[801, 813]]	1
tr|Q5CQJ6|Q5CQJ6_CRYPI	Q9P212	[[58, 68]]	[[1928, 1938]]	1
tr|Q5CQJ7|Q5CQJ7_CRYPI	Q99523	[[1014, 1026]]	[[158, 170]]	1
tr|Q5CQJ7|Q5CQJ7_CRYPI	P28715	[[25, 37]]	[[25, 37]]	1
tr|Q5CQJ7|Q5CQJ7_CRYPI	Q6PGQ1	[[621, 632]]	[[115, 126]]	1
tr|Q5CQJ7|Q5CQJ7_CRYPI	P54132	[[627, 636]]	[[561, 570]]	1
tr|Q5CQJ7|Q5CQJ7_CRYPI	Q9ULH4	[[79, 91]]	[[46, 58]]	1
tr|Q5CQJ7|Q5CQJ7_CRYPI	Q32MZ4	[[865, 875]]	[[249, 259]]	1
tr|Q5CQJ7|Q5CQJ7_CRYPI	Q17RS7	[[964, 973]]	[[200, 209]]	1
tr|Q5CQJ9|Q5CQJ9_CRYPI	Q9HC07	[[26, 45], [191, 213]]	[[103, 122], [238, 260]]	2
tr|Q5CQK0|Q5CQK0_CRYPI	Q9BU89	[[109, 118], [112, 122], [78, 93]]	[[232, 241], [84, 94], [201, 216]]	3
tr|Q5CQK1|Q5CQK1_CRYPI	P23458	[[428, 438]]	[[870, 880]]	1
tr|Q5CQK2|Q5CQK2_CRYPI	O95838	[[290, 301]]	[[355, 366]]	1
tr|Q5CQK2|Q5CQK2_CRYPI	P26718	[[57, 66]]	[[173, 182]]	1
tr|Q5CQK3|Q5CQK3_CRYPI	P31785	[[198, 209]]	[[269, 280]]	1
tr|Q5CQK4|Q5CQK4_CRYPI	Q9NQR1	[[531, 541], [468, 475]]	[[369, 379], [309, 316]]	2
tr|Q5CQK7|Q5CQK7_CRYPI	B2CW77	[[559, 570]]	[[70, 81]]	1
tr|Q5CQK9|Q5CQK9_CRYPI	Q58A45	[[86, 98]]	[[366, 378]]	1
tr|Q5CQL0|Q5CQL0_CRYPI	Q6P093	[[177, 189]]	[[184, 196]]	1
tr|Q5CQL1|Q5CQL1_CRYPI	Q15173	[[370, 388]]	[[152, 170]]	1
tr|Q5CQL1|Q5CQL1_CRYPI	Q13362	[[585, 597], [464, 476], [478, 496]]	[[336, 348], [215, 227], [229, 247]]	3
tr|Q5CQL1|Q5CQL1_CRYPI	Q15172	[[587, 599]]	[[363, 375]]	1
tr|Q5CQL2|Q5CQL2_CRYPI	Q8NGJ2	[[584, 592]]	[[268, 276]]	1
tr|Q5CQL3|Q5CQL3_CRYPI	O15516	[[26, 37]]	[[544, 555]]	1
tr|Q5CQL4|Q5CQL4_CRYPI	A0A2R8Y2Y2	[[1026, 1038]]	[[5, 17]]	1
tr|Q5CQL4|Q5CQL4_CRYPI	Q6T4R5	[[1028, 1040]]	[[60, 72]]	1
tr|Q5CQL4|Q5CQL4_CRYPI	Q96T25	[[1033, 1042]]	[[383, 392]]	1
tr|Q5CQL4|Q5CQL4_CRYPI	Q8IUC6	[[1035, 1045]]	[[360, 370]]	1
tr|Q5CQL4|Q5CQL4_CRYPI	P10323	[[1035, 1047]]	[[362, 374]]	1
tr|Q5CQL4|Q5CQL4_CRYPI	A4UGR9	[[1036, 1047]]	[[2118, 2129]]	1
tr|Q5CQL4|Q5CQL4_CRYPI	Q9UBS0	[[1037, 1049]]	[[451, 463]]	1
tr|Q5CQL4|Q5CQL4_CRYPI	Q9UM11	[[131, 145]]	[[322, 336]]	1
tr|Q5CQL4|Q5CQL4_CRYPI	O00628	[[317, 329]]	[[162, 174]]	1
tr|Q5CQL4|Q5CQL4_CRYPI	O14862	[[772, 782]]	[[75, 85]]	1
tr|Q5CQL4|Q5CQL4_CRYPI	O14654	[[992, 1003]]	[[625, 636]]	1
tr|Q5CQL4|Q5CQL4_CRYPI	Q86Y37	[[997, 1006]]	[[36, 45]]	1
tr|Q5CQL5|Q5CQL5_CRYPI	P25789	[[147, 169]]	[[137, 159]]	1
tr|Q5CQL6|Q5CQL6_CRYPI	P56199	[[178, 189]]	[[612, 623]]	1
tr|Q5CQL8|Q5CQL8_CRYPI	P61086	[[102, 116], [87, 98], [120, 131], [65, 86]]	[[102, 116], [87, 98], [120, 131], [65, 86]]	4
tr|Q5CQL8|Q5CQL8_CRYPI	P61088	[[106, 120]]	[[101, 115]]	1
tr|Q5CQL9|Q5CQL9_CRYPI	Q8NI27	[[1041, 1051]]	[[326, 336]]	1
tr|Q5CQL9|Q5CQL9_CRYPI	Q4G1C9	[[1482, 1494], [1047, 1059], [1269, 1284], [1230, 1242], [1154, 1168]]	[[299, 311], [299, 311], [299, 314], [300, 312], [300, 314]]	5
tr|Q5CQL9|Q5CQL9_CRYPI	Q99460	[[1054, 1064]]	[[840, 850]]	1
tr|Q5CQL9|Q5CQL9_CRYPI	Q5VWG9	[[1054, 1065]]	[[710, 721]]	1
tr|Q5CQL9|Q5CQL9_CRYPI	Q9NRL2	[[1276, 1285], [1160, 1170]]	[[338, 347], [338, 348]]	2
tr|Q5CQL9|Q5CQL9_CRYPI	P82970	[[1174, 1186]]	[[164, 176]]	1
tr|Q5CQL9|Q5CQL9_CRYPI	Q12802	[[1190, 1202]]	[[1772, 1784]]	1
tr|Q5CQL9|Q5CQL9_CRYPI	Q5CZC0	[[1289, 1301]]	[[5744, 5756]]	1
tr|Q5CQL9|Q5CQL9_CRYPI	Q12840	[[1297, 1308]]	[[346, 357]]	1
tr|Q5CQL9|Q5CQL9_CRYPI	O60841	[[1307, 1318]]	[[319, 330]]	1
tr|Q5CQL9|Q5CQL9_CRYPI	Q58FF6	[[1311, 1322]]	[[208, 219]]	1
tr|Q5CQL9|Q5CQL9_CRYPI	Q7L014	[[1315, 1327]]	[[134, 146]]	1
tr|Q5CQL9|Q5CQL9_CRYPI	Q6Q759	[[1661, 1673], [1477, 1489]]	[[1193, 1205], [1193, 1205]]	2
tr|Q5CQL9|Q5CQL9_CRYPI	Q9NV56	[[1482, 1493]]	[[122, 133]]	1
tr|Q5CQL9|Q5CQL9_CRYPI	Q6ZMV5	[[1483, 1495]]	[[810, 822]]	1
tr|Q5CQL9|Q5CQL9_CRYPI	Q9NYB9	[[1492, 1504]]	[[413, 425]]	1
tr|Q5CQL9|Q5CQL9_CRYPI	Q16760	[[1495, 1506], [1638, 1650], [1781, 1793]]	[[14, 25], [13, 25], [13, 25]]	3
tr|Q5CQL9|Q5CQL9_CRYPI	P46821	[[1734, 1746], [1551, 1566]]	[[713, 725], [714, 729]]	2
tr|Q5CQL9|Q5CQL9_CRYPI	P12036	[[1667, 1679]]	[[853, 865]]	1
tr|Q5CQL9|Q5CQL9_CRYPI	Q14839	[[1748, 1760]]	[[1657, 1669]]	1
tr|Q5CQL9|Q5CQL9_CRYPI	Q9BXP5	[[1749, 1761]]	[[332, 344]]	1
tr|Q5CQL9|Q5CQL9_CRYPI	Q9UMN6	[[1751, 1762]]	[[365, 376]]	1
tr|Q5CQL9|Q5CQL9_CRYPI	P21741	[[1769, 1778]]	[[128, 137]]	1
tr|Q5CQL9|Q5CQL9_CRYPI	P47914	[[1771, 1782]]	[[121, 132]]	1
tr|Q5CQL9|Q5CQL9_CRYPI	O14776	[[1812, 1824]]	[[502, 514]]	1
tr|Q5CQL9|Q5CQL9_CRYPI	Q5VT25	[[219, 231]]	[[487, 499]]	1
tr|Q5CQL9|Q5CQL9_CRYPI	Q8IXQ6	[[421, 429]]	[[686, 694]]	1
tr|Q5CQL9|Q5CQL9_CRYPI	P07197	[[84, 96]]	[[358, 370]]	1
tr|Q5CQM0|Q5CQM0_CRYPI	Q9Y6P5	[[1550, 1559]]	[[91, 100]]	1
tr|Q5CQM1|Q5CQM1_CRYPI	Q96CW1	[[579, 589]]	[[98, 108]]	1
tr|Q5CQM1|Q5CQM1_CRYPI	Q6P2D0	[[760, 772]]	[[329, 341]]	1
tr|Q5CQM4|Q5CQM4_CRYPI	Q9Y2V7	[[212, 222]]	[[521, 531]]	1
tr|Q5CQM4|Q5CQM4_CRYPI	Q8IXK0	[[308, 319]]	[[639, 650]]	1
tr|Q5CQM5|Q5CQM5_CRYPI	Q149N8	[[205, 217]]	[[367, 379]]	1
tr|Q5CQM5|Q5CQM5_CRYPI	O14646	[[211, 223]]	[[506, 518]]	1
tr|Q5CQM5|Q5CQM5_CRYPI	Q6ZRS2	[[212, 224]]	[[644, 656]]	1
tr|Q5CQM5|Q5CQM5_CRYPI	P51532	[[213, 225]]	[[781, 793]]	1
tr|Q5CQM5|Q5CQM5_CRYPI	Q13433	[[625, 636]]	[[452, 463]]	1
tr|Q5CQM5|Q5CQM5_CRYPI	Q9BXJ9	[[626, 638]]	[[622, 634]]	1
tr|Q5CQM5|Q5CQM5_CRYPI	Q8IXQ4	[[627, 639]]	[[75, 87]]	1
tr|Q5CQM5|Q5CQM5_CRYPI	A1YPR0	[[650, 661]]	[[143, 154]]	1
tr|Q5CQM5|Q5CQM5_CRYPI	Q9UNY4	[[676, 686]]	[[730, 740]]	1
tr|Q5CQM6|Q5CQM6_CRYPI	Q86YS7	[[232, 244]]	[[303, 315]]	1
tr|Q5CQM6|Q5CQM6_CRYPI	Q7Z417	[[447, 458]]	[[233, 244]]	1
tr|Q5CQM7|Q5CQM7_CRYPI	Q09028	[[16, 26]]	[[23, 33]]	1
tr|Q5CQN0|Q5CQN0_CRYPI	O15056	[[307, 319]]	[[225, 237]]	1
tr|Q5CQN0|Q5CQN0_CRYPI	Q92562	[[308, 320]]	[[292, 304]]	1
tr|Q5CQN0|Q5CQN0_CRYPI	Q9Y2H2	[[548, 563]]	[[457, 472]]	1
tr|Q5CQN0|Q5CQN0_CRYPI	Q9NTJ5	[[628, 641], [550, 561]]	[[453, 466], [390, 401]]	2
tr|Q5CQN2|Q5CQN2_CRYPI	P11047	[[91, 103]]	[[476, 488]]	1
tr|Q5CQN4|Q5CQN4_CRYPI	Q06203	[[162, 171]]	[[400, 409]]	1
tr|Q5CQN4|Q5CQN4_CRYPI	O95352	[[256, 273]]	[[361, 378]]	1
tr|Q5CQN4|Q5CQN4_CRYPI	Q9H069	[[524, 534]]	[[482, 492]]	1
tr|Q5CQN6|Q5CQN6_CRYPI	Q8IZL8	[[131, 143]]	[[791, 803]]	1
tr|Q5CQN6|Q5CQN6_CRYPI	Q13191	[[135, 144]]	[[818, 827]]	1
tr|Q5CQN6|Q5CQN6_CRYPI	P14652	[[135, 147]]	[[75, 87]]	1
tr|Q5CQN6|Q5CQN6_CRYPI	Q8TB24	[[138, 147]]	[[279, 288]]	1
tr|Q5CQN6|Q5CQN6_CRYPI	Q9NYQ6	[[139, 147]]	[[2, 10]]	1
tr|Q5CQN6|Q5CQN6_CRYPI	O60610	[[95, 103]]	[[725, 733]]	1
tr|Q5CQN6|Q5CQN6_CRYPI	Q6ZVM7	[[96, 108]]	[[194, 206]]	1
tr|Q5CQN6|Q5CQN6_CRYPI	O15055	[[98, 109]]	[[892, 903]]	1
tr|Q5CQN9|Q5CQN9_CRYPI	Q9BTC0	[[135, 147]]	[[1130, 1142]]	1
tr|Q5CQN9|Q5CQN9_CRYPI	P54577	[[228, 240], [241, 260]]	[[370, 382], [383, 402]]	2
tr|Q5CQP0|Q5CQP0_CRYPI	Q8IZY2	[[300, 308]]	[[459, 467]]	1
tr|Q5CQP0|Q5CQP0_CRYPI	Q0VAA2	[[433, 445]]	[[263, 275]]	1
tr|Q5CQP1|Q5CQP1_CRYPI	P78371	[[100, 112], [48, 60]]	[[90, 102], [38, 50]]	2
tr|Q5CQP1|Q5CQP1_CRYPI	P17987	[[103, 114]]	[[84, 95]]	1
tr|Q5CQP1|Q5CQP1_CRYPI	Q99832	[[80, 108], [407, 418], [227, 241], [387, 401], [257, 272], [313, 337], [50, 62], [277, 288]]	[[65, 93], [390, 401], [212, 226], [370, 384], [242, 257], [298, 322], [37, 49], [262, 273]]	8
tr|Q5CQP1|Q5CQP1_CRYPI	P50990	[[459, 471]]	[[445, 457]]	1
tr|Q5CQP1|Q5CQP1_CRYPI	O60879	[[552, 562]]	[[582, 592]]	1
tr|Q5CQP1|Q5CQP1_CRYPI	P50991	[[69, 81]]	[[66, 78]]	1
tr|Q5CQP1|Q5CQP1_CRYPI	P48643	[[98, 109]]	[[95, 106]]	1
tr|Q5CQP2|Q5CQP2_CRYPI	P50991	[[112, 123]]	[[122, 133]]	1
tr|Q5CQP2|Q5CQP2_CRYPI	P49368	[[313, 327], [498, 518], [246, 263], [218, 235], [41, 58], [84, 100], [442, 453], [192, 213], [354, 366], [368, 383]]	[[311, 325], [491, 511], [244, 261], [216, 233], [40, 57], [83, 99], [440, 451], [190, 211], [352, 364], [366, 381]]	10
tr|Q5CQP3|Q5CQP3_CRYPI	Q13535	[[1334, 1345]]	[[1138, 1149]]	1
tr|Q5CQP3|Q5CQP3_CRYPI	Q75VX8	[[359, 370]]	[[517, 528]]	1
tr|Q5CQP4|Q5CQP4_CRYPI	Q9NPE6	[[1460, 1470]]	[[380, 390]]	1
tr|Q5CQP7|Q5CQP7_CRYPI	O43159	[[207, 220]]	[[357, 370]]	1
tr|Q5CQP9|Q5CQP9_CRYPI	Q8NDV3	[[73, 82]]	[[760, 769]]	1
tr|Q5CQP9|Q5CQP9_CRYPI	O75943	[[90, 100]]	[[77, 87]]	1
tr|Q5CQQ0|Q5CQQ0_CRYPI	Q5M9Q1	[[194, 205]]	[[200, 211]]	1
tr|Q5CQQ0|Q5CQQ0_CRYPI	Q96HR8	[[195, 207]]	[[113, 125]]	1
tr|Q5CQQ0|Q5CQQ0_CRYPI	Q8N5F7	[[196, 208]]	[[211, 223]]	1
tr|Q5CQQ0|Q5CQQ0_CRYPI	Q6PCT2	[[199, 209]]	[[327, 337]]	1
tr|Q5CQQ0|Q5CQQ0_CRYPI	Q8TBK6	[[201, 215]]	[[160, 174]]	1
tr|Q5CQQ0|Q5CQQ0_CRYPI	Q6VN20	[[25, 34]]	[[450, 459]]	1
tr|Q5CQQ0|Q5CQQ0_CRYPI	B5ME19	[[329, 346], [852, 863]]	[[335, 352], [785, 796]]	2
tr|Q5CQQ0|Q5CQQ0_CRYPI	Q96RW7	[[862, 871]]	[[5390, 5399]]	1
tr|Q5CQQ2|Q5CQQ2_CRYPI	Q9Y5N5	[[13, 24]]	[[20, 31]]	1
tr|Q5CQQ2|Q5CQQ2_CRYPI	P38435	[[153, 161]]	[[278, 286]]	1
tr|Q5CQQ4|Q5CQQ4_CRYPI	A8MYB1	[[197, 207]]	[[87, 97]]	1
tr|Q5CQQ4|Q5CQQ4_CRYPI	Q02487	[[281, 291]]	[[98, 108]]	1
tr|Q5CQQ4|Q5CQQ4_CRYPI	A3KMH1	[[437, 448]]	[[1332, 1343]]	1
tr|Q5CQQ4|Q5CQQ4_CRYPI	Q99707	[[472, 484]]	[[528, 540]]	1
tr|Q5CQQ5|Q5CQQ5_CRYPI	P19338	[[573, 586]]	[[237, 250]]	1
tr|Q5CQQ5|Q5CQQ5_CRYPI	Q969K3	[[576, 588]]	[[225, 237]]	1
tr|Q5CQQ5|Q5CQQ5_CRYPI	Q7Z6M4	[[577, 587]]	[[339, 349]]	1
tr|Q5CQQ5|Q5CQQ5_CRYPI	O43683	[[670, 682]]	[[912, 924]]	1
tr|Q5CQQ5|Q5CQQ5_CRYPI	Q9BXA7	[[814, 824]]	[[197, 207]]	1
tr|Q5CQQ5|Q5CQQ5_CRYPI	Q9Y227	[[816, 825]]	[[525, 534]]	1
tr|Q5CQQ5|Q5CQQ5_CRYPI	O15394	[[850, 860]]	[[740, 750]]	1
tr|Q5CQQ7|Q5CQQ7_CRYPI	Q9Y4P3	[[168, 179]]	[[318, 329]]	1
tr|Q5CQQ7|Q5CQQ7_CRYPI	Q6PCT2	[[326, 335]]	[[327, 336]]	1
tr|Q5CQQ7|Q5CQQ7_CRYPI	O75864	[[327, 336]]	[[503, 512]]	1
tr|Q5CQQ7|Q5CQQ7_CRYPI	Q96HR8	[[326, 362]]	[[113, 127]]	1
tr|Q5CQQ7|Q5CQQ7_CRYPI	Q96EY7	[[332, 345]]	[[670, 683]]	1
tr|Q5CQQ7|Q5CQQ7_CRYPI	Q8N5F7	[[341, 363]]	[[211, 223]]	1
tr|Q5CQQ7|Q5CQQ7_CRYPI	Q5M9Q1	[[360, 373]]	[[201, 214]]	1
tr|Q5CQQ7|Q5CQQ7_CRYPI	Q13201	[[394, 406]]	[[160, 172]]	1
tr|Q5CQQ7|Q5CQQ7_CRYPI	P04632	[[399, 411]]	[[12, 24]]	1
tr|Q5CQQ7|Q5CQQ7_CRYPI	Q06587	[[400, 411]]	[[215, 226]]	1
tr|Q5CQQ7|Q5CQQ7_CRYPI	Q8NFJ8	[[405, 414]]	[[197, 206]]	1
tr|Q5CQQ7|Q5CQQ7_CRYPI	Q96IK1	[[408, 417]]	[[3, 12]]	1
tr|Q5CQQ7|Q5CQQ7_CRYPI	Q9ULU8	[[406, 418]]	[[46, 58]]	1
tr|Q5CQQ7|Q5CQQ7_CRYPI	Q9NQV8	[[410, 421]]	[[473, 484]]	1
tr|Q5CQQ7|Q5CQQ7_CRYPI	Q7Z6E9	[[461, 473]]	[[1096, 1108]]	1
tr|Q5CQQ7|Q5CQQ7_CRYPI	Q3L8U1	[[480, 492]]	[[2127, 2139]]	1
tr|Q5CQQ7|Q5CQQ7_CRYPI	Q14157	[[582, 594], [857, 869], [687, 699]]	[[174, 186], [174, 186], [174, 186]]	3
tr|Q5CQQ7|Q5CQQ7_CRYPI	Q12906	[[660, 672], [584, 596]]	[[643, 655], [639, 651]]	2
tr|Q5CQQ7|Q5CQQ7_CRYPI	Q6RI45	[[853, 866], [661, 674]]	[[1700, 1713], [1700, 1713]]	2
tr|Q5CQQ7|Q5CQQ7_CRYPI	P35637	[[692, 702]]	[[211, 221]]	1
tr|Q5CQQ7|Q5CQQ7_CRYPI	Q13243	[[968, 980]]	[[183, 195]]	1
tr|Q5CQQ7|Q5CQQ7_CRYPI	A7MD48	[[969, 981]]	[[554, 566]]	1
tr|Q5CQQ7|Q5CQQ7_CRYPI	Q5T8P6	[[971, 982]]	[[198, 209]]	1
tr|Q5CQQ7|Q5CQQ7_CRYPI	Q7L4I2	[[973, 985]]	[[188, 200]]	1
tr|Q5CQQ7|Q5CQQ7_CRYPI	Q9UK58	[[975, 988]]	[[392, 405]]	1
tr|Q5CQQ9|Q5CQQ9_CRYPI	Q96M63	[[110, 126]]	[[650, 660]]	1
tr|Q5CQQ9|Q5CQQ9_CRYPI	Q13243	[[86, 98]]	[[189, 201]]	1
tr|Q5CQR0|Q5CQR0_CRYPI	Q96BR9	[[50, 62]]	[[423, 435]]	1
tr|Q5CQR0|Q5CQR0_CRYPI	Q9HAW4	[[55, 67]]	[[659, 671]]	1
tr|Q5CQR0|Q5CQR0_CRYPI	P46100	[[57, 69]]	[[1445, 1457]]	1
tr|Q5CQR0|Q5CQR0_CRYPI	O94966	[[62, 71]]	[[481, 490]]	1
tr|Q5CQR3|Q5CQR3_CRYPI	Q9H3S7	[[251, 263]]	[[1069, 1081]]	1
tr|Q5CQR3|Q5CQR3_CRYPI	Q6B0I6	[[289, 298]]	[[428, 437]]	1
tr|Q5CQR3|Q5CQR3_CRYPI	Q6UXY1	[[310, 322]]	[[452, 464]]	1
tr|Q5CQR3|Q5CQR3_CRYPI	O43426	[[313, 323]]	[[1067, 1077]]	1
tr|Q5CQR3|Q5CQR3_CRYPI	Q8IWZ3	[[397, 409]]	[[57, 69]]	1
tr|Q5CQR3|Q5CQR3_CRYPI	Q6PID8	[[399, 419]]	[[18, 31]]	1
tr|Q5CQR3|Q5CQR3_CRYPI	P33260	[[5, 15]]	[[10, 20]]	1
tr|Q5CQR3|Q5CQR3_CRYPI	P40145	[[401, 412]]	[[55, 66]]	1
tr|Q5CQR3|Q5CQR3_CRYPI	P22681	[[402, 414]]	[[11, 23]]	1
tr|Q5CQR3|Q5CQR3_CRYPI	Q53EP0	[[404, 416]]	[[231, 243]]	1
tr|Q5CQR3|Q5CQR3_CRYPI	Q7Z5B4	[[409, 421]]	[[80, 92]]	1
tr|Q5CQR3|Q5CQR3_CRYPI	Q6NUN9	[[410, 422]]	[[489, 501]]	1
tr|Q5CQR3|Q5CQR3_CRYPI	P04264	[[413, 427]]	[[592, 606]]	1
tr|Q5CQR3|Q5CQR3_CRYPI	Q9H6R0	[[419, 430]]	[[39, 50]]	1
tr|Q5CQR3|Q5CQR3_CRYPI	Q9BXQ6	[[422, 431]]	[[53, 62]]	1
tr|Q5CQR3|Q5CQR3_CRYPI	Q9ULX6	[[430, 442]]	[[334, 346]]	1
tr|Q5CQR3|Q5CQR3_CRYPI	Q96Q15	[[506, 518]]	[[679, 691]]	1
tr|Q5CQR3|Q5CQR3_CRYPI	P41225	[[565, 577]]	[[118, 130]]	1
tr|Q5CQR3|Q5CQR3_CRYPI	P43694	[[614, 629], [567, 593]]	[[61, 76], [61, 74]]	2
tr|Q5CQR3|Q5CQR3_CRYPI	Q4G148	[[605, 615]]	[[50, 60]]	1
tr|Q5CQR3|Q5CQR3_CRYPI	Q13243	[[642, 652]]	[[256, 266]]	1
tr|Q5CQR3|Q5CQR3_CRYPI	Q8IWX8	[[648, 661], [662, 674]]	[[780, 793], [784, 796]]	2
tr|Q5CQR3|Q5CQR3_CRYPI	O95218	[[651, 663]]	[[247, 259]]	1
tr|Q5CQR3|Q5CQR3_CRYPI	Q52LJ0	[[762, 788]]	[[341, 358]]	1
tr|Q5CQR3|Q5CQR3_CRYPI	P19338	[[766, 777]]	[[648, 659]]	1
tr|Q5CQR3|Q5CQR3_CRYPI	P22087	[[774, 786]]	[[51, 63]]	1
tr|Q5CQR3|Q5CQR3_CRYPI	Q9NRI5	[[925, 936]]	[[603, 614]]	1
tr|Q5CQR4|Q5CQR4_CRYPI	Q8N6K4	[[75, 84]]	[[92, 101]]	1
tr|Q5CQR5|Q5CQR5_CRYPI	P22794	[[2, 14]]	[[136, 148]]	1
tr|Q5CQR6|Q5CQR6_CRYPI	Q6ZXV5	[[267, 279]]	[[425, 437]]	1
tr|Q5CQR7|Q5CQR7_CRYPI	O95602	[[101, 113]]	[[1156, 1168]]	1
tr|Q5CQR8|Q5CQR8_CRYPI	Q12866	[[733, 745]]	[[910, 922]]	1
tr|Q5CQR9|Q5CQR9_CRYPI	Q01726	[[747, 759]]	[[288, 300]]	1
tr|Q5CQS1|Q5CQS1_CRYPI	Q86UW6	[[1181, 1192]]	[[1515, 1526]]	1
tr|Q5CQS1|Q5CQS1_CRYPI	Q02817	[[153, 164]]	[[2285, 2296]]	1
tr|Q5CQS1|Q5CQS1_CRYPI	Q12955	[[159, 176]]	[[3959, 3976]]	1
tr|Q5CQS1|Q5CQS1_CRYPI	O15054	[[168, 180]]	[[751, 763]]	1
tr|Q5CQS1|Q5CQS1_CRYPI	Q5DT21	[[282, 295], [213, 225], [885, 897], [354, 365], [502, 514]]	[[50, 63], [51, 63], [51, 63], [52, 63], [51, 63]]	5
tr|Q5CQS1|Q5CQS1_CRYPI	Q9NQ38	[[503, 514], [95, 106], [284, 295]]	[[117, 128], [117, 128], [117, 128]]	3
tr|Q5CQS1|Q5CQS1_CRYPI	Q14934	[[371, 382]]	[[3, 14]]	1
tr|Q5CQS1|Q5CQS1_CRYPI	Q12841	[[502, 512]]	[[63, 73]]	1
tr|Q5CQS1|Q5CQS1_CRYPI	O00468	[[960, 973], [568, 580], [959, 970], [959, 971]]	[[935, 948], [497, 509], [499, 510], [354, 366]]	4
tr|Q5CQS1|Q5CQS1_CRYPI	P0C7L1	[[570, 581]]	[[59, 70]]	1
tr|Q5CQS1|Q5CQS1_CRYPI	P00995	[[650, 670]]	[[38, 58]]	1
tr|Q5CQS3|Q5CQS3_CRYPI	P37275	[[831, 843]]	[[439, 451]]	1
tr|Q5CQS3|Q5CQS3_CRYPI	Q5RHP9	[[980, 991]]	[[753, 764]]	1
tr|Q5CQS4|Q5CQS4_CRYPI	O00303	[[565, 576]]	[[14, 25]]	1
tr|Q5CQS4|Q5CQS4_CRYPI	Q14244	[[569, 580]]	[[432, 443]]	1
tr|Q5CQS4|Q5CQS4_CRYPI	Q9Y520	[[644, 656]]	[[1812, 1824]]	1
tr|Q5CQS4|Q5CQS4_CRYPI	A0A1B0GUW6	[[682, 693]]	[[396, 407]]	1
tr|Q5CQS4|Q5CQS4_CRYPI	Q0VDD7	[[683, 694]]	[[279, 290]]	1
tr|Q5CQS4|Q5CQS4_CRYPI	Q96T58	[[686, 696]]	[[3241, 3251]]	1
tr|Q5CQS4|Q5CQS4_CRYPI	Q9Y4A5	[[687, 698]]	[[495, 506]]	1
tr|Q5CQS4|Q5CQS4_CRYPI	Q15648	[[703, 714]]	[[750, 761]]	1
tr|Q5CQS4|Q5CQS4_CRYPI	Q08170	[[841, 856]]	[[220, 235]]	1
tr|Q5CQS4|Q5CQS4_CRYPI	Q13247	[[846, 858]]	[[327, 339]]	1
tr|Q5CQS4|Q5CQS4_CRYPI	A7MD48	[[848, 860]]	[[584, 596]]	1
tr|Q5CQS7|Q5CQS7_CRYPI	O96005	[[15, 24]]	[[395, 404]]	1
tr|Q5CQS8|Q5CQS8_CRYPI	Q99650	[[33, 41]]	[[687, 695]]	1
tr|Q5CQT0|Q5CQT0_CRYPI	Q14498	[[111, 121]]	[[81, 91]]	1
tr|Q5CQT0|Q5CQT0_CRYPI	Q8IWU5	[[238, 250]]	[[697, 709]]	1
tr|Q5CQT0|Q5CQT0_CRYPI	O14646	[[370, 382]]	[[27, 39]]	1
tr|Q5CQT1|Q5CQT1_CRYPI	Q9HBH9	[[1087, 1099]]	[[315, 327]]	1
tr|Q5CQT1|Q5CQT1_CRYPI	Q9H095	[[1366, 1378]]	[[428, 440]]	1
tr|Q5CQT1|Q5CQT1_CRYPI	Q15311	[[1445, 1457]]	[[539, 551]]	1
tr|Q5CQT1|Q5CQT1_CRYPI	Q9P013	[[1452, 1461]]	[[110, 119]]	1
tr|Q5CQT1|Q5CQT1_CRYPI	Q9P219	[[2457, 2468]]	[[1876, 1887]]	1
tr|Q5CQT1|Q5CQT1_CRYPI	Q9UKE5	[[338, 352]]	[[313, 327]]	1
tr|Q5CQT1|Q5CQT1_CRYPI	O75419	[[349, 360]]	[[144, 155]]	1
tr|Q5CQT1|Q5CQT1_CRYPI	Q96DR7	[[378, 388]]	[[108, 118]]	1
tr|Q5CQT1|Q5CQT1_CRYPI	Q9NUJ7	[[399, 407]]	[[138, 146]]	1
tr|Q5CQT2|Q5CQT2_CRYPI	Q9NYK1	[[13, 25]]	[[9, 21]]	1
tr|Q5CQT2|Q5CQT2_CRYPI	P63098	[[296, 305]]	[[25, 34]]	1
tr|Q5CQT2|Q5CQT2_CRYPI	Q8TAQ9	[[617, 625]]	[[87, 95]]	1
tr|Q5CQT3|Q5CQT3_CRYPI	Q8NHQ8	[[1134, 1145]]	[[236, 247]]	1
tr|Q5CQT3|Q5CQT3_CRYPI	Q5VWG9	[[1509, 1520]]	[[523, 534]]	1
tr|Q5CQT3|Q5CQT3_CRYPI	Q92954	[[1871, 1882]]	[[191, 202]]	1
tr|Q5CQT3|Q5CQT3_CRYPI	Q9BQS7	[[814, 825]]	[[1097, 1108]]	1
tr|Q5CQT3|Q5CQT3_CRYPI	P20929	[[839, 849]]	[[7671, 7681]]	1
tr|Q5CQT3|Q5CQT3_CRYPI	Q2TB10	[[871, 881]]	[[252, 262]]	1
tr|Q5CQT3|Q5CQT3_CRYPI	Q8NI35	[[999, 1011]]	[[1216, 1228]]	1
tr|Q5CQT5|Q5CQT5_CRYPI	P0C7M7	[[313, 322]]	[[225, 234]]	1
tr|Q5CQT5|Q5CQT5_CRYPI	Q6NUN0	[[313, 325]]	[[226, 238]]	1
tr|Q5CQT5|Q5CQT5_CRYPI	Q9UKU0	[[595, 611], [360, 370]]	[[551, 567], [317, 327]]	2
tr|Q5CQT5|Q5CQT5_CRYPI	Q9UGT4	[[451, 460]]	[[407, 416]]	1
tr|Q5CQT5|Q5CQT5_CRYPI	Q9ULC5	[[553, 567], [603, 615]]	[[494, 508], [544, 556]]	2
tr|Q5CQT5|Q5CQT5_CRYPI	P33121	[[569, 582], [600, 612]]	[[525, 538], [556, 568]]	2
tr|Q5CQT6|Q5CQT6_CRYPI	Q562E7	[[356, 368]]	[[351, 363]]	1
tr|Q5CQT6|Q5CQT6_CRYPI	Q6ZNJ1	[[380, 390]]	[[2091, 2101]]	1
tr|Q5CQT6|Q5CQT6_CRYPI	Q92636	[[380, 392], [572, 586], [441, 454]]	[[328, 340], [501, 515], [385, 398]]	3
tr|Q5CQT6|Q5CQT6_CRYPI	Q8IZQ1	[[575, 588]]	[[2905, 2918]]	1
tr|Q5CQT6|Q5CQT6_CRYPI	Q6ZS30	[[578, 591]]	[[2216, 2229]]	1
tr|Q5CQT6|Q5CQT6_CRYPI	Q8NFP9	[[581, 594]]	[[2498, 2511]]	1
tr|Q5CQT9|Q5CQT9_CRYPI	O76071	[[355, 367]]	[[301, 313]]	1
tr|Q5CQT9|Q5CQT9_CRYPI	Q969U6	[[371, 383]]	[[524, 536]]	1
tr|Q5CQT9|Q5CQT9_CRYPI	Q96DI7	[[375, 388]]	[[169, 182]]	1
tr|Q5CQT9|Q5CQT9_CRYPI	Q8TEB1	[[378, 388]]	[[375, 385]]	1
tr|Q5CQT9|Q5CQT9_CRYPI	Q8NA75	[[380, 391]]	[[292, 303]]	1
tr|Q5CQT9|Q5CQT9_CRYPI	P52701	[[41, 53]]	[[219, 231]]	1
tr|Q5CQU1|Q5CQU1_CRYPI	A0A1W2PR82	[[657, 666]]	[[96, 105]]	1
tr|Q5CQU2|Q5CQU2_CRYPI	O95394	[[417, 433], [599, 618], [453, 479], [69, 84], [354, 365], [175, 184]]	[[322, 338], [490, 509], [350, 376], [61, 76], [274, 285], [157, 166]]	6
tr|Q5CQU2|Q5CQU2_CRYPI	Q9HCG1	[[253, 261]]	[[376, 384]]	1
tr|Q5CQU2|Q5CQU2_CRYPI	Q96G03	[[65, 79]]	[[158, 172]]	1
tr|Q5CQU3|Q5CQU3_CRYPI	Q5UE93	[[226, 238]]	[[229, 241]]	1
tr|Q5CQU4|Q5CQU4_CRYPI	Q86UG4	[[355, 366]]	[[408, 419]]	1
tr|Q5CQU5|Q5CQU5_CRYPI	Q16829	[[248, 262]]	[[31, 45]]	1
tr|Q5CQU5|Q5CQU5_CRYPI	O15294	[[299, 307]]	[[614, 622]]	1
tr|Q5CQU5|Q5CQU5_CRYPI	Q9UKV3	[[364, 376]]	[[644, 656]]	1
tr|Q5CQU6|Q5CQU6_CRYPI	Q9NXH9	[[304, 320], [619, 630], [115, 126]]	[[312, 328], [553, 564], [159, 170]]	3
tr|Q5CQU7|Q5CQU7_CRYPI	P04150	[[103, 111]]	[[729, 737]]	1
tr|Q5CQU7|Q5CQU7_CRYPI	Q05D32	[[207, 218]]	[[290, 301]]	1
tr|Q5CQU8|Q5CQU8_CRYPI	Q9Y4G2	[[302, 311]]	[[985, 994]]	1
tr|Q5CQU9|Q5CQU9_CRYPI	P0DPK2	[[118, 134]]	[[105, 121]]	1
tr|Q5CQU9|Q5CQU9_CRYPI	P49450	[[134, 146]]	[[122, 134]]	1
tr|Q5CQU9|Q5CQU9_CRYPI	Q16695	[[38, 60], [92, 109], [61, 84]]	[[25, 47], [79, 96], [48, 71]]	3
tr|Q5CQV0|Q5CQV0_CRYPI	O60279	[[25, 36]]	[[36, 47]]	1
tr|Q5CQV1|Q5CQV1_CRYPI	Q9BUQ8	[[102, 113]]	[[469, 480]]	1
tr|Q5CQV1|Q5CQV1_CRYPI	P38919	[[105, 116]]	[[110, 121]]	1
tr|Q5CQV1|Q5CQV1_CRYPI	O00571	[[106, 117]]	[[271, 282]]	1
tr|Q5CQV1|Q5CQV1_CRYPI	Q5VWN6	[[140, 150]]	[[1156, 1166]]	1
tr|Q5CQV1|Q5CQV1_CRYPI	Q9H0S4	[[204, 225], [299, 312], [179, 194], [143, 173], [330, 373], [63, 85]]	[[195, 216], [290, 303], [170, 185], [134, 164], [321, 364], [54, 76]]	6
tr|Q5CQV1|Q5CQV1_CRYPI	Q8N8A6	[[153, 165]]	[[341, 353]]	1
tr|Q5CQV1|Q5CQV1_CRYPI	Q9Y6V7	[[176, 189]]	[[145, 158]]	1
tr|Q5CQV1|Q5CQV1_CRYPI	Q8TDD1	[[58, 70]]	[[121, 133]]	1
tr|Q5CQV1|Q5CQV1_CRYPI	Q92499	[[76, 87]]	[[45, 56]]	1
tr|Q5CQV2|Q5CQV2_CRYPI	P61247	[[188, 201], [117, 140], [159, 173], [209, 221], [95, 106]]	[[188, 201], [117, 140], [159, 173], [209, 221], [95, 106]]	5
tr|Q5CQV3|Q5CQV3_CRYPI	Q13619	[[520, 535]]	[[482, 497]]	1
tr|Q5CQV3|Q5CQV3_CRYPI	Q13618	[[759, 771]]	[[700, 712]]	1
tr|Q5CQV4|Q5CQV4_CRYPI	Q8IZU2	[[151, 163]]	[[583, 595]]	1
tr|Q5CQV4|Q5CQV4_CRYPI	O75529	[[238, 250]]	[[528, 540]]	1
tr|Q5CQV5|Q5CQV5_CRYPI	P56537	[[63, 74], [76, 89], [183, 196], [109, 122]]	[[63, 74], [76, 89], [183, 196], [109, 122]]	4
tr|Q5CQV6|Q5CQV6_CRYPI	Q9BVK2	[[160, 169]]	[[157, 166]]	1
tr|Q5CQV6|Q5CQV6_CRYPI	Q9Y672	[[62, 83], [31, 53], [365, 382]]	[[62, 83], [31, 53], [333, 350]]	3
tr|Q5CQV6|Q5CQV6_CRYPI	A0A1B0GVZ9	[[422, 434]]	[[0, 12]]	1
tr|Q5CQV7|Q5CQV7_CRYPI	Q96RE9	[[482, 491]]	[[217, 226]]	1
tr|Q5CQV8|Q5CQV8_CRYPI	Q9NR21	[[1101, 1111]]	[[131, 141]]	1
tr|Q5CQV8|Q5CQV8_CRYPI	Q9C0D2	[[1220, 1229]]	[[2235, 2244]]	1
tr|Q5CQV8|Q5CQV8_CRYPI	Q9HB55	[[1462, 1472]]	[[418, 428]]	1
tr|Q5CQV8|Q5CQV8_CRYPI	Q8N743	[[345, 355]]	[[131, 141]]	1
tr|Q5CQV8|Q5CQV8_CRYPI	Q9H0R3	[[383, 393]]	[[9, 19]]	1
tr|Q5CQV8|Q5CQV8_CRYPI	P55316	[[383, 394]]	[[101, 112]]	1
tr|Q5CQV8|Q5CQV8_CRYPI	Q6P1L5	[[386, 395]]	[[137, 146]]	1
tr|Q5CQV9|Q5CQV9_CRYPI	Q9ULF5	[[25, 35]]	[[471, 481]]	1
tr|Q5CQV9|Q5CQV9_CRYPI	Q96PZ7	[[293, 305]]	[[2519, 2531]]	1
tr|Q5CQW0|Q5CQW0_CRYPI	P62979	[[89, 111], [117, 139]]	[[87, 109], [116, 138]]	2
tr|Q5CQW2|Q5CQW2_CRYPI	Q709C8	[[41, 50]]	[[243, 252]]	1
tr|Q5CQW4|Q5CQW4_CRYPI	Q9Y697	[[61, 79], [238, 252], [354, 377], [94, 109], [379, 390]]	[[84, 102], [257, 271], [373, 396], [117, 132], [398, 409]]	5
tr|Q5CQW4|Q5CQW4_CRYPI	Q5H9R7	[[342, 353]]	[[97, 108]]	1
tr|Q5CQW8|Q5CQW8_CRYPI	O15523	[[180, 191]]	[[160, 171]]	1
tr|Q5CQW8|Q5CQW8_CRYPI	Q9NQI0	[[358, 369], [224, 236]]	[[439, 450], [311, 323]]	2
tr|Q5CQW8|Q5CQW8_CRYPI	O00571	[[418, 431], [291, 307], [359, 371]]	[[399, 412], [273, 289], [341, 353]]	3
tr|Q5CQW8|Q5CQW8_CRYPI	Q8NHQ9	[[333, 344]]	[[133, 144]]	1
tr|Q5CQW8|Q5CQW8_CRYPI	Q9NXZ2	[[336, 348]]	[[367, 379]]	1
tr|Q5CQW8|Q5CQW8_CRYPI	Q9GZR7	[[337, 349]]	[[440, 452]]	1
tr|Q5CQW8|Q5CQW8_CRYPI	Q7L014	[[394, 406]]	[[553, 565]]	1
tr|Q5CQW8|Q5CQW8_CRYPI	O00148	[[478, 490]]	[[305, 317]]	1
tr|Q5CQW8|Q5CQW8_CRYPI	Q86XP3	[[516, 528]]	[[555, 567]]	1
tr|Q5CQW8|Q5CQW8_CRYPI	Q96JM4	[[62, 71]]	[[665, 674]]	1
tr|Q5CQW9|Q5CQW9_CRYPI	Q86UA1	[[285, 293]]	[[168, 176]]	1
tr|Q5CQW9|Q5CQW9_CRYPI	Q9ULV0	[[385, 397]]	[[1050, 1062]]	1
tr|Q5CQW9|Q5CQW9_CRYPI	P35749	[[391, 401]]	[[1882, 1892]]	1
tr|Q5CQW9|Q5CQW9_CRYPI	Q9Y4B4	[[393, 405]]	[[17, 29]]	1
tr|Q5CQW9|Q5CQW9_CRYPI	Q08493	[[394, 406]]	[[661, 673]]	1
tr|Q5CQW9|Q5CQW9_CRYPI	Q96JN2	[[396, 408]]	[[16, 28]]	1
tr|Q5CQW9|Q5CQW9_CRYPI	Q8TC90	[[401, 413]]	[[301, 313]]	1
tr|Q5CQW9|Q5CQW9_CRYPI	Q7Z591	[[404, 416]]	[[778, 790]]	1
tr|Q5CQW9|Q5CQW9_CRYPI	Q8WXI2	[[405, 417]]	[[874, 886]]	1
tr|Q5CQW9|Q5CQW9_CRYPI	Q8NCJ5	[[407, 418]]	[[370, 381]]	1
tr|Q5CQW9|Q5CQW9_CRYPI	P0C7V8	[[408, 420]]	[[124, 136]]	1
tr|Q5CQW9|Q5CQW9_CRYPI	Q6GMV2	[[411, 423]]	[[394, 406]]	1
tr|Q5CQX1|Q5CQX1_CRYPI	Q92889	[[56, 70]]	[[681, 695]]	1
tr|Q5CQX5|Q5CQX5_CRYPI	Q9ULG6	[[474, 484]]	[[348, 358]]	1
tr|Q5CQX6|Q5CQX6_CRYPI	Q9NQW7	[[528, 558], [583, 599], [215, 228], [436, 449]]	[[471, 501], [522, 538], [203, 216], [383, 396]]	4
tr|Q5CQX6|Q5CQX6_CRYPI	Q13393	[[589, 600]]	[[291, 302]]	1
tr|Q5CQX7|Q5CQX7_CRYPI	Q9BY19	[[10114, 10126]]	[[152, 164]]	1
tr|Q5CQX7|Q5CQX7_CRYPI	Q53GD3	[[10173, 10182]]	[[90, 99]]	1
tr|Q5CQX7|Q5CQX7_CRYPI	Q5TCS8	[[11501, 11510]]	[[649, 658]]	1
tr|Q5CQX7|Q5CQX7_CRYPI	Q8NH69	[[12226, 12238]]	[[81, 93]]	1
tr|Q5CQX7|Q5CQX7_CRYPI	Q9Y5F3	[[1862, 1874]]	[[716, 728]]	1
tr|Q5CQX7|Q5CQX7_CRYPI	Q96CM8	[[205, 217]]	[[259, 271]]	1
tr|Q5CQX7|Q5CQX7_CRYPI	O60488	[[207, 219]]	[[276, 288]]	1
tr|Q5CQX7|Q5CQX7_CRYPI	Q8TEV9	[[2413, 2422]]	[[625, 634]]	1
tr|Q5CQX7|Q5CQX7_CRYPI	Q8WZ42	[[2545, 2557]]	[[26548, 26560]]	1
tr|Q5CQX7|Q5CQX7_CRYPI	P49327	[[2688, 2700]]	[[2151, 2163]]	1
tr|Q5CQX7|Q5CQX7_CRYPI	P43007	[[3278, 3290]]	[[297, 309]]	1
tr|Q5CQX7|Q5CQX7_CRYPI	Q08257	[[3929, 3945]]	[[152, 168]]	1
tr|Q5CQX7|Q5CQX7_CRYPI	Q9Y2B1	[[4016, 4027]]	[[213, 224]]	1
tr|Q5CQX7|Q5CQX7_CRYPI	Q8N3X1	[[4436, 4447]]	[[531, 542]]	1
tr|Q5CQX7|Q5CQX7_CRYPI	O15034	[[4717, 4728]]	[[887, 898]]	1
tr|Q5CQX7|Q5CQX7_CRYPI	O94875	[[59, 71]]	[[955, 967]]	1
tr|Q5CQX7|Q5CQX7_CRYPI	P36575	[[6115, 6126]]	[[214, 225]]	1
tr|Q5CQX7|Q5CQX7_CRYPI	P50748	[[6371, 6379]]	[[1775, 1783]]	1
tr|Q5CQX7|Q5CQX7_CRYPI	Q6NUN0	[[678, 690]]	[[559, 571]]	1
tr|Q5CQX7|Q5CQX7_CRYPI	Q2PPJ7	[[7027, 7036]]	[[969, 978]]	1
tr|Q5CQX7|Q5CQX7_CRYPI	B1AK53	[[801, 812]]	[[149, 160]]	1
tr|Q5CQX7|Q5CQX7_CRYPI	Q6P1R4	[[8278, 8287]]	[[370, 379]]	1
tr|Q5CQX7|Q5CQX7_CRYPI	Q9NY15	[[876, 884]]	[[2292, 2300]]	1
tr|Q5CQX7|Q5CQX7_CRYPI	P98066	[[876, 885]]	[[120, 129]]	1
tr|Q5CQX9|Q5CQX9_CRYPI	Q96Q89	[[159, 170]]	[[766, 777]]	1
tr|Q5CQY0|Q5CQY0_CRYPI	Q9Y519	[[240, 249]]	[[81, 90]]	1
tr|Q5CQY0|Q5CQY0_CRYPI	Q6ZPD9	[[430, 438]]	[[491, 499]]	1
tr|Q5CQY1|Q5CQY1_CRYPI	Q3ZCM7	[[148, 160]]	[[140, 152]]	1
tr|Q5CQY1|Q5CQY1_CRYPI	P0DPH8	[[288, 317], [59, 102]]	[[282, 311], [53, 96]]	2
tr|Q5CQY1|Q5CQY1_CRYPI	P68366	[[72, 84]]	[[66, 78]]	1
tr|Q5CQY2|Q5CQY2_CRYPI	P49848	[[461, 472]]	[[294, 305]]	1
tr|Q5CQY2|Q5CQY2_CRYPI	P82251	[[640, 650]]	[[175, 185]]	1
tr|Q5CQY3|Q5CQY3_CRYPI	Q92979	[[82, 91], [195, 209]]	[[114, 123], [216, 230]]	2
tr|Q5CQY4|Q5CQY4_CRYPI	Q92979	[[40, 57]]	[[83, 100]]	1
tr|Q5CQY4|Q5CQY4_CRYPI	Q9H6R4	[[4, 16]]	[[911, 923]]	1
tr|Q5CQY6|Q5CQY6_CRYPI	Q9NWS8	[[404, 415]]	[[286, 297]]	1
tr|Q5CQY6|Q5CQY6_CRYPI	Q6UX15	[[805, 814]]	[[172, 181]]	1
tr|Q5CQY8|Q5CQY8_CRYPI	Q9C0D9	[[123, 135]]	[[118, 130]]	1
tr|Q5CQY9|Q5CQY9_CRYPI	Q9UBS3	[[21, 34], [47, 60]]	[[24, 37], [50, 63]]	2
tr|Q5CQY9|Q5CQY9_CRYPI	Q8WW22	[[23, 35]]	[[6, 18]]	1
tr|Q5CQY9|Q5CQY9_CRYPI	Q99615	[[31, 43]]	[[389, 401]]	1
tr|Q5CQY9|Q5CQY9_CRYPI	Q6Y2X3	[[33, 45]]	[[453, 465]]	1
tr|Q5CQY9|Q5CQY9_CRYPI	Q9NVM6	[[35, 46]]	[[23, 34]]	1
tr|Q5CQY9|Q5CQY9_CRYPI	O75953	[[57, 68]]	[[38, 49]]	1
tr|Q5CQY9|Q5CQY9_CRYPI	P25685	[[59, 71]]	[[40, 52]]	1
tr|Q5CQY9|Q5CQY9_CRYPI	P59910	[[72, 91]]	[[53, 72]]	1
tr|Q5CQZ2|Q5CQZ2_CRYPI	Q13610	[[137, 148]]	[[171, 182]]	1
tr|Q5CQZ2|Q5CQZ2_CRYPI	Q96DT5	[[282, 292]]	[[3252, 3262]]	1
tr|Q5CQZ3|Q5CQZ3_CRYPI	Q96G21	[[248, 261], [129, 143], [81, 93], [146, 161]]	[[245, 258], [130, 144], [82, 94], [147, 162]]	4
tr|Q5CQZ4|Q5CQZ4_CRYPI	Q8N126	[[270, 280]]	[[137, 147]]	1
tr|Q5CQZ4|Q5CQZ4_CRYPI	O43303	[[460, 471]]	[[531, 542]]	1
tr|Q5CQZ4|Q5CQZ4_CRYPI	Q9NS87	[[491, 500]]	[[613, 622]]	1
tr|Q5CQZ5|Q5CQZ5_CRYPI	O14983	[[1016, 1030]]	[[613, 627]]	1
tr|Q5CQZ5|Q5CQZ5_CRYPI	P50993	[[1115, 1127]]	[[702, 714]]	1
tr|Q5CQZ5|Q5CQZ5_CRYPI	P98194	[[1118, 1132]]	[[635, 649]]	1
tr|Q5CQZ5|Q5CQZ5_CRYPI	P54707	[[1151, 1169]]	[[756, 774]]	1
tr|Q5CQZ5|Q5CQZ5_CRYPI	Q93084	[[354, 366]]	[[155, 167]]	1
tr|Q5CQZ5|Q5CQZ5_CRYPI	Q9NV12	[[458, 470]]	[[13, 25]]	1
tr|Q5CQZ6|Q5CQZ6_CRYPI	Q9BXF3	[[360, 368]]	[[1356, 1364]]	1
tr|Q5CQZ7|Q5CQZ7_CRYPI	Q8WVY7	[[1067, 1077]]	[[303, 313]]	1
tr|Q5CQZ7|Q5CQZ7_CRYPI	Q08ET2	[[1545, 1557]]	[[319, 331]]	1
tr|Q5CQZ7|Q5CQZ7_CRYPI	Q92538	[[423, 435]]	[[541, 553]]	1
tr|Q5CQZ7|Q5CQZ7_CRYPI	Q9Y6D5	[[684, 697]]	[[780, 793]]	1
tr|Q5CQZ7|Q5CQZ7_CRYPI	A0A1B0GTZ2	[[898, 910]]	[[116, 128]]	1
tr|Q5CQZ8|Q5CQZ8_CRYPI	Q9BWQ8	[[150, 162]]	[[209, 221]]	1
tr|Q5CQZ8|Q5CQZ8_CRYPI	Q9HC24	[[226, 244]]	[[207, 225]]	1
tr|Q5CQZ9|Q5CQZ9_CRYPI	Q9NYV8	[[1143, 1154]]	[[112, 123]]	1
tr|Q5CQZ9|Q5CQZ9_CRYPI	Q6PCB5	[[1295, 1306]]	[[212, 223]]	1
tr|Q5CQZ9|Q5CQZ9_CRYPI	P52732	[[1344, 1352]]	[[650, 658]]	1
tr|Q5CQZ9|Q5CQZ9_CRYPI	Q6YHU6	[[2540, 2551]]	[[1318, 1329]]	1
tr|Q5CQZ9|Q5CQZ9_CRYPI	O95071	[[2770, 2780]]	[[778, 788]]	1
tr|Q5CQZ9|Q5CQZ9_CRYPI	Q32M78	[[2808, 2820]]	[[532, 544]]	1
tr|Q5CQZ9|Q5CQZ9_CRYPI	Q6ICG6	[[283, 293]]	[[157, 167]]	1
tr|Q5CQZ9|Q5CQZ9_CRYPI	Q8TDW7	[[3101, 3111]]	[[186, 196]]	1
tr|Q5CQZ9|Q5CQZ9_CRYPI	Q96Q15	[[3254, 3267]]	[[2324, 2337]]	1
tr|Q5CQZ9|Q5CQZ9_CRYPI	Q13535	[[3348, 3360], [3257, 3274], [3277, 3292], [3295, 3308]]	[[2556, 2568], [2467, 2484], [2487, 2502], [2505, 2518]]	4
tr|Q5CQZ9|Q5CQZ9_CRYPI	Q13315	[[3261, 3273]]	[[2866, 2878]]	1
tr|Q5CQZ9|Q5CQZ9_CRYPI	Q53EP0	[[804, 815]]	[[1186, 1197]]	1
tr|Q5CR03|Q5CR03_CRYPI	Q5W0V3	[[192, 203]]	[[256, 267]]	1
tr|Q5CR04|Q5CR04_CRYPI	Q9H2U1	[[118, 130]]	[[135, 147]]	1
tr|Q5CR06|Q5CR06_CRYPI	P32004	[[105, 114]]	[[728, 737]]	1
tr|Q5CR06|Q5CR06_CRYPI	Q8N4M1	[[344, 350]]	[[477, 483]]	1
tr|Q5CR06|Q5CR06_CRYPI	Q9H1P3	[[445, 455], [384, 396], [461, 479]]	[[149, 159], [88, 100], [167, 185]]	3
tr|Q5CR06|Q5CR06_CRYPI	Q969R2	[[442, 453]]	[[593, 604]]	1
tr|Q5CR06|Q5CR06_CRYPI	P22059	[[445, 457]]	[[492, 504]]	1
tr|Q5CR06|Q5CR06_CRYPI	Q9BZF2	[[460, 470]]	[[570, 580]]	1
tr|Q5CR06|Q5CR06_CRYPI	Q9BZF1	[[465, 481]]	[[507, 523]]	1
tr|Q5CR06|Q5CR06_CRYPI	Q9BZF3	[[728, 738]]	[[848, 858]]	1
tr|Q5CR06|Q5CR06_CRYPI	Q9BXW6	[[750, 761]]	[[891, 902]]	1
tr|Q5CR06|Q5CR06_CRYPI	Q15777	[[7, 19]]	[[96, 108]]	1
tr|Q5CR07|Q5CR07_CRYPI	O75355	[[18, 28]]	[[81, 91]]	1
tr|Q5CR07|Q5CR07_CRYPI	Q9Y5G7	[[65, 74]]	[[244, 253]]	1
tr|Q5CR08|Q5CR08_CRYPI	P16885	[[414, 427], [365, 394]]	[[360, 373], [311, 340]]	2
tr|Q5CR08|Q5CR08_CRYPI	Q4KWH8	[[376, 388]]	[[309, 321]]	1
tr|Q5CR08|Q5CR08_CRYPI	Q15147	[[401, 412]]	[[348, 359]]	1
tr|Q5CR08|Q5CR08_CRYPI	Q01970	[[405, 415]]	[[356, 366]]	1
tr|Q5CR08|Q5CR08_CRYPI	Q9UPR0	[[409, 419]]	[[469, 479]]	1
tr|Q5CR08|Q5CR08_CRYPI	P19174	[[416, 428]]	[[370, 382]]	1
tr|Q5CR08|Q5CR08_CRYPI	Q9P212	[[418, 433]]	[[1444, 1459]]	1
tr|Q5CR08|Q5CR08_CRYPI	Q8N3E9	[[423, 436]]	[[394, 407]]	1
tr|Q5CR08|Q5CR08_CRYPI	P51178	[[762, 773], [444, 460]]	[[671, 682], [374, 390]]	2
tr|Q5CR08|Q5CR08_CRYPI	Q00722	[[446, 458]]	[[394, 406]]	1
tr|Q5CR08|Q5CR08_CRYPI	O75038	[[764, 776]]	[[806, 818]]	1
tr|Q5CR09|Q5CR09_CRYPI	P14324	[[123, 135]]	[[161, 173]]	1
tr|Q5CR10|Q5CR10_CRYPI	P43686	[[326, 353], [34, 54], [56, 79], [141, 167], [83, 104], [105, 136], [192, 298], [170, 186]]	[[344, 371], [52, 72], [74, 97], [159, 185], [101, 122], [123, 154], [210, 316], [188, 204]]	8
tr|Q5CR10|Q5CR10_CRYPI	P35998	[[134, 150]]	[[162, 178]]	1
tr|Q5CR10|Q5CR10_CRYPI	Q8NB90	[[184, 196]]	[[390, 402]]	1
tr|Q5CR10|Q5CR10_CRYPI	Q9BW62	[[187, 201]]	[[247, 261]]	1
tr|Q5CR10|Q5CR10_CRYPI	P62191	[[197, 209]]	[[235, 247]]	1
tr|Q5CR17|Q5CR17_CRYPI	O15457	[[570, 582]]	[[612, 624]]	1
tr|Q5CR18|Q5CR18_CRYPI	Q9UC06	[[177, 185]]	[[219, 227]]	1
tr|Q5CR22|Q5CR22_CRYPI	Q8WXI3	[[296, 305]]	[[117, 126]]	1
tr|Q5CR22|Q5CR22_CRYPI	Q9BSK4	[[331, 342]]	[[577, 588]]	1
tr|Q5CR22|Q5CR22_CRYPI	P19838	[[332, 343]]	[[716, 727]]	1
tr|Q5CR22|Q5CR22_CRYPI	O15084	[[333, 345]]	[[337, 349]]	1
tr|Q5CR22|Q5CR22_CRYPI	Q08211	[[90, 102]]	[[245, 257]]	1
tr|Q5CR24|Q5CR24_CRYPI	P62899	[[71, 87]]	[[80, 96]]	1
tr|Q5CR25|Q5CR25_CRYPI	Q96QK1	[[264, 276], [208, 232], [38, 56]]	[[264, 276], [208, 232], [38, 56]]	3
tr|Q5CR25|Q5CR25_CRYPI	Q9H706	[[574, 586]]	[[857, 869]]	1
tr|Q5CR25|Q5CR25_CRYPI	Q96IK5	[[784, 792]]	[[235, 243]]	1
tr|Q5CR27|Q5CR27_CRYPI	Q15046	[[425, 437], [502, 514], [176, 186], [341, 352], [525, 543], [406, 417], [466, 479], [247, 269], [293, 327], [232, 246], [190, 210]]	[[455, 467], [532, 544], [204, 214], [369, 380], [555, 573], [436, 447], [496, 509], [275, 297], [321, 355], [260, 274], [218, 238]]	11
tr|Q5CR28|Q5CR28_CRYPI	Q9NRR5	[[273, 283]]	[[236, 246]]	1
tr|Q5CR28|Q5CR28_CRYPI	Q9UHD9	[[384, 396]]	[[607, 619]]	1
tr|Q5CR29|Q5CR29_CRYPI	O94855	[[260, 272]]	[[133, 145]]	1
tr|Q5CR32|Q5CR32_CRYPI	Q6IFG1	[[25, 36]]	[[297, 308]]	1
tr|Q5CR33|Q5CR33_CRYPI	P22314	[[559, 570], [497, 507], [38, 61], [879, 894], [726, 742], [213, 230], [712, 724], [846, 859]]	[[572, 583], [510, 520], [74, 97], [878, 893], [735, 751], [244, 261], [721, 733], [845, 858]]	8
tr|Q5CR33|Q5CR33_CRYPI	Q13564	[[384, 396]]	[[493, 505]]	1
tr|Q5CR33|Q5CR33_CRYPI	P41226	[[727, 737], [434, 446], [849, 862]]	[[699, 709], [411, 423], [807, 820]]	3
tr|Q5CR33|Q5CR33_CRYPI	Q8TBC4	[[490, 507]]	[[99, 116]]	1
tr|Q5CR33|Q5CR33_CRYPI	Q9UBT2	[[492, 505]]	[[49, 62]]	1
tr|Q5CR33|Q5CR33_CRYPI	Q9C0A6	[[806, 816]]	[[810, 820]]	1
tr|Q5CR36|Q5CR36_CRYPI	Q8NHW5	[[139, 154]]	[[131, 146]]	1
tr|Q5CR36|Q5CR36_CRYPI	Q8N8E2	[[302, 311]]	[[47, 56]]	1
tr|Q5CR36|Q5CR36_CRYPI	P05388	[[50, 68]]	[[42, 60]]	1
tr|Q5CR37|Q5CR37_CRYPI	P08922	[[18, 27]]	[[1263, 1272]]	1
tr|Q5CR37|Q5CR37_CRYPI	Q9HAB8	[[164, 177]]	[[174, 187]]	1
tr|Q5CR38|Q5CR38_CRYPI	Q12968	[[381, 392]]	[[524, 535]]	1
tr|Q5CR39|Q5CR39_CRYPI	O75717	[[331, 341]]	[[958, 968]]	1
tr|Q5CR41|Q5CR41_CRYPI	Q9UPM8	[[114, 124], [74, 91]]	[[127, 137], [87, 104]]	2
tr|Q5CR41|Q5CR41_CRYPI	O14617	[[389, 399]]	[[347, 357]]	1
tr|Q5CR41|Q5CR41_CRYPI	Q96Q89	[[660, 671]]	[[762, 773]]	1
tr|Q5CR41|Q5CR41_CRYPI	Q9Y6X6	[[71, 81]]	[[1410, 1420]]	1
tr|Q5CR41|Q5CR41_CRYPI	P01584	[[814, 826]]	[[118, 130]]	1
tr|Q5CR43|Q5CR43_CRYPI	Q6ZPD9	[[236, 246], [122, 134]]	[[209, 219], [132, 144]]	2
tr|Q5CR43|Q5CR43_CRYPI	Q14146	[[132, 143]]	[[306, 317]]	1
tr|Q5CR43|Q5CR43_CRYPI	Q5THR3	[[410, 419]]	[[1182, 1191]]	1
tr|Q5CR43|Q5CR43_CRYPI	Q9NQ60	[[443, 453]]	[[3, 13]]	1
tr|Q5CR43|Q5CR43_CRYPI	O43295	[[957, 969]]	[[291, 303]]	1
tr|Q5CR44|Q5CR44_CRYPI	Q8ND82	[[500, 511]]	[[6, 17]]	1
tr|Q5CR45|Q5CR45_CRYPI	Q99549	[[83, 93]]	[[145, 155]]	1
tr|Q5CR47|Q5CR47_CRYPI	Q9H582	[[310, 321]]	[[1077, 1088]]	1
tr|Q5CR48|Q5CR48_CRYPI	O60493	[[71, 85]]	[[67, 81]]	1
tr|Q5CR49|Q5CR49_CRYPI	P37287	[[138, 147], [40, 53], [293, 306], [22, 33]]	[[149, 158], [51, 64], [301, 314], [33, 44]]	4
tr|Q5CR50|Q5CR50_CRYPI	Q8WWK9	[[279, 289]]	[[534, 544]]	1
tr|Q5CR50|Q5CR50_CRYPI	Q8IX03	[[60, 71]]	[[857, 868]]	1
tr|Q5CR50|Q5CR50_CRYPI	O15066	[[64, 74]]	[[395, 405]]	1
tr|Q5CR50|Q5CR50_CRYPI	Q69YN4	[[64, 76]]	[[281, 293]]	1
tr|Q5CR50|Q5CR50_CRYPI	O94769	[[67, 79]]	[[277, 289]]	1
tr|Q5CR50|Q5CR50_CRYPI	P49796	[[69, 81]]	[[888, 900]]	1
tr|Q5CR51|Q5CR51_CRYPI	Q9H5I5	[[2, 10]]	[[69, 77]]	1
tr|Q5CR51|Q5CR51_CRYPI	Q8IUH5	[[146, 157]]	[[455, 466]]	1
tr|Q5CR51|Q5CR51_CRYPI	Q96GR4	[[149, 160]]	[[118, 129]]	1
tr|Q5CR51|Q5CR51_CRYPI	Q8WTX9	[[153, 171]]	[[159, 177]]	1
tr|Q5CR51|Q5CR51_CRYPI	Q9C0B5	[[163, 175]]	[[139, 151]]	1
tr|Q5CR51|Q5CR51_CRYPI	Q9NUQ2	[[289, 298]]	[[94, 103]]	1
tr|Q5CR51|Q5CR51_CRYPI	Q8N895	[[309, 320]]	[[663, 674]]	1
tr|Q5CR54|Q5CR54_CRYPI	Q7Z4N2	[[594, 602]]	[[855, 863]]	1
tr|Q5CR55|Q5CR55_CRYPI	P0DPK2	[[3, 15]]	[[47, 59]]	1
tr|Q5CR57|Q5CR57_CRYPI	Q8NA57	[[238, 250]]	[[324, 336]]	1
tr|Q5CR59|Q5CR59_CRYPI	Q14684	[[48, 62]]	[[49, 63]]	1
tr|Q5CR59|Q5CR59_CRYPI	P56182	[[53, 65]]	[[55, 67]]	1
tr|Q5CR60|Q5CR60_CRYPI	Q86UD7	[[187, 198]]	[[175, 186]]	1
tr|Q5CR60|Q5CR60_CRYPI	Q92738	[[208, 219]]	[[195, 206]]	1
tr|Q5CR60|Q5CR60_CRYPI	Q5T1Q4	[[228, 236]]	[[332, 340]]	1
tr|Q5CR60|Q5CR60_CRYPI	Q5R372	[[272, 283]]	[[693, 704]]	1
tr|Q5CR60|Q5CR60_CRYPI	Q96HU1	[[293, 303]]	[[295, 305]]	1
tr|Q5CR61|Q5CR61_CRYPI	O75400	[[146, 157]]	[[100, 111]]	1
tr|Q5CR61|Q5CR61_CRYPI	P50502	[[194, 222], [149, 187]]	[[293, 309], [293, 313]]	2
tr|Q5CR61|Q5CR61_CRYPI	P27658	[[152, 167], [176, 203]]	[[157, 172], [157, 172]]	2
tr|Q5CR61|Q5CR61_CRYPI	P11142	[[161, 173], [204, 216]]	[[614, 627], [614, 627]]	2
tr|Q5CR61|Q5CR61_CRYPI	Q8NFI4	[[162, 174]]	[[288, 300]]	1
tr|Q5CR61|Q5CR61_CRYPI	Q5VXU9	[[77, 87]]	[[597, 607]]	1
tr|Q5CR62|Q5CR62_CRYPI	Q9GZZ9	[[56, 75], [170, 189]]	[[81, 100], [203, 222]]	2
tr|Q5CR62|Q5CR62_CRYPI	Q14574	[[38, 48]]	[[314, 324]]	1
tr|Q5CR63|Q5CR63_CRYPI	Q9NQT4	[[62, 72]]	[[75, 85]]	1
tr|Q5CR64|Q5CR64_CRYPI	O00746	[[118, 129]]	[[130, 141]]	1
tr|Q5CR64|Q5CR64_CRYPI	Q13232	[[119, 130], [33, 45], [135, 155]]	[[115, 126], [28, 40], [131, 151]]	3
tr|Q5CR64|Q5CR64_CRYPI	P22392	[[124, 136], [145, 159]]	[[103, 115], [124, 138]]	2
tr|Q5CR66|Q5CR66_CRYPI	Q9UK39	[[395, 410]]	[[181, 196]]	1
tr|Q5CR66|Q5CR66_CRYPI	Q9UNK9	[[401, 411]]	[[290, 300]]	1
tr|Q5CR66|Q5CR66_CRYPI	Q96LI5	[[454, 466]]	[[280, 292]]	1
tr|Q5CR66|Q5CR66_CRYPI	Q6L8Q7	[[634, 644]]	[[491, 501]]	1
tr|Q5CR66|Q5CR66_CRYPI	Q96MF7	[[684, 695]]	[[56, 67]]	1
tr|Q5CR67|Q5CR67_CRYPI	Q9P2D6	[[164, 176]]	[[1319, 1331]]	1
tr|Q5CR69|Q5CR69_CRYPI	O60469	[[219, 231]]	[[532, 544]]	1
tr|Q5CR69|Q5CR69_CRYPI	Q01432	[[615, 627], [719, 739], [500, 513], [352, 364], [644, 660]]	[[581, 593], [685, 705], [467, 480], [321, 333], [610, 626]]	5
tr|Q5CR69|Q5CR69_CRYPI	P23109	[[415, 427]]	[[368, 380]]	1
tr|Q5CR69|Q5CR69_CRYPI	Q01433	[[773, 785], [710, 722]]	[[773, 785], [723, 735]]	2
tr|Q5CR70|Q5CR70_CRYPI	Q86U37	[[879, 888]]	[[104, 113]]	1
tr|Q5CR70|Q5CR70_CRYPI	Q8IYB4	[[887, 898]]	[[556, 567]]	1
tr|Q5CR72|Q5CR72_CRYPI	Q15904	[[203, 215]]	[[430, 442]]	1
tr|Q5CR74|Q5CR74_CRYPI	Q5T1V6	[[119, 131]]	[[274, 286]]	1
tr|Q5CR74|Q5CR74_CRYPI	Q9H8H2	[[719, 730], [152, 171]]	[[737, 748], [341, 360]]	2
tr|Q5CR74|Q5CR74_CRYPI	Q9NR30	[[166, 178]]	[[307, 319]]	1
tr|Q5CR74|Q5CR74_CRYPI	Q9Y6V7	[[195, 206]]	[[148, 159]]	1
tr|Q5CR74|Q5CR74_CRYPI	Q9UHI6	[[196, 208]]	[[208, 220]]	1
tr|Q5CR74|Q5CR74_CRYPI	Q9NR31	[[546, 556]]	[[42, 52]]	1
tr|Q5CR74|Q5CR74_CRYPI	Q9NXZ2	[[592, 606]]	[[564, 578]]	1
tr|Q5CR76|Q5CR76_CRYPI	P78524	[[551, 562]]	[[442, 453]]	1
tr|Q5CR76|Q5CR76_CRYPI	Q7Z3Y9	[[75, 85]]	[[298, 308]]	1
tr|Q5CR79|Q5CR79_CRYPI	P16989	[[205, 215]]	[[3, 13]]	1
tr|Q5CR82|Q5CR82_CRYPI	Q6NXT6	[[425, 436]]	[[194, 205]]	1
tr|Q5CR82|Q5CR82_CRYPI	P51681	[[585, 595]]	[[148, 158]]	1
tr|Q5CR83|Q5CR83_CRYPI	Q6NXT6	[[34, 46]]	[[397, 409]]	1
tr|Q5CR84|Q5CR84_CRYPI	Q96JX3	[[741, 753]]	[[398, 410]]	1
tr|Q5CR84|Q5CR84_CRYPI	P19474	[[958, 966]]	[[428, 436]]	1
tr|Q5CR85|Q5CR85_CRYPI	Q03164	[[250, 261]]	[[1217, 1228]]	1
tr|Q5CR85|Q5CR85_CRYPI	P55072	[[652, 664], [441, 453], [306, 332]]	[[564, 576], [347, 359], [233, 259]]	3
tr|Q5CR85|Q5CR85_CRYPI	O43933	[[312, 324]]	[[875, 887]]	1
tr|Q5CR85|Q5CR85_CRYPI	O75351	[[393, 405]]	[[231, 243]]	1
tr|Q5CR85|Q5CR85_CRYPI	Q9ULI0	[[446, 456]]	[[553, 563]]	1
tr|Q5CR85|Q5CR85_CRYPI	O15381	[[447, 461], [656, 667]]	[[416, 430], [355, 366]]	2
tr|Q5CR85|Q5CR85_CRYPI	Q8NB90	[[685, 698], [598, 613], [723, 735]]	[[747, 760], [660, 675], [785, 797]]	3
tr|Q5CR85|Q5CR85_CRYPI	Q13608	[[653, 666], [703, 717]]	[[791, 804], [841, 855]]	2
tr|Q5CR85|Q5CR85_CRYPI	P35998	[[661, 671]]	[[271, 281]]	1
tr|Q5CR85|Q5CR85_CRYPI	Q8NBU5	[[702, 713]]	[[229, 240]]	1
tr|Q5CR85|Q5CR85_CRYPI	Q9BVQ7	[[718, 732]]	[[636, 650]]	1
tr|Q5CR86|Q5CR86_CRYPI	Q96M91	[[1045, 1055]]	[[131, 141]]	1
tr|Q5CR86|Q5CR86_CRYPI	Q38SD2	[[177, 188]]	[[1048, 1059]]	1
tr|Q5CR87|Q5CR87_CRYPI	Q9BZE4	[[30, 49], [82, 92], [99, 132], [217, 239], [187, 207], [51, 81], [146, 179]]	[[37, 56], [89, 99], [106, 139], [224, 246], [194, 214], [58, 88], [153, 186]]	7
tr|Q5CR87|Q5CR87_CRYPI	A4D1E9	[[172, 184]]	[[159, 171]]	1
tr|Q5CR87|Q5CR87_CRYPI	P11233	[[331, 341]]	[[136, 146]]	1
tr|Q5CR87|Q5CR87_CRYPI	Q9UFB7	[[404, 416]]	[[214, 226]]	1
tr|Q5CR87|Q5CR87_CRYPI	Q15599	[[416, 423]]	[[323, 330]]	1
tr|Q5CR88|Q5CR88_CRYPI	Q9Y383	[[1121, 1131]]	[[246, 256]]	1
tr|Q5CR88|Q5CR88_CRYPI	Q8N8S7	[[1194, 1206], [1168, 1181], [1123, 1143], [1212, 1233], [1147, 1160], [1152, 1164], [1272, 1293], [1189, 1202], [1254, 1266]]	[[230, 242], [156, 169], [230, 242], [156, 170], [156, 169], [230, 242], [156, 170], [156, 169], [230, 242]]	9
tr|Q5CR88|Q5CR88_CRYPI	Q7L8S5	[[1124, 1143], [1153, 1164], [1255, 1266], [1195, 1206]]	[[97, 108], [97, 108], [97, 108], [97, 108]]	4
tr|Q5CR88|Q5CR88_CRYPI	Q6ZU35	[[1183, 1195], [1196, 1211], [1308, 1318], [1248, 1271], [1125, 1148], [1154, 1169]]	[[303, 315], [303, 318], [303, 313], [303, 318], [303, 318], [303, 318]]	6
tr|Q5CR88|Q5CR88_CRYPI	Q14152	[[1186, 1196], [1157, 1167], [1251, 1261], [1128, 1146]]	[[824, 834], [824, 834], [824, 834], [824, 834]]	4
tr|Q5CR88|Q5CR88_CRYPI	Q9NWH9	[[1273, 1290], [1251, 1262], [1128, 1156], [1213, 1230], [1157, 1177], [1186, 1198], [1311, 1322], [1189, 1199]]	[[677, 689], [652, 663], [652, 664], [677, 689], [652, 664], [652, 664], [652, 663], [679, 689]]	8
tr|Q5CR88|Q5CR88_CRYPI	P50502	[[1163, 1175], [1142, 1154]]	[[241, 253], [241, 253]]	2
tr|Q5CR88|Q5CR88_CRYPI	Q04323	[[1152, 1163]]	[[105, 116]]	1
tr|Q5CR88|Q5CR88_CRYPI	P51532	[[1207, 1219], [1267, 1279]]	[[514, 526], [514, 526]]	2
tr|Q5CR88|Q5CR88_CRYPI	Q15431	[[1229, 1241]]	[[768, 780]]	1
tr|Q5CR88|Q5CR88_CRYPI	P35241	[[1305, 1314], [1245, 1254]]	[[334, 343], [334, 343]]	2
tr|Q5CR88|Q5CR88_CRYPI	Q9NQX4	[[336, 346], [218, 235]]	[[252, 262], [150, 167]]	2
tr|Q5CR88|Q5CR88_CRYPI	Q9UM54	[[221, 233], [579, 591]]	[[143, 155], [472, 484]]	2
tr|Q5CR88|Q5CR88_CRYPI	Q6PIF6	[[292, 304], [225, 238]]	[[203, 215], [154, 167]]	2
tr|Q5CR88|Q5CR88_CRYPI	B0I1T2	[[229, 241]]	[[102, 114]]	1
tr|Q5CR88|Q5CR88_CRYPI	O00159	[[294, 306], [323, 333]]	[[190, 202], [219, 229]]	2
tr|Q5CR88|Q5CR88_CRYPI	O94832	[[298, 311]]	[[158, 171]]	1
tr|Q5CR88|Q5CR88_CRYPI	Q9UKX2	[[320, 332]]	[[265, 277]]	1
tr|Q5CR88|Q5CR88_CRYPI	P13533	[[337, 348]]	[[280, 291]]	1
tr|Q5CR88|Q5CR88_CRYPI	Q8NEV4	[[554, 565]]	[[711, 722]]	1
tr|Q5CR88|Q5CR88_CRYPI	O43795	[[572, 585]]	[[396, 409]]	1
tr|Q5CR90|Q5CR90_CRYPI	Q05469	[[135, 147]]	[[246, 258]]	1
tr|Q5CR95|Q5CR95_CRYPI	O75914	[[297, 307]]	[[398, 408]]	1
tr|Q5CR95|Q5CR95_CRYPI	O95835	[[298, 310]]	[[825, 837]]	1
tr|Q5CR95|Q5CR95_CRYPI	O94804	[[359, 368]]	[[218, 227]]	1
tr|Q5CR95|Q5CR95_CRYPI	P45985	[[361, 373]]	[[290, 302]]	1
tr|Q5CR95|Q5CR95_CRYPI	P31639	[[476, 487]]	[[258, 269]]	1
tr|Q5CR96|Q5CR96_CRYPI	Q58EX7	[[680, 689]]	[[750, 759]]	1
tr|Q5CR96|Q5CR96_CRYPI	P20929	[[697, 707]]	[[6371, 6381]]	1
tr|Q5CR97|Q5CR97_CRYPI	Q9ULH1	[[1316, 1325]]	[[824, 833]]	1
tr|Q5CR97|Q5CR97_CRYPI	M0QZC1	[[1317, 1325]]	[[158, 166]]	1
tr|Q5CR97|Q5CR97_CRYPI	Q9Y467	[[1318, 1326]]	[[164, 172]]	1
tr|Q5CR97|Q5CR97_CRYPI	O14647	[[1343, 1353]]	[[485, 495]]	1
tr|Q5CR97|Q5CR97_CRYPI	Q3L8U1	[[1343, 1354], [1390, 1402], [1872, 1883], [1506, 1517]]	[[861, 872], [907, 919], [1350, 1361], [993, 1004]]	4
tr|Q5CR97|Q5CR97_CRYPI	O60264	[[1367, 1379], [1696, 1710]]	[[205, 217], [482, 496]]	2
tr|Q5CR97|Q5CR97_CRYPI	Q9P2D1	[[1699, 1718], [1606, 1616], [1762, 1775], [1508, 1518], [1391, 1402], [1659, 1669]]	[[1292, 1311], [1201, 1211], [1355, 1368], [1103, 1113], [1016, 1027], [1246, 1256]]	6
tr|Q5CR97|Q5CR97_CRYPI	Q12873	[[1480, 1490]]	[[853, 863]]	1
tr|Q5CR97|Q5CR97_CRYPI	O14646	[[1768, 1782], [1481, 1493]]	[[859, 873], [585, 597]]	2
tr|Q5CR97|Q5CR97_CRYPI	Q9HCK8	[[1506, 1518]]	[[944, 956]]	1
tr|Q5CR97|Q5CR97_CRYPI	Q9H4L7	[[1534, 1545]]	[[652, 663]]	1
tr|Q5CR97|Q5CR97_CRYPI	Q2NKX8	[[1538, 1550]]	[[256, 268]]	1
tr|Q5CR97|Q5CR97_CRYPI	Q01970	[[1551, 1561]]	[[592, 602]]	1
tr|Q5CR97|Q5CR97_CRYPI	Q6ZRS2	[[1810, 1822], [1708, 1721]]	[[2155, 2167], [2054, 2067]]	2
tr|Q5CR97|Q5CR97_CRYPI	Q8TDI0	[[1711, 1721]]	[[1038, 1048]]	1
tr|Q5CR97|Q5CR97_CRYPI	Q9ULG1	[[1764, 1778]]	[[1167, 1181]]	1
tr|Q5CR97|Q5CR97_CRYPI	Q86WJ1	[[1795, 1811]]	[[443, 459]]	1
tr|Q5CR97|Q5CR97_CRYPI	Q9H9C1	[[207, 218]]	[[42, 53]]	1
tr|Q5CR97|Q5CR97_CRYPI	O00401	[[211, 223]]	[[487, 499]]	1
tr|Q5CR97|Q5CR97_CRYPI	Q9BTT0	[[2256, 2265]]	[[196, 205]]	1
tr|Q5CR97|Q5CR97_CRYPI	P21675	[[451, 462]]	[[1436, 1447]]	1
tr|Q5CR97|Q5CR97_CRYPI	Q9UIG0	[[451, 463]]	[[1374, 1386]]	1
tr|Q5CR97|Q5CR97_CRYPI	P54289	[[500, 510]]	[[798, 808]]	1
tr|Q5CR97|Q5CR97_CRYPI	P27707	[[643, 650]]	[[160, 167]]	1
tr|Q5CR97|Q5CR97_CRYPI	Q9H2G4	[[668, 679]]	[[552, 563]]	1
tr|Q5CR97|Q5CR97_CRYPI	Q9BZM3	[[719, 729]]	[[133, 143]]	1
tr|Q5CR98|Q5CR98_CRYPI	Q8IY81	[[110, 123], [91, 99], [201, 217], [47, 62]]	[[110, 123], [91, 99], [201, 217], [47, 62]]	4
tr|Q5CR98|Q5CR98_CRYPI	Q9HAZ2	[[404, 417]]	[[1119, 1132]]	1
tr|Q5CR98|Q5CR98_CRYPI	Q8IWI9	[[409, 420]]	[[2299, 2310]]	1
tr|Q5CR98|Q5CR98_CRYPI	Q04721	[[42, 52]]	[[1057, 1067]]	1
tr|Q5CR98|Q5CR98_CRYPI	P19338	[[411, 422]]	[[156, 167]]	1
tr|Q5CR98|Q5CR98_CRYPI	Q8IXS0	[[730, 740]]	[[347, 357]]	1
tr|Q5CR99|Q5CR99_CRYPI	Q9H7D0	[[365, 376]]	[[166, 177]]	1
tr|Q5CR99|Q5CR99_CRYPI	A2A2Z9	[[396, 405]]	[[257, 266]]	1
tr|Q5CRA1|Q5CRA1_CRYPI	Q8NGL3	[[79, 88]]	[[29, 38]]	1
tr|Q5CRA4|Q5CRA4_CRYPI	Q86TI0	[[74, 83]]	[[446, 455]]	1
tr|Q5CRA5|Q5CRA5_CRYPI	A8MWL6	[[57, 67]]	[[168, 178]]	1
tr|Q5CRA7|Q5CRA7_CRYPI	Q08J23	[[235, 251], [156, 168], [177, 192], [419, 435], [125, 136], [10, 21]]	[[260, 276], [186, 198], [205, 220], [410, 426], [155, 166], [41, 52]]	6
tr|Q5CRA7|Q5CRA7_CRYPI	P22079	[[399, 410]]	[[256, 267]]	1
tr|Q5CRA8|Q5CRA8_CRYPI	Q9H4Q4	[[114, 126]]	[[257, 269]]	1
tr|Q5CRA9|Q5CRA9_CRYPI	Q92994	[[25, 37], [140, 152], [216, 230]]	[[23, 35], [144, 156], [220, 234]]	3
tr|Q5CRA9|Q5CRA9_CRYPI	Q9NW97	[[348, 360]]	[[112, 124]]	1
tr|Q5CRA9|Q5CRA9_CRYPI	P46060	[[353, 365]]	[[365, 377]]	1
tr|Q5CRB0|Q5CRB0_CRYPI	Q8TBM8	[[65, 77]]	[[148, 160]]	1
tr|Q5CRB4|Q5CRB4_CRYPI	Q9NPJ3	[[112, 123]]	[[55, 66]]	1
tr|Q5CRB4|Q5CRB4_CRYPI	Q96BY7	[[67, 76]]	[[993, 1002]]	1
tr|Q5CRB5|Q5CRB5_CRYPI	Q8NBA8	[[196, 210]]	[[173, 187]]	1
tr|Q5CRB7|Q5CRB7_CRYPI	E9PAV3	[[90, 101], [171, 186]]	[[1982, 1993], [2053, 2068]]	2
tr|Q5CRB9|Q5CRB9_CRYPI	Q9NXW2	[[0, 12], [220, 231]]	[[0, 12], [199, 210]]	2
tr|Q5CRB9|Q5CRB9_CRYPI	Q9Y2G8	[[143, 154]]	[[42, 53]]	1
tr|Q5CRB9|Q5CRB9_CRYPI	Q9UBS4	[[180, 191], [145, 160]]	[[76, 87], [40, 55]]	2
tr|Q5CRB9|Q5CRB9_CRYPI	Q8IXB1	[[150, 161]]	[[55, 66]]	1
tr|Q5CRB9|Q5CRB9_CRYPI	Q02930	[[63, 75]]	[[305, 317]]	1
tr|Q5CRC0|Q5CRC0_CRYPI	Q14596	[[1204, 1214]]	[[74, 84]]	1
tr|Q5CRC0|Q5CRC0_CRYPI	O94875	[[1237, 1246]]	[[883, 892]]	1
tr|Q5CRC0|Q5CRC0_CRYPI	Q9C0I4	[[968, 981], [148, 160], [133, 147], [909, 926], [384, 397]]	[[335, 348], [1261, 1273], [999, 1013], [597, 614], [1004, 1017]]	5
tr|Q5CRC0|Q5CRC0_CRYPI	Q9UPZ6	[[749, 761], [133, 144], [854, 865], [192, 209], [511, 520], [793, 805]]	[[1040, 1052], [1034, 1045], [1031, 1042], [1035, 1052], [1418, 1427], [507, 519]]	6
tr|Q5CRC0|Q5CRC0_CRYPI	Q96RW7	[[139, 151]]	[[4705, 4717]]	1
tr|Q5CRC0|Q5CRC0_CRYPI	P35442	[[137, 149]]	[[497, 509]]	1
tr|Q5CRC0|Q5CRC0_CRYPI	O60242	[[314, 324], [139, 150]]	[[349, 359], [405, 416]]	2
tr|Q5CRC0|Q5CRC0_CRYPI	P82987	[[142, 153]]	[[572, 583]]	1
tr|Q5CRC0|Q5CRC0_CRYPI	Q3T906	[[1545, 1556], [1926, 1937]]	[[451, 462], [451, 462]]	2
tr|Q5CRC0|Q5CRC0_CRYPI	Q96Q04	[[162, 172]]	[[1060, 1070]]	1
tr|Q5CRC0|Q5CRC0_CRYPI	Q9UKP4	[[179, 190]]	[[932, 943]]	1
tr|Q5CRC0|Q5CRC0_CRYPI	P59510	[[198, 211], [924, 936]]	[[1660, 1673], [977, 989]]	2
tr|Q5CRC0|Q5CRC0_CRYPI	Q8N6G6	[[201, 213]]	[[675, 687]]	1
tr|Q5CRC0|Q5CRC0_CRYPI	Q13591	[[206, 218]]	[[609, 621]]	1
tr|Q5CRC0|Q5CRC0_CRYPI	O75808	[[2465, 2475]]	[[128, 138]]	1
tr|Q5CRC0|Q5CRC0_CRYPI	Q0D2K3	[[2465, 2477]]	[[139, 151]]	1
tr|Q5CRC0|Q5CRC0_CRYPI	Q9BWU0	[[2468, 2479]]	[[596, 607]]	1
tr|Q5CRC0|Q5CRC0_CRYPI	P21817	[[2469, 2480]]	[[1884, 1895]]	1
tr|Q5CRC0|Q5CRC0_CRYPI	Q9BRU9	[[255, 266]]	[[93, 104]]	1
tr|Q5CRC0|Q5CRC0_CRYPI	O14514	[[748, 760], [314, 323]]	[[471, 483], [413, 422]]	2
tr|Q5CRC0|Q5CRC0_CRYPI	Q9NV79	[[343, 353]]	[[277, 287]]	1
tr|Q5CRC0|Q5CRC0_CRYPI	Q6UXF1	[[3480, 3492]]	[[346, 358]]	1
tr|Q5CRC0|Q5CRC0_CRYPI	P08603	[[3601, 3611]]	[[670, 680]]	1
tr|Q5CRC0|Q5CRC0_CRYPI	Q8TE57	[[384, 393]]	[[590, 599]]	1
tr|Q5CRC0|Q5CRC0_CRYPI	P11413	[[3830, 3842]]	[[177, 189]]	1
tr|Q5CRC0|Q5CRC0_CRYPI	O95388	[[388, 399]]	[[222, 233]]	1
tr|Q5CRC0|Q5CRC0_CRYPI	Q9BXY4	[[581, 591]]	[[147, 157]]	1
tr|Q5CRC0|Q5CRC0_CRYPI	Q6H9L7	[[585, 597]]	[[330, 342]]	1
tr|Q5CRC0|Q5CRC0_CRYPI	Q9P283	[[586, 598], [974, 988]]	[[858, 870], [915, 929]]	2
tr|Q5CRC0|Q5CRC0_CRYPI	A2VEC9	[[588, 600], [802, 810]]	[[2838, 2850], [3413, 3421]]	2
tr|Q5CRC0|Q5CRC0_CRYPI	Q86TH1	[[750, 762]]	[[628, 640]]	1
tr|Q5CRC0|Q5CRC0_CRYPI	Q8TE58	[[753, 765]]	[[902, 914]]	1
tr|Q5CRC0|Q5CRC0_CRYPI	Q8TE60	[[864, 877]]	[[1058, 1071]]	1
tr|Q5CRC0|Q5CRC0_CRYPI	Q8TE59	[[972, 982]]	[[642, 652]]	1
tr|Q5CRC1|Q5CRC1_CRYPI	Q8TAB3	[[287, 295]]	[[721, 729]]	1
tr|Q5CRC2|Q5CRC2_CRYPI	Q9HB20	[[1329, 1340]]	[[241, 252]]	1
tr|Q5CRC2|Q5CRC2_CRYPI	Q9UIQ6	[[1845, 1857]]	[[513, 525]]	1
tr|Q5CRC2|Q5CRC2_CRYPI	Q4G0X9	[[2242, 2252]]	[[240, 250]]	1
tr|Q5CRC2|Q5CRC2_CRYPI	P13645	[[2954, 2962]]	[[194, 202]]	1
tr|Q5CRC2|Q5CRC2_CRYPI	Q9NSV4	[[482, 493]]	[[827, 838]]	1
tr|Q5CRC2|Q5CRC2_CRYPI	O00567	[[878, 890]]	[[164, 176]]	1
tr|Q5CRC3|Q5CRC3_CRYPI	Q8IWG1	[[303, 315]]	[[470, 482]]	1
tr|Q5CRC3|Q5CRC3_CRYPI	P08473	[[451, 459]]	[[323, 331]]	1
tr|Q5CRC5|Q5CRC5_CRYPI	Q9Y6K8	[[12, 24]]	[[381, 393]]	1
tr|Q5CRC5|Q5CRC5_CRYPI	P00568	[[13, 25]]	[[14, 26]]	1
tr|Q5CRC5|Q5CRC5_CRYPI	P27144	[[154, 165]]	[[146, 157]]	1
tr|Q5CRC5|Q5CRC5_CRYPI	P54819	[[83, 97]]	[[91, 105]]	1
tr|Q5CRC5|Q5CRC5_CRYPI	Q9UIJ7	[[89, 103]]	[[88, 102]]	1
tr|Q5CRC7|Q5CRC7_CRYPI	Q9GZP9	[[144, 154]]	[[150, 160]]	1
tr|Q5CRC7|Q5CRC7_CRYPI	Q96Q80	[[166, 178]]	[[172, 184]]	1
tr|Q5CRC9|Q5CRC9_CRYPI	P21359	[[337, 349]]	[[2056, 2068]]	1
tr|Q5CRD0|Q5CRD0_CRYPI	Q6BEB4	[[1009, 1020]]	[[194, 205]]	1
tr|Q5CRD0|Q5CRD0_CRYPI	Q9Y2P5	[[1170, 1179]]	[[245, 254]]	1
tr|Q5CRD0|Q5CRD0_CRYPI	Q13243	[[1229, 1241]]	[[215, 227]]	1
tr|Q5CRD0|Q5CRD0_CRYPI	O75494	[[1230, 1242]]	[[242, 254]]	1
tr|Q5CRD0|Q5CRD0_CRYPI	Q6B0B8	[[1235, 1247]]	[[88, 100]]	1
tr|Q5CRD0|Q5CRD0_CRYPI	O94880	[[1418, 1429]]	[[403, 414]]	1
tr|Q5CRD0|Q5CRD0_CRYPI	O15054	[[1991, 2003]]	[[748, 760]]	1
tr|Q5CRD0|Q5CRD0_CRYPI	Q9HCJ0	[[1994, 2004]]	[[968, 978]]	1
tr|Q5CRD0|Q5CRD0_CRYPI	Q9BY67	[[1995, 2005]]	[[344, 354]]	1
tr|Q5CRD0|Q5CRD0_CRYPI	Q12830	[[1998, 2010]]	[[1751, 1763]]	1
tr|Q5CRD0|Q5CRD0_CRYPI	Q9ULD4	[[921, 933]]	[[283, 295]]	1
tr|Q5CRD1|Q5CRD1_CRYPI	Q8TE73	[[139, 150]]	[[3386, 3397]]	1
tr|Q5CRD2|Q5CRD2_CRYPI	Q96FF9	[[114, 126]]	[[215, 227]]	1
tr|Q5CRD5|Q5CRD5_CRYPI	Q0D2I5	[[179, 188]]	[[178, 187]]	1
tr|Q5CRD7|Q5CRD7_CRYPI	O60281	[[110, 121]]	[[1832, 1843]]	1
tr|Q5CRD7|Q5CRD7_CRYPI	Q86SE5	[[364, 375]]	[[201, 212]]	1
tr|Q5CRD8|Q5CRD8_CRYPI	Q96GR2	[[249, 260]]	[[280, 291]]	1
tr|Q5CRD8|Q5CRD8_CRYPI	Q9UKU0	[[250, 264]]	[[275, 289]]	1
tr|Q5CRD8|Q5CRD8_CRYPI	Q9ULC5	[[641, 652], [293, 310]]	[[646, 657], [301, 318]]	2
tr|Q5CRD9|Q5CRD9_CRYPI	Q96NW7	[[175, 186]]	[[292, 303]]	1
tr|Q5CRE0|Q5CRE0_CRYPI	P00540	[[136, 147]]	[[198, 209]]	1
tr|Q5CRE1|Q5CRE1_CRYPI	Q96A08	[[59, 74], [113, 126]]	[[35, 50], [89, 102]]	2
tr|Q5CRE2|Q5CRE2_CRYPI	Q8WWU5	[[13, 25]]	[[129, 141]]	1
tr|Q5CRE2|Q5CRE2_CRYPI	Q8TCJ2	[[1734, 1744]]	[[747, 757]]	1
tr|Q5CRE2|Q5CRE2_CRYPI	Q9Y5W5	[[420, 432]]	[[48, 60]]	1
tr|Q5CRE3|Q5CRE3_CRYPI	Q9HCS5	[[1291, 1302]]	[[495, 506]]	1
tr|Q5CRE3|Q5CRE3_CRYPI	P24386	[[19, 28]]	[[303, 312]]	1
tr|Q5CRE3|Q5CRE3_CRYPI	Q16829	[[1884, 1896]]	[[32, 44]]	1
tr|Q5CRE3|Q5CRE3_CRYPI	P28223	[[2056, 2068]]	[[243, 255]]	1
tr|Q5CRE3|Q5CRE3_CRYPI	Q5JXM2	[[2894, 2904]]	[[347, 357]]	1
tr|Q5CRE3|Q5CRE3_CRYPI	A0AUZ9	[[3134, 3146]]	[[526, 538]]	1
tr|Q5CRE3|Q5CRE3_CRYPI	P23490	[[3170, 3179]]	[[70, 79]]	1
tr|Q5CRE3|Q5CRE3_CRYPI	P56192	[[3876, 3884]]	[[346, 354]]	1
tr|Q5CRE5|Q5CRE5_CRYPI	Q9NU22	[[2398, 2413], [1076, 1088], [1410, 1426], [2460, 2472], [1926, 1947], [1506, 1531], [1907, 1921], [2460, 2470], [1493, 1504], [2004, 2017], [2369, 2383], [780, 796], [1986, 2000], [1383, 1399], [782, 794], [1733, 1749], [1447, 1462]]	[[1775, 1790], [873, 885], [1105, 1121], [1818, 1830], [1465, 1486], [1200, 1225], [1446, 1460], [1146, 1156], [1188, 1199], [1530, 1543], [1746, 1760], [672, 688], [1512, 1526], [1078, 1094], [1387, 1399], [1383, 1399], [1142, 1157]]	17
tr|Q5CRE5|Q5CRE5_CRYPI	Q9P1Q0	[[142, 154]]	[[677, 689]]	1
tr|Q5CRE5|Q5CRE5_CRYPI	Q92737	[[2375, 2386]]	[[10, 21]]	1
tr|Q5CRE5|Q5CRE5_CRYPI	Q9NQ36	[[2779, 2787]]	[[213, 221]]	1
tr|Q5CRE5|Q5CRE5_CRYPI	Q9UKG4	[[359, 370]]	[[288, 299]]	1
tr|Q5CRE5|Q5CRE5_CRYPI	Q5S007	[[786, 798]]	[[1342, 1354]]	1
tr|Q5CRE6|Q5CRE6_CRYPI	P41227	[[135, 147], [18, 42]]	[[133, 145], [17, 41]]	2
tr|Q5CRE8|Q5CRE8_CRYPI	Q8N0W4	[[219, 234]]	[[196, 211]]	1
tr|Q5CRF0|Q5CRF0_CRYPI	P62081	[[115, 132]]	[[115, 132]]	1
tr|Q5CRF0|Q5CRF0_CRYPI	Q9UQQ1	[[43, 55]]	[[461, 473]]	1
tr|Q5CRF2|Q5CRF2_CRYPI	P50406	[[227, 237]]	[[114, 124]]	1
tr|Q5CRF2|Q5CRF2_CRYPI	Q8WX94	[[237, 247]]	[[633, 643]]	1
tr|Q5CRF2|Q5CRF2_CRYPI	Q9UJ55	[[416, 425]]	[[1113, 1122]]	1
tr|Q5CRF3|Q5CRF3_CRYPI	Q5JTH9	[[158, 169]]	[[1079, 1090]]	1
tr|Q5CRF3|Q5CRF3_CRYPI	Q96L91	[[59, 72]]	[[421, 434]]	1
tr|Q5CRF3|Q5CRF3_CRYPI	Q13387	[[63, 74]]	[[91, 102]]	1
tr|Q5CRF3|Q5CRF3_CRYPI	Q14028	[[64, 76]]	[[354, 366]]	1
tr|Q5CRF3|Q5CRF3_CRYPI	Q8WYB5	[[68, 82]]	[[1069, 1093]]	1
tr|Q5CRF3|Q5CRF3_CRYPI	P98175	[[72, 84]]	[[114, 126]]	1
tr|Q5CRF3|Q5CRF3_CRYPI	Q8IZL8	[[74, 86]]	[[946, 958]]	1
tr|Q5CRF3|Q5CRF3_CRYPI	Q9H7P9	[[75, 87]]	[[592, 604]]	1
tr|Q5CRF3|Q5CRF3_CRYPI	Q9P1Z9	[[76, 86]]	[[773, 783]]	1
tr|Q5CRF4|Q5CRF4_CRYPI	Q9Y6K9	[[66, 77]]	[[352, 363]]	1
tr|Q5CRF5|Q5CRF5_CRYPI	O75643	[[920, 938], [660, 672], [763, 775], [946, 957], [543, 557], [12, 22], [1075, 1088]]	[[875, 893], [610, 622], [719, 731], [901, 912], [496, 510], [12, 22], [1006, 1019]]	7
tr|Q5CRF5|Q5CRF5_CRYPI	Q4FZB7	[[228, 238]]	[[834, 844]]	1
tr|Q5CRF5|Q5CRF5_CRYPI	Q8N3C0	[[637, 651], [586, 598], [693, 706], [841, 859], [546, 562]]	[[581, 595], [530, 542], [645, 658], [793, 811], [495, 511]]	5
tr|Q5CRF5|Q5CRF5_CRYPI	Q8TAM1	[[996, 1007]]	[[470, 481]]	1
tr|Q5CRF6|Q5CRF6_CRYPI	Q9NPG3	[[273, 285]]	[[252, 264]]	1
tr|Q5CRF6|Q5CRF6_CRYPI	Q0ZGT2	[[275, 286]]	[[459, 470]]	1
tr|Q5CRF6|Q5CRF6_CRYPI	Q63HK5	[[333, 343]]	[[1040, 1050]]	1
tr|Q5CRF6|Q5CRF6_CRYPI	Q9HC78	[[335, 347]]	[[579, 591]]	1
tr|Q5CRF6|Q5CRF6_CRYPI	Q8NEF3	[[427, 439]]	[[260, 272]]	1
tr|Q5CRF6|Q5CRF6_CRYPI	Q5QJE6	[[455, 466]]	[[515, 526]]	1
tr|Q5CRF6|Q5CRF6_CRYPI	Q9NQV6	[[456, 468]]	[[130, 142]]	1
tr|Q5CRF6|Q5CRF6_CRYPI	P26583	[[460, 472]]	[[193, 205]]	1
tr|Q5CRF6|Q5CRF6_CRYPI	P17480	[[462, 472]]	[[686, 696]]	1
tr|Q5CRF6|Q5CRF6_CRYPI	Q9Y3X0	[[465, 476]]	[[428, 439]]	1
tr|Q5CRF6|Q5CRF6_CRYPI	Q8IXB1	[[48, 60]]	[[49, 61]]	1
tr|Q5CRF6|Q5CRF6_CRYPI	O75190	[[52, 65]]	[[21, 34]]	1
tr|Q5CRF6|Q5CRF6_CRYPI	Q8WW22	[[78, 90]]	[[46, 58]]	1
tr|Q5CRF6|Q5CRF6_CRYPI	P25685	[[79, 90]]	[[47, 58]]	1
tr|Q5CRF6|Q5CRF6_CRYPI	Q5F1R6	[[81, 96]]	[[50, 65]]	1
tr|Q5CRF7|Q5CRF7_CRYPI	Q6TGC4	[[126, 137]]	[[487, 498]]	1
tr|Q5CRF8|Q5CRF8_CRYPI	Q9NWB6	[[1031, 1042]]	[[242, 253]]	1
tr|Q5CRF8|Q5CRF8_CRYPI	P23588	[[1036, 1046]]	[[380, 390]]	1
tr|Q5CRF8|Q5CRF8_CRYPI	Q3KRA6	[[714, 724]]	[[74, 84]]	1
tr|Q5CRF9|Q5CRF9_CRYPI	Q9H313	[[348, 356]]	[[20, 28]]	1
tr|Q5CRF9|Q5CRF9_CRYPI	Q92575	[[420, 430]]	[[52, 62]]	1
tr|Q5CRF9|Q5CRF9_CRYPI	P05141	[[94, 105]]	[[160, 171]]	1
tr|Q5CRG0|Q5CRG0_CRYPI	Q8NI37	[[350, 359]]	[[285, 294]]	1
tr|Q5CRG1|Q5CRG1_CRYPI	Q92973	[[275, 283]]	[[51, 59]]	1
tr|Q5CRG2|Q5CRG2_CRYPI	Q92989	[[147, 156]]	[[62, 71]]	1
tr|Q5CRG5|Q5CRG5_CRYPI	Q9ULJ6	[[306, 316]]	[[184, 194]]	1
tr|Q5CRG5|Q5CRG5_CRYPI	Q08170	[[535, 544], [408, 419]]	[[295, 304], [217, 228]]	2
tr|Q5CRG5|Q5CRG5_CRYPI	Q8IWX8	[[533, 545], [569, 584]]	[[770, 782], [772, 787]]	2
tr|Q5CRG5|Q5CRG5_CRYPI	Q13247	[[535, 546]]	[[219, 230]]	1
tr|Q5CRG5|Q5CRG5_CRYPI	Q13595	[[558, 568]]	[[268, 278]]	1
tr|Q5CRG5|Q5CRG5_CRYPI	Q9Y2W1	[[559, 578]]	[[19, 32]]	1
tr|Q5CRG5|Q5CRG5_CRYPI	Q07955	[[562, 574]]	[[215, 227]]	1
tr|Q5CRG5|Q5CRG5_CRYPI	P30414	[[576, 597]]	[[538, 557]]	1
tr|Q5CRG5|Q5CRG5_CRYPI	Q8IYB3	[[581, 593]]	[[275, 287]]	1
tr|Q5CRG5|Q5CRG5_CRYPI	O75494	[[587, 599]]	[[174, 186]]	1
tr|Q5CRG6|Q5CRG6_CRYPI	Q3B7T3	[[1058, 1070]]	[[73, 85]]	1
tr|Q5CRG6|Q5CRG6_CRYPI	Q99946	[[1061, 1069]]	[[41, 49]]	1
tr|Q5CRG6|Q5CRG6_CRYPI	O00193	[[1243, 1252]]	[[117, 126]]	1
tr|Q5CRG6|Q5CRG6_CRYPI	Q13191	[[1337, 1349]]	[[842, 854]]	1
tr|Q5CRG6|Q5CRG6_CRYPI	O43379	[[297, 309]]	[[46, 58]]	1
tr|Q5CRG6|Q5CRG6_CRYPI	Q9UPW8	[[481, 493]]	[[430, 442]]	1
tr|Q5CRG6|Q5CRG6_CRYPI	P46976	[[951, 962]]	[[184, 195]]	1
tr|Q5CRG7|Q5CRG7_CRYPI	P49790	[[1569, 1580]]	[[891, 902]]	1
tr|Q5CRG7|Q5CRG7_CRYPI	Q03164	[[1574, 1586]]	[[81, 93]]	1
tr|Q5CRG7|Q5CRG7_CRYPI	P17342	[[1753, 1765]]	[[27, 39]]	1
tr|Q5CRG7|Q5CRG7_CRYPI	Q8NFJ8	[[1755, 1764]]	[[91, 100]]	1
tr|Q5CRG7|Q5CRG7_CRYPI	Q5TEA3	[[396, 406]]	[[1153, 1163]]	1
tr|Q5CRG9|Q5CRG9_CRYPI	Q96QS3	[[120, 131]]	[[315, 326]]	1
tr|Q5CRG9|Q5CRG9_CRYPI	Q9HC62	[[407, 423], [251, 262]]	[[540, 556], [408, 419]]	2
tr|Q5CRG9|Q5CRG9_CRYPI	Q9P0U3	[[252, 265]]	[[464, 477]]	1
tr|Q5CRG9|Q5CRG9_CRYPI	Q9GZR1	[[405, 416]]	[[1020, 1031]]	1
tr|Q5CRG9|Q5CRG9_CRYPI	Q96HI0	[[406, 418]]	[[704, 716]]	1
tr|Q5CRH1|Q5CRH1_CRYPI	Q8NB90	[[325, 335], [288, 300]]	[[422, 432], [385, 397]]	2
tr|Q5CRH1|Q5CRH1_CRYPI	P55072	[[289, 301]]	[[237, 249]]	1
tr|Q5CRH1|Q5CRH1_CRYPI	O75351	[[290, 302]]	[[167, 179]]	1
tr|Q5CRH1|Q5CRH1_CRYPI	Q6PIW4	[[292, 304]]	[[436, 448]]	1
tr|Q5CRH1|Q5CRH1_CRYPI	Q9BW62	[[296, 308]]	[[247, 259]]	1
tr|Q5CRH1|Q5CRH1_CRYPI	Q9BVQ7	[[394, 405]]	[[337, 348]]	1
tr|Q5CRH3|Q5CRH3_CRYPI	Q96RR1	[[16, 28]]	[[411, 423]]	1
tr|Q5CRH3|Q5CRH3_CRYPI	Q5S007	[[19, 30]]	[[1340, 1351]]	1
tr|Q5CRH4|Q5CRH4_CRYPI	Q8IUG5	[[38, 48]]	[[71, 81]]	1
tr|Q5CRH6|Q5CRH6_CRYPI	Q8TF50	[[489, 501]]	[[240, 252]]	1
tr|Q5CRH8|Q5CRH8_CRYPI	Q9BVA6	[[1118, 1128]]	[[189, 199]]	1
tr|Q5CRH8|Q5CRH8_CRYPI	Q06190	[[236, 247]]	[[267, 278]]	1
tr|Q5CRH8|Q5CRH8_CRYPI	Q9C0B1	[[935, 945]]	[[279, 289]]	1
tr|Q5CRI0|Q5CRI0_CRYPI	Q96AJ1	[[289, 299]]	[[375, 385]]	1
tr|Q5CRI0|Q5CRI0_CRYPI	A1YPR0	[[289, 301]]	[[141, 153]]	1
tr|Q5CRI0|Q5CRI0_CRYPI	O95751	[[291, 303]]	[[132, 144]]	1
tr|Q5CRI0|Q5CRI0_CRYPI	O00566	[[292, 304]]	[[309, 321]]	1
tr|Q5CRI3|Q5CRI3_CRYPI	Q96GQ7	[[51, 59]]	[[570, 578]]	1
tr|Q5CRI5|Q5CRI5_CRYPI	Q92765	[[267, 276]]	[[166, 175]]	1
tr|Q5CRI7|Q5CRI7_CRYPI	P51398	[[464, 472]]	[[356, 364]]	1
tr|Q5CRI7|Q5CRI7_CRYPI	A6NMK8	[[641, 651]]	[[364, 374]]	1
tr|Q5CRJ0|Q5CRJ0_CRYPI	Q9Y673	[[256, 267], [273, 287], [181, 192]]	[[232, 243], [249, 263], [158, 169]]	3
tr|Q5CRJ0|Q5CRJ0_CRYPI	Q9UL42	[[3, 13]]	[[84, 94]]	1
tr|Q5CRJ2|Q5CRJ2_CRYPI	Q6ZMW2	[[36, 46]]	[[240, 250]]	1
tr|Q5CRJ3|Q5CRJ3_CRYPI	P40692	[[92, 106], [119, 131]]	[[96, 110], [123, 135]]	2
tr|Q5CRJ3|Q5CRJ3_CRYPI	O15405	[[556, 568]]	[[307, 319]]	1
tr|Q5CRJ3|Q5CRJ3_CRYPI	P54278	[[91, 102]]	[[102, 113]]	1
tr|Q5CRJ4|Q5CRJ4_CRYPI	P62987	[[168, 191], [16, 39], [92, 115]]	[[4, 27], [4, 27], [4, 27]]	3
tr|Q5CRJ6|Q5CRJ6_CRYPI	Q6UQ28	[[113, 124]]	[[189, 200]]	1
tr|Q5CRJ6|Q5CRJ6_CRYPI	Q9BSN7	[[693, 702]]	[[169, 178]]	1
tr|Q5CRJ8|Q5CRJ8_CRYPI	Q00535	[[1, 17], [28, 38]]	[[0, 16], [28, 38]]	2
tr|Q5CRJ8|Q5CRJ8_CRYPI	Q00526	[[11, 24], [185, 197]]	[[10, 23], [186, 198]]	2
tr|Q5CRJ8|Q5CRJ8_CRYPI	O94921	[[121, 133]]	[[251, 263]]	1
tr|Q5CRJ8|Q5CRJ8_CRYPI	Q00536	[[75, 88], [123, 135]]	[[235, 248], [283, 295]]	2
tr|Q5CRJ8|Q5CRJ8_CRYPI	P24941	[[59, 73], [125, 145]]	[[59, 73], [126, 146]]	2
tr|Q5CRJ8|Q5CRJ8_CRYPI	Q16659	[[188, 199]]	[[218, 229]]	1
tr|Q5CRJ8|Q5CRJ8_CRYPI	Q8IZL9	[[216, 227]]	[[218, 229]]	1
tr|Q5CRJ8|Q5CRJ8_CRYPI	Q9UBE8	[[265, 281]]	[[406, 422]]	1
tr|Q5CRJ8|Q5CRJ8_CRYPI	P06493	[[279, 293]]	[[280, 294]]	1
tr|Q5CRJ8|Q5CRJ8_CRYPI	Q07002	[[69, 81]]	[[208, 220]]	1
tr|Q5CRJ9|Q5CRJ9_CRYPI	Q9Y4F4	[[232, 243]]	[[380, 391]]	1
tr|Q5CRJ9|Q5CRJ9_CRYPI	P61601	[[250, 261]]	[[149, 160]]	1
tr|Q5CRJ9|Q5CRJ9_CRYPI	O14910	[[640, 651]]	[[212, 223]]	1
tr|Q5CRJ9|Q5CRJ9_CRYPI	Q14CN4	[[767, 779]]	[[454, 466]]	1
tr|Q5CRK0|Q5CRK0_CRYPI	Q9BWQ6	[[166, 175]]	[[117, 126]]	1
tr|Q5CRK1|Q5CRK1_CRYPI	O00487	[[434, 444]]	[[161, 171]]	1
tr|Q5CRK2|Q5CRK2_CRYPI	Q96FX7	[[245, 257], [300, 311]]	[[205, 217], [275, 286]]	2
tr|Q5CRK3|Q5CRK3_CRYPI	P20700	[[143, 154]]	[[547, 558]]	1
tr|Q5CRK3|Q5CRK3_CRYPI	Q96C24	[[146, 156]]	[[303, 313]]	1
tr|Q5CRK3|Q5CRK3_CRYPI	Q6ZV50	[[146, 157]]	[[443, 454]]	1
tr|Q5CRK3|Q5CRK3_CRYPI	Q70CQ2	[[147, 156]]	[[2492, 2501]]	1
tr|Q5CRK3|Q5CRK3_CRYPI	Q7Z3T8	[[432, 443]]	[[701, 712]]	1
tr|Q5CRK3|Q5CRK3_CRYPI	Q9ULM3	[[568, 580]]	[[809, 821]]	1
tr|Q5CRK3|Q5CRK3_CRYPI	Q02388	[[610, 633], [653, 670]]	[[2057, 2071], [2057, 2071]]	2
tr|Q5CRK3|Q5CRK3_CRYPI	Q16630	[[698, 709]]	[[528, 539]]	1
tr|Q5CRK3|Q5CRK3_CRYPI	Q9H4G0	[[700, 710]]	[[526, 536]]	1
tr|Q5CRK4|Q5CRK4_CRYPI	P48146	[[754, 763]]	[[128, 137]]	1
tr|Q5CRK5|Q5CRK5_CRYPI	Q96G46	[[505, 517], [625, 636], [571, 604], [678, 691]]	[[470, 482], [570, 581], [516, 549], [621, 634]]	4
tr|Q5CRK6|Q5CRK6_CRYPI	Q8IWJ2	[[141, 153]]	[[1582, 1594]]	1
tr|Q5CRK6|Q5CRK6_CRYPI	Q99471	[[90, 103]]	[[77, 90]]	1
tr|Q5CRK7|Q5CRK7_CRYPI	Q9H329	[[1133, 1144]]	[[697, 708]]	1
tr|Q5CRK8|Q5CRK8_CRYPI	Q9BWT7	[[374, 385]]	[[261, 272]]	1
tr|Q5CRK9|Q5CRK9_CRYPI	Q0VFZ6	[[112, 124]]	[[191, 203]]	1
tr|Q5CRL1|Q5CRL1_CRYPI	Q15075	[[319, 331]]	[[727, 739]]	1
tr|Q5CRL2|Q5CRL2_CRYPI	Q9UKU6	[[102, 114]]	[[22, 34]]	1
tr|Q5CRL4|Q5CRL4_CRYPI	Q53GS9	[[11, 31]]	[[104, 124]]	1
tr|Q5CRL4|Q5CRL4_CRYPI	P06276	[[478, 490]]	[[296, 308]]	1
tr|Q5CRL5|Q5CRL5_CRYPI	Q96HU1	[[303, 311]]	[[500, 508]]	1
tr|Q5CRL5|Q5CRL5_CRYPI	Q7Z5D8	[[491, 503]]	[[83, 95]]	1
tr|Q5CRL6|Q5CRL6_CRYPI	P42025	[[12, 30], [119, 149], [103, 114], [273, 286], [151, 177]]	[[9, 27], [118, 148], [102, 113], [254, 267], [150, 176]]	5
tr|Q5CRL6|Q5CRL6_CRYPI	P61163	[[48, 64], [108, 130], [341, 351]]	[[45, 61], [107, 129], [322, 332]]	3
tr|Q5CRL6|Q5CRL6_CRYPI	Q8TDY3	[[115, 128]]	[[113, 126]]	1
tr|Q5CRL6|Q5CRL6_CRYPI	Q9H9F9	[[275, 288]]	[[449, 462]]	1
tr|Q5CRL6|Q5CRL6_CRYPI	P61160	[[315, 329]]	[[299, 313]]	1
tr|Q5CRL6|Q5CRL6_CRYPI	Q562R1	[[320, 332]]	[[301, 313]]	1
tr|Q5CRL6|Q5CRL6_CRYPI	Q9ULT8	[[332, 343]]	[[329, 340]]	1
tr|Q5CRL6|Q5CRL6_CRYPI	O94805	[[358, 369]]	[[389, 400]]	1
tr|Q5CRL7|Q5CRL7_CRYPI	Q9NQI0	[[107, 118]]	[[528, 539]]	1
tr|Q5CRL7|Q5CRL7_CRYPI	Q99623	[[125, 146], [70, 81], [86, 97]]	[[132, 153], [77, 88], [93, 104]]	3
tr|Q5CRL7|Q5CRL7_CRYPI	P35232	[[57, 68]]	[[50, 61]]	1
tr|Q5CRL8|Q5CRL8_CRYPI	Q96ST3	[[424, 440]]	[[604, 620]]	1
tr|Q5CRL8|Q5CRL8_CRYPI	O75182	[[431, 444]]	[[486, 499]]	1
tr|Q5CRM0|Q5CRM0_CRYPI	Q16385	[[142, 150]]	[[107, 115]]	1
tr|Q5CRM2|Q5CRM2_CRYPI	Q8NI77	[[145, 155]]	[[493, 503]]	1
tr|Q5CRM2|Q5CRM2_CRYPI	Q6Y7W6	[[156, 169]]	[[824, 837]]	1
tr|Q5CRM2|Q5CRM2_CRYPI	Q9H4A3	[[159, 169]]	[[575, 585]]	1
tr|Q5CRM2|Q5CRM2_CRYPI	Q8WWI1	[[161, 173]]	[[1227, 1239]]	1
tr|Q5CRM2|Q5CRM2_CRYPI	A0A024R1R8	[[172, 184]]	[[15, 27]]	1
tr|Q5CRM2|Q5CRM2_CRYPI	Q6WKZ4	[[80, 92]]	[[798, 810]]	1
tr|Q5CRM2|Q5CRM2_CRYPI	P31269	[[96, 105]]	[[257, 266]]	1
tr|Q5CRM3|Q5CRM3_CRYPI	Q9NZW4	[[164, 175]]	[[921, 932]]	1
tr|Q5CRM3|Q5CRM3_CRYPI	Q9UHN6	[[319, 330]]	[[1105, 1116]]	1
tr|Q5CRM3|Q5CRM3_CRYPI	Q14568	[[640, 652]]	[[237, 249]]	1
tr|Q5CRM3|Q5CRM3_CRYPI	P21817	[[874, 884]]	[[1902, 1912]]	1
tr|Q5CRM4|Q5CRM4_CRYPI	Q9H3H5	[[244, 261], [318, 343], [224, 240], [156, 174], [352, 371]]	[[195, 212], [261, 286], [175, 191], [107, 125], [295, 314]]	5
tr|Q5CRM4|Q5CRM4_CRYPI	P48048	[[165, 175]]	[[71, 81]]	1
tr|Q5CRM4|Q5CRM4_CRYPI	Q8TCP9	[[280, 289]]	[[512, 521]]	1
tr|Q5CRM4|Q5CRM4_CRYPI	P0CF97	[[281, 293]]	[[598, 610]]	1
tr|Q5CRM5|Q5CRM5_CRYPI	Q8WVD3	[[234, 246]]	[[129, 141]]	1
tr|Q5CRM5|Q5CRM5_CRYPI	P30291	[[256, 268]]	[[31, 43]]	1
tr|Q5CRM5|Q5CRM5_CRYPI	Q96P70	[[258, 269]]	[[951, 962]]	1
tr|Q5CRM5|Q5CRM5_CRYPI	Q7Z4S6	[[259, 271]]	[[608, 620]]	1
tr|Q5CRM5|Q5CRM5_CRYPI	Q9UER7	[[310, 322]]	[[446, 458]]	1
tr|Q5CRM5|Q5CRM5_CRYPI	Q5VXU3	[[311, 323]]	[[58, 70]]	1
tr|Q5CRM6|Q5CRM6_CRYPI	P62314	[[70, 85], [11, 21]]	[[59, 74], [0, 10]]	2
tr|Q5CRM7|Q5CRM7_CRYPI	P62277	[[41, 63], [137, 153], [113, 133], [73, 106]]	[[38, 60], [134, 150], [110, 130], [70, 103]]	4
tr|Q5CRM8|Q5CRM8_CRYPI	A0AV96	[[131, 141]]	[[106, 116]]	1
tr|Q5CRM8|Q5CRM8_CRYPI	Q9NQ94	[[132, 143]]	[[92, 103]]	1
tr|Q5CRM8|Q5CRM8_CRYPI	Q96E39	[[133, 143]]	[[46, 56]]	1
tr|Q5CRM8|Q5CRM8_CRYPI	Q86U06	[[224, 236]]	[[303, 315]]	1
tr|Q5CRM8|Q5CRM8_CRYPI	Q17RB0	[[451, 461]]	[[51, 61]]	1
tr|Q5CRM8|Q5CRM8_CRYPI	Q09666	[[481, 490]]	[[2443, 2452]]	1
tr|Q5CRM9|Q5CRM9_CRYPI	Q9Y2C4	[[142, 154]]	[[133, 145]]	1
tr|Q5CRM9|Q5CRM9_CRYPI	Q14249	[[198, 210]]	[[189, 201]]	1
tr|Q5CRN0|Q5CRN0_CRYPI	Q9BWQ8	[[1026, 1038], [890, 902], [929, 941], [1186, 1198], [993, 1005], [867, 879], [1110, 1122], [1163, 1175]]	[[24, 36], [24, 36], [24, 36], [24, 36], [24, 36], [24, 36], [24, 36], [24, 36]]	8
tr|Q5CRN0|Q5CRN0_CRYPI	Q8TD94	[[869, 880], [995, 1006], [1165, 1176], [1028, 1039]]	[[145, 156], [145, 156], [145, 156], [145, 156]]	4
tr|Q5CRN0|Q5CRN0_CRYPI	Q9UJ55	[[996, 1006], [1166, 1176], [1029, 1039], [870, 880]]	[[538, 548], [538, 548], [538, 548], [538, 548]]	4
tr|Q5CRN0|Q5CRN0_CRYPI	A6NJT0	[[1200, 1212], [1189, 1199], [956, 968], [1284, 1296], [721, 733], [756, 768], [526, 538], [513, 525], [610, 622], [648, 660], [743, 755], [943, 955], [661, 673], [696, 708], [674, 686], [491, 503]]	[[406, 418], [411, 421], [406, 418], [406, 418], [406, 418], [406, 418], [406, 418], [406, 418], [406, 418], [406, 418], [406, 418], [406, 418], [406, 418], [406, 418], [406, 418], [406, 418]]	16
tr|Q5CRN0|Q5CRN0_CRYPI	Q96KE9	[[947, 959], [747, 759], [1204, 1216], [725, 737], [700, 712], [495, 507], [1288, 1300], [678, 690], [517, 529], [614, 626], [630, 642], [665, 677], [760, 772], [960, 972], [652, 664], [530, 542]]	[[44, 56], [44, 56], [44, 56], [44, 56], [44, 56], [44, 56], [44, 56], [44, 56], [44, 56], [44, 56], [44, 56], [44, 56], [44, 56], [44, 56], [44, 56], [44, 56]]	16
tr|Q5CRN0|Q5CRN0_CRYPI	P62750	[[1382, 1394]]	[[1, 13]]	1
tr|Q5CRN0|Q5CRN0_CRYPI	Q5CZC0	[[448, 460]]	[[871, 883]]	1
tr|Q5CRN0|Q5CRN0_CRYPI	Q04726	[[808, 818], [577, 587]]	[[278, 288], [278, 288]]	2
tr|Q5CRN0|Q5CRN0_CRYPI	P49711	[[910, 921], [582, 593]]	[[639, 650], [639, 650]]	2
tr|Q5CRN0|Q5CRN0_CRYPI	O75056	[[908, 918]]	[[185, 195]]	1
tr|Q5CRN2|Q5CRN2_CRYPI	Q8N6Y1	[[332, 341]]	[[586, 595]]	1
tr|Q5CRN4|Q5CRN4_CRYPI	P83916	[[1034, 1043]]	[[50, 59]]	1
tr|Q5CRN4|Q5CRN4_CRYPI	Q5XXA6	[[342, 354]]	[[262, 274]]	1
tr|Q5CRN5|Q5CRN5_CRYPI	Q8IYL3	[[177, 186]]	[[230, 239]]	1
tr|Q5CRN5|Q5CRN5_CRYPI	Q9BXN1	[[178, 188]]	[[42, 52]]	1
tr|Q5CRN5|Q5CRN5_CRYPI	P23327	[[178, 189]]	[[251, 262]]	1
tr|Q5CRN5|Q5CRN5_CRYPI	Q9UJ78	[[181, 191]]	[[52, 62]]	1
tr|Q5CRN6|Q5CRN6_CRYPI	P52655	[[160, 169]]	[[284, 293]]	1
tr|Q5CRN6|Q5CRN6_CRYPI	P60002	[[64, 77]]	[[65, 78]]	1
tr|Q5CRN8|Q5CRN8_CRYPI	Q6S9Z5	[[486, 497]]	[[164, 175]]	1
tr|Q5CRN8|Q5CRN8_CRYPI	Q8WYB5	[[489, 501]]	[[287, 299]]	1
tr|Q5CRN8|Q5CRN8_CRYPI	Q5JWR5	[[689, 700]]	[[1526, 1537]]	1
tr|Q5CRN9|Q5CRN9_CRYPI	Q8IY21	[[1656, 1667], [1630, 1645], [1205, 1217], [1099, 1110], [1172, 1187]]	[[1318, 1329], [1292, 1307], [911, 923], [809, 820], [878, 893]]	5
tr|Q5CRN9|Q5CRN9_CRYPI	Q15477	[[1179, 1190]]	[[419, 430]]	1
tr|Q5CRN9|Q5CRN9_CRYPI	Q9BPW8	[[1376, 1388]]	[[62, 74]]	1
tr|Q5CRN9|Q5CRN9_CRYPI	P42285	[[1594, 1606]]	[[447, 459]]	1
tr|Q5CRN9|Q5CRN9_CRYPI	Q69YN4	[[1792, 1803]]	[[721, 732]]	1
tr|Q5CRN9|Q5CRN9_CRYPI	Q07889	[[2099, 2109]]	[[851, 861]]	1
tr|Q5CRN9|Q5CRN9_CRYPI	Q6Y7W6	[[709, 720]]	[[957, 968]]	1
tr|Q5CRP0|Q5CRP0_CRYPI	Q8N3X1	[[518, 528]]	[[54, 64]]	1
tr|Q5CRP3|Q5CRP3_CRYPI	Q6UXB8	[[191, 202]]	[[181, 192]]	1
tr|Q5CRP4|Q5CRP4_CRYPI	Q15645	[[126, 137]]	[[174, 185]]	1
tr|Q5CRP4|Q5CRP4_CRYPI	O75351	[[130, 140]]	[[173, 183]]	1
tr|Q5CRP4|Q5CRP4_CRYPI	O15381	[[481, 494], [182, 200], [287, 299], [526, 538], [545, 560], [455, 467]]	[[654, 667], [356, 374], [465, 477], [699, 711], [718, 733], [628, 640]]	6
tr|Q5CRP4|Q5CRP4_CRYPI	A6NMB9	[[225, 235]]	[[528, 538]]	1
tr|Q5CRP4|Q5CRP4_CRYPI	Q9BVQ7	[[225, 236]]	[[337, 348]]	1
tr|Q5CRP4|Q5CRP4_CRYPI	Q8NB90	[[559, 577], [441, 453], [472, 491]]	[[780, 798], [660, 672], [691, 710]]	3
tr|Q5CRP4|Q5CRP4_CRYPI	Q8NBU5	[[443, 455]]	[[127, 139]]	1
tr|Q5CRP4|Q5CRP4_CRYPI	P46459	[[445, 457]]	[[256, 268]]	1
tr|Q5CRP4|Q5CRP4_CRYPI	P55072	[[450, 463]]	[[519, 532]]	1
tr|Q5CRP4|Q5CRP4_CRYPI	Q13608	[[492, 513]]	[[787, 808]]	1
tr|Q5CRP4|Q5CRP4_CRYPI	O43933	[[522, 537]]	[[954, 969]]	1
tr|Q5CRP5|Q5CRP5_CRYPI	Q9BRS2	[[167, 180], [648, 659], [133, 163], [80, 94], [294, 314]]	[[237, 250], [547, 558], [204, 234], [185, 199], [337, 357]]	5
tr|Q5CRP5|Q5CRP5_CRYPI	O14730	[[200, 211]]	[[352, 363]]	1
tr|Q5CRP5|Q5CRP5_CRYPI	Q86UE4	[[651, 660]]	[[568, 577]]	1
tr|Q5CRP6|Q5CRP6_CRYPI	Q9C0B0	[[134, 146]]	[[160, 172]]	1
tr|Q5CRP6|Q5CRP6_CRYPI	A6NM62	[[193, 205]]	[[202, 214]]	1
tr|Q5CRP6|Q5CRP6_CRYPI	Q86V48	[[54, 66]]	[[205, 217]]	1
tr|Q5CRP6|Q5CRP6_CRYPI	Q9UKE5	[[684, 694]]	[[831, 841]]	1
tr|Q5CRP7|Q5CRP7_CRYPI	Q969H4	[[33, 41]]	[[423, 431]]	1
tr|Q5CRP8|Q5CRP8_CRYPI	P09104	[[352, 367], [406, 432], [381, 401], [11, 25], [189, 211], [51, 70], [172, 185]]	[[339, 354], [393, 419], [368, 388], [7, 21], [179, 201], [47, 66], [162, 175]]	7
tr|Q5CRP8|Q5CRP8_CRYPI	P06733	[[175, 190]]	[[165, 180]]	1
tr|Q5CRP8|Q5CRP8_CRYPI	P13929	[[59, 71], [187, 200]]	[[55, 67], [177, 190]]	2
tr|Q5CRQ0|Q5CRQ0_CRYPI	Q9H7U1	[[1469, 1479]]	[[85, 95]]	1
tr|Q5CRQ0|Q5CRQ0_CRYPI	Q5CZC0	[[1985, 1996]]	[[2518, 2529]]	1
tr|Q5CRQ0|Q5CRQ0_CRYPI	Q8IUC6	[[2052, 2061]]	[[356, 365]]	1
tr|Q5CRQ0|Q5CRQ0_CRYPI	O60346	[[2051, 2063]]	[[458, 470]]	1
tr|Q5CRQ0|Q5CRQ0_CRYPI	Q8N3X1	[[2052, 2064]]	[[719, 731]]	1
tr|Q5CRQ0|Q5CRQ0_CRYPI	Q7Z7K6	[[2055, 2064]]	[[90, 99]]	1
tr|Q5CRQ0|Q5CRQ0_CRYPI	Q6NT89	[[2058, 2068]]	[[34, 44]]	1
tr|Q5CRQ0|Q5CRQ0_CRYPI	A7XYQ1	[[2101, 2109]]	[[742, 750]]	1
tr|Q5CRQ0|Q5CRQ0_CRYPI	P58335	[[2104, 2116]]	[[351, 363]]	1
tr|Q5CRQ0|Q5CRQ0_CRYPI	Q96T58	[[2105, 2116]]	[[2431, 2442]]	1
tr|Q5CRQ0|Q5CRQ0_CRYPI	Q02817	[[2305, 2317], [2253, 2265], [2201, 2213], [2375, 2387]]	[[1403, 1415], [1403, 1415], [1403, 1415], [1403, 1415]]	4
tr|Q5CRQ0|Q5CRQ0_CRYPI	Q9H7P9	[[2280, 2290], [2228, 2238]]	[[1316, 1326], [1316, 1326]]	2
tr|Q5CRQ0|Q5CRQ0_CRYPI	P10515	[[2308, 2320]]	[[191, 203]]	1
tr|Q5CRQ0|Q5CRQ0_CRYPI	Q9C0A1	[[2310, 2322]]	[[2406, 2418]]	1
tr|Q5CRQ0|Q5CRQ0_CRYPI	Q09472	[[2347, 2355]]	[[1869, 1877]]	1
tr|Q5CRQ0|Q5CRQ0_CRYPI	Q8WV24	[[2347, 2358]]	[[305, 316]]	1
tr|Q5CRQ0|Q5CRQ0_CRYPI	Q86UP3	[[2349, 2360]]	[[2397, 2408]]	1
tr|Q5CRQ0|Q5CRQ0_CRYPI	Q9UPT8	[[2405, 2415]]	[[14, 24]]	1
tr|Q5CRQ0|Q5CRQ0_CRYPI	Q8N9Z2	[[2407, 2419]]	[[148, 160]]	1
tr|Q5CRQ0|Q5CRQ0_CRYPI	O43791	[[2409, 2420]]	[[4, 15]]	1
tr|Q5CRQ0|Q5CRQ0_CRYPI	Q8IV56	[[2486, 2494]]	[[40, 48]]	1
tr|Q5CRQ0|Q5CRQ0_CRYPI	Q8TF50	[[2486, 2497]]	[[427, 438]]	1
tr|Q5CRQ0|Q5CRQ0_CRYPI	O75864	[[2487, 2498]]	[[586, 597]]	1
tr|Q5CRQ0|Q5CRQ0_CRYPI	Q9BZJ7	[[2488, 2497]]	[[150, 159]]	1
tr|Q5CRQ3|Q5CRQ3_CRYPI	Q9NZH5	[[111, 120]]	[[95, 104]]	1
tr|Q5CRQ3|Q5CRQ3_CRYPI	P43243	[[297, 307]]	[[115, 125]]	1
tr|Q5CRQ4|Q5CRQ4_CRYPI	O95196	[[40, 50]]	[[134, 144]]	1
tr|Q5CRQ5|Q5CRQ5_CRYPI	P50991	[[474, 489], [211, 224], [304, 320], [412, 424], [43, 100]]	[[463, 478], [202, 215], [292, 308], [401, 413], [47, 106]]	5
tr|Q5CRQ5|Q5CRQ5_CRYPI	P49368	[[39, 51]]	[[32, 44]]	1
tr|Q5CRQ6|Q5CRQ6_CRYPI	O95202	[[95, 107]]	[[228, 240]]	1
tr|Q5CRQ7|Q5CRQ7_CRYPI	Q9Y4X5	[[336, 344]]	[[319, 327]]	1
tr|Q5CRQ7|Q5CRQ7_CRYPI	Q6S8J7	[[602, 611]]	[[398, 407]]	1
tr|Q5CRQ8|Q5CRQ8_CRYPI	Q96NW7	[[79, 89]]	[[473, 483]]	1
tr|Q5CRQ9|Q5CRQ9_CRYPI	Q9H501	[[31, 42], [198, 209]]	[[27, 38], [383, 394]]	2
tr|Q5CRR0|Q5CRR0_CRYPI	Q6U841	[[31, 40]]	[[1076, 1085]]	1
tr|Q5CRR2|Q5CRR2_CRYPI	Q562F6	[[244, 254]]	[[832, 842]]	1
tr|Q5CRR3|Q5CRR3_CRYPI	O75556	[[86, 96]]	[[36, 46]]	1
tr|Q5CRR4|Q5CRR4_CRYPI	Q9NWH9	[[1203, 1215]]	[[466, 478]]	1
tr|Q5CRR4|Q5CRR4_CRYPI	Q9ULJ8	[[1237, 1249]]	[[1052, 1064]]	1
tr|Q5CRR4|Q5CRR4_CRYPI	O60524	[[581, 603], [52, 65], [668, 704], [618, 636]]	[[524, 546], [49, 62], [610, 646], [561, 579]]	4
tr|Q5CRR4|Q5CRR4_CRYPI	O00203	[[860, 872]]	[[773, 785]]	1
tr|Q5CRR6|Q5CRR6_CRYPI	Q9BX40	[[3, 15]]	[[355, 367]]	1
tr|Q5CRR6|Q5CRR6_CRYPI	Q9NY12	[[68, 83]]	[[101, 116]]	1
tr|Q5CRR7|Q5CRR7_CRYPI	Q5TB30	[[142, 151]]	[[68, 77]]	1
tr|Q5CRR8|Q5CRR8_CRYPI	Q96M69	[[131, 142]]	[[545, 556]]	1
tr|Q5CRR9|Q5CRR9_CRYPI	Q96CB9	[[114, 127]]	[[176, 189]]	1
tr|Q5CRR9|Q5CRR9_CRYPI	Q9H649	[[203, 214]]	[[206, 217]]	1
tr|Q5CRS1|Q5CRS1_CRYPI	Q9NRF8	[[174, 186], [126, 144], [99, 112], [63, 77], [416, 429], [444, 456], [632, 645]]	[[141, 153], [96, 114], [69, 82], [33, 47], [364, 377], [392, 404], [523, 536]]	7
tr|Q5CRS1|Q5CRS1_CRYPI	P17812	[[66, 108], [133, 153], [175, 189], [625, 637], [445, 466]]	[[36, 78], [103, 123], [142, 156], [516, 528], [393, 414]]	5
tr|Q5CRS1|Q5CRS1_CRYPI	Q7Z5L9	[[415, 425]]	[[152, 162]]	1
tr|Q5CRS2|Q5CRS2_CRYPI	Q9BU70	[[122, 134]]	[[115, 127]]	1
tr|Q5CRS2|Q5CRS2_CRYPI	Q8WXS8	[[96, 106]]	[[621, 631]]	1
tr|Q5CRS3|Q5CRS3_CRYPI	Q86WV1	[[405, 413]]	[[47, 55]]	1
tr|Q5CRS4|Q5CRS4_CRYPI	Q659A1	[[378, 389]]	[[839, 850]]	1
tr|Q5CRS4|Q5CRS4_CRYPI	Q6ZRK6	[[867, 879]]	[[454, 466]]	1
tr|Q5CRS6|Q5CRS6_CRYPI	Q9UIF8	[[139, 150]]	[[1297, 1308]]	1
tr|Q5CRS6|Q5CRS6_CRYPI	Q9BXN1	[[141, 157]]	[[37, 49]]	1
tr|Q5CRS6|Q5CRS6_CRYPI	P46100	[[151, 162]]	[[1258, 1269]]	1
tr|Q5CRS6|Q5CRS6_CRYPI	Q9Y5J1	[[52, 64]]	[[395, 407]]	1
tr|Q5CRS7|Q5CRS7_CRYPI	Q9NV29	[[183, 195]]	[[53, 65]]	1
tr|Q5CRS8|Q5CRS8_CRYPI	Q8NH89	[[104, 113]]	[[232, 241]]	1
tr|Q5CRS8|Q5CRS8_CRYPI	Q9HD26	[[460, 470]]	[[53, 63]]	1
tr|Q5CRS8|Q5CRS8_CRYPI	Q13188	[[682, 694]]	[[111, 123]]	1
tr|Q5CRS8|Q5CRS8_CRYPI	Q86WI1	[[9, 19]]	[[1389, 1399]]	1
tr|Q5CRS9|Q5CRS9_CRYPI	Q9Y5H2	[[54, 64]]	[[455, 465]]	1
tr|Q5CRT1|Q5CRT1_CRYPI	Q4G0P3	[[229, 241]]	[[3149, 3161]]	1
tr|Q5CRT5|Q5CRT5_CRYPI	O60503	[[207, 218]]	[[763, 774]]	1
tr|Q5CRT5|Q5CRT5_CRYPI	Q13576	[[323, 335]]	[[428, 440]]	1
tr|Q5CRT5|Q5CRT5_CRYPI	O94868	[[365, 376]]	[[586, 597]]	1
tr|Q5CRT8|Q5CRT8_CRYPI	Q8WXH0	[[207, 219]]	[[848, 860]]	1
tr|Q5CRU0|Q5CRU0_CRYPI	P25208	[[1426, 1436]]	[[92, 102]]	1
tr|Q5CRU0|Q5CRU0_CRYPI	P08069	[[643, 654]]	[[397, 408]]	1
tr|Q5CRU0|Q5CRU0_CRYPI	P14616	[[643, 655]]	[[391, 403]]	1
tr|Q5CRU0|Q5CRU0_CRYPI	Q5TCY1	[[885, 895]]	[[133, 143]]	1
tr|Q5CRU1|Q5CRU1_CRYPI	Q13875	[[375, 387]]	[[44, 56]]	1
tr|Q5CRU2|Q5CRU2_CRYPI	P22392	[[155, 167]]	[[71, 83]]	1
tr|Q5CRU2|Q5CRU2_CRYPI	Q96RY5	[[44, 55]]	[[1153, 1164]]	1
tr|Q5CRU2|Q5CRU2_CRYPI	O14924	[[9, 17]]	[[310, 318]]	1
tr|Q5CRU3|Q5CRU3_CRYPI	O14983	[[4, 16]]	[[61, 73]]	1
tr|Q5CRU3|Q5CRU3_CRYPI	Q9ULS5	[[695, 707]]	[[307, 319]]	1
tr|Q5CRU5|Q5CRU5_CRYPI	P33992	[[367, 376]]	[[558, 567]]	1
tr|Q5CRU5|Q5CRU5_CRYPI	P23327	[[413, 422]]	[[322, 331]]	1
tr|Q5CRU5|Q5CRU5_CRYPI	Q8NGW1	[[84, 93]]	[[315, 324]]	1
tr|Q5CRU5|Q5CRU5_CRYPI	Q86U17	[[84, 95]]	[[303, 314]]	1
tr|Q5CRU7|Q5CRU7_CRYPI	A0JNW5	[[187, 198]]	[[1313, 1324]]	1
tr|Q5CRU8|Q5CRU8_CRYPI	Q7Z4R8	[[243, 255]]	[[77, 89]]	1
tr|Q5CRU8|Q5CRU8_CRYPI	Q9BQ70	[[380, 391]]	[[414, 425]]	1
tr|Q5CRU8|Q5CRU8_CRYPI	Q86UP2	[[74, 86]]	[[53, 65]]	1
tr|Q5CRV1|Q5CRV1_CRYPI	Q969P5	[[306, 318]]	[[39, 51]]	1
tr|Q5CRV3|Q5CRV3_CRYPI	Q8NGJ4	[[1888, 1899]]	[[251, 262]]	1
tr|Q5CRV3|Q5CRV3_CRYPI	Q5VT06	[[326, 336]]	[[112, 122]]	1
tr|Q5CRV3|Q5CRV3_CRYPI	Q8WWI1	[[41, 52]]	[[612, 623]]	1
tr|Q5CRV3|Q5CRV3_CRYPI	Q6GTS8	[[691, 701]]	[[480, 490]]	1
tr|Q5CRV3|Q5CRV3_CRYPI	Q9BU70	[[714, 725]]	[[84, 95]]	1
tr|Q5CRV3|Q5CRV3_CRYPI	Q9BZG8	[[911, 921]]	[[51, 61]]	1
tr|Q5CRV5|Q5CRV5_CRYPI	Q4VXU2	[[107, 117]]	[[226, 236]]	1
tr|Q5CRV5|Q5CRV5_CRYPI	Q15717	[[113, 125]]	[[286, 298]]	1
tr|Q5CRV5|Q5CRV5_CRYPI	Q9H6X5	[[187, 197]]	[[289, 299]]	1
tr|Q5CRV5|Q5CRV5_CRYPI	Q9BZC1	[[83, 95]]	[[164, 176]]	1
tr|Q5CRV6|Q5CRV6_CRYPI	O00338	[[226, 237]]	[[179, 190]]	1
tr|Q5CRV8|Q5CRV8_CRYPI	Q8NB49	[[167, 175]]	[[72, 80]]	1
tr|Q5CRV8|Q5CRV8_CRYPI	Q6ZNA5	[[169, 181]]	[[580, 592]]	1
tr|Q5CRV8|Q5CRV8_CRYPI	Q9BSA9	[[171, 181]]	[[381, 391]]	1
tr|Q5CRV8|Q5CRV8_CRYPI	O60503	[[279, 291]]	[[391, 403]]	1
tr|Q5CRV8|Q5CRV8_CRYPI	Q02108	[[280, 294]]	[[479, 493]]	1
tr|Q5CRV8|Q5CRV8_CRYPI	Q08828	[[282, 293]]	[[303, 314]]	1
tr|Q5CRV9|Q5CRV9_CRYPI	Q9H8V3	[[651, 662]]	[[530, 541]]	1
tr|Q5CRV9|Q5CRV9_CRYPI	Q03188	[[722, 732]]	[[790, 800]]	1
tr|Q5CRW1|Q5CRW1_CRYPI	Q5SYB0	[[109, 120]]	[[1379, 1390]]	1
tr|Q5CRW1|Q5CRW1_CRYPI	Q969W1	[[110, 131]]	[[163, 184]]	1
tr|Q5CRW1|Q5CRW1_CRYPI	Q9H6R6	[[112, 124], [126, 137]]	[[109, 121], [123, 134]]	2
tr|Q5CRW1|Q5CRW1_CRYPI	Q5W0Z9	[[113, 132]]	[[137, 156]]	1
tr|Q5CRW2|Q5CRW2_CRYPI	P52951	[[155, 166]]	[[253, 264]]	1
tr|Q5CRW3|Q5CRW3_CRYPI	Q9H6U6	[[589, 599]]	[[613, 623]]	1
tr|Q5CRW5|Q5CRW5_CRYPI	O15054	[[133, 145], [287, 299]]	[[750, 762], [751, 763]]	2
tr|Q5CRW5|Q5CRW5_CRYPI	Q9H195	[[226, 236]]	[[4180, 4190]]	1
tr|Q5CRW5|Q5CRW5_CRYPI	Q6WRI0	[[228, 238]]	[[1265, 1275]]	1
tr|Q5CRW6|Q5CRW6_CRYPI	O15054	[[169, 182]]	[[751, 764]]	1
tr|Q5CRW6|Q5CRW6_CRYPI	Q13233	[[76, 85]]	[[941, 950]]	1
tr|Q5CRW8|Q5CRW8_CRYPI	Q8N7X1	[[293, 304]]	[[43, 54]]	1
tr|Q5CRW8|Q5CRW8_CRYPI	Q9NW13	[[329, 340]]	[[570, 581]]	1
tr|Q5CRW8|Q5CRW8_CRYPI	Q15506	[[84, 96]]	[[60, 72]]	1
tr|Q5CRW9|Q5CRW9_CRYPI	Q9UKF6	[[10, 22]]	[[17, 29]]	1
tr|Q5CRW9|Q5CRW9_CRYPI	Q5TA45	[[8, 21], [217, 232], [251, 280], [332, 351], [173, 189], [67, 89], [191, 209], [27, 49]]	[[7, 20], [196, 211], [230, 259], [316, 335], [152, 168], [63, 85], [170, 188], [26, 48]]	8
tr|Q5CRX0|Q5CRX0_CRYPI	Q96AY4	[[137, 147]]	[[2255, 2265]]	1
tr|Q5CRX1|Q5CRX1_CRYPI	Q9Y6W5	[[91, 102]]	[[484, 495]]	1
tr|Q5CRX2|Q5CRX2_CRYPI	O95455	[[109, 122]]	[[19, 32]]	1
tr|Q5CRX2|Q5CRX2_CRYPI	Q9Y2U9	[[304, 313]]	[[68, 77]]	1
tr|Q5CRX3|Q5CRX3_CRYPI	Q9NPF5	[[179, 191]]	[[166, 178]]	1
tr|Q5CRX3|Q5CRX3_CRYPI	Q9P2T0	[[220, 231]]	[[2, 13]]	1
tr|Q5CRX3|Q5CRX3_CRYPI	O15021	[[454, 466]]	[[1273, 1285]]	1
tr|Q5CRX6|Q5CRX6_CRYPI	Q12802	[[141, 151]]	[[2728, 2738]]	1
tr|Q5CRX7|Q5CRX7_CRYPI	O75185	[[67, 76]]	[[875, 884]]	1
tr|Q5CRY2|Q5CRY2_CRYPI	Q96JG6	[[82, 94]]	[[559, 571]]	1
tr|Q5CRY3|Q5CRY3_CRYPI	Q8TF30	[[205, 216]]	[[259, 270]]	1
tr|Q5CRY4|Q5CRY4_CRYPI	Q9UQK1	[[582, 592]]	[[147, 157]]	1
tr|Q5CRY5|Q5CRY5_CRYPI	O94818	[[429, 437]]	[[405, 413]]	1
tr|Q5CRY6|Q5CRY6_CRYPI	Q86V25	[[1030, 1041]]	[[277, 288]]	1
tr|Q5CRY6|Q5CRY6_CRYPI	P22102	[[1260, 1268]]	[[60, 68]]	1
tr|Q5CRY6|Q5CRY6_CRYPI	O14908	[[130, 142]]	[[187, 199]]	1
tr|Q5CRY6|Q5CRY6_CRYPI	Q9Y4H2	[[1818, 1828]]	[[18, 28]]	1
tr|Q5CRY6|Q5CRY6_CRYPI	A8K7I4	[[469, 481]]	[[848, 860]]	1
tr|Q5CRY7|Q5CRY7_CRYPI	Q8TCU4	[[141, 152]]	[[2832, 2843]]	1
tr|Q5CRY7|Q5CRY7_CRYPI	Q8IYD8	[[43, 53]]	[[1045, 1055]]	1
tr|Q5CRY8|Q5CRY8_CRYPI	P40429	[[84, 96], [30, 51], [53, 71]]	[[83, 95], [29, 50], [52, 70]]	3
tr|Q5CRY8|Q5CRY8_CRYPI	Q6ZU69	[[86, 96]]	[[1085, 1095]]	1
tr|Q5CRY9|Q5CRY9_CRYPI	Q8N573	[[88, 100]]	[[788, 800]]	1
tr|Q5CRZ1|Q5CRZ1_CRYPI	Q71UI9	[[104, 138], [72, 84], [39, 52]]	[[87, 121], [55, 67], [22, 35]]	3
tr|Q5CRZ2|Q5CRZ2_CRYPI	O94906	[[248, 264], [296, 311]]	[[285, 301], [333, 348]]	2
tr|Q5CRZ4|Q5CRZ4_CRYPI	Q8TB37	[[343, 358], [199, 211]]	[[182, 197], [75, 87]]	2
tr|Q5CRZ4|Q5CRZ4_CRYPI	Q68BL8	[[255, 266]]	[[199, 210]]	1
tr|Q5CRZ4|Q5CRZ4_CRYPI	P53384	[[361, 372]]	[[191, 202]]	1
tr|Q5CRZ5|Q5CRZ5_CRYPI	P57789	[[794, 806]]	[[522, 534]]	1
tr|Q5CRZ6|Q5CRZ6_CRYPI	Q9BU70	[[258, 268], [183, 197], [219, 232]]	[[149, 159], [75, 89], [110, 123]]	3
tr|Q5CRZ7|Q5CRZ7_CRYPI	Q9Y620	[[40, 49]]	[[596, 605]]	1
tr|Q5CRZ8|Q5CRZ8_CRYPI	Q16864	[[97, 114]]	[[91, 108]]	1
tr|Q5CRZ9|Q5CRZ9_CRYPI	Q9ULR3	[[192, 204]]	[[432, 444]]	1
tr|Q5CS00|Q5CS00_CRYPI	Q96J02	[[201, 210]]	[[688, 697]]	1
tr|Q5CS00|Q5CS00_CRYPI	Q8TB96	[[539, 550]]	[[335, 346]]	1
tr|Q5CS01|Q5CS01_CRYPI	Q16816	[[174, 186]]	[[140, 152]]	1
tr|Q5CS01|Q5CS01_CRYPI	Q9C0D7	[[263, 274]]	[[303, 314]]	1
tr|Q5CS01|Q5CS01_CRYPI	O75582	[[283, 295]]	[[652, 664]]	1
tr|Q5CS02|Q5CS02_CRYPI	Q8TDW0	[[161, 173]]	[[681, 693]]	1
tr|Q5CS02|Q5CS02_CRYPI	Q9BXB1	[[164, 175]]	[[344, 355]]	1
tr|Q5CS02|Q5CS02_CRYPI	O15455	[[167, 177]]	[[278, 288]]	1
tr|Q5CS02|Q5CS02_CRYPI	Q14376	[[1983, 1993]]	[[158, 168]]	1
tr|Q5CS02|Q5CS02_CRYPI	Q3B726	[[2205, 2214]]	[[274, 283]]	1
tr|Q5CS02|Q5CS02_CRYPI	Q9BVI0	[[2205, 2215]]	[[540, 550]]	1
tr|Q5CS03|Q5CS03_CRYPI	P00451	[[142, 152]]	[[1640, 1650]]	1
tr|Q5CS03|Q5CS03_CRYPI	Q9Y2D2	[[499, 509]]	[[240, 250]]	1
tr|Q5CS04|Q5CS04_CRYPI	Q9NV79	[[132, 142]]	[[252, 262]]	1
tr|Q5CS04|Q5CS04_CRYPI	Q8NCN5	[[209, 216]]	[[782, 789]]	1
tr|Q5CS04|Q5CS04_CRYPI	Q969V5	[[423, 432]]	[[180, 189]]	1
tr|Q5CS06|Q5CS06_CRYPI	P21817	[[250, 258]]	[[758, 766]]	1
tr|Q5CS07|Q5CS07_CRYPI	P48163	[[463, 475], [383, 394], [219, 231], [202, 214]]	[[405, 417], [329, 340], [164, 176], [147, 159]]	4
tr|Q5CS07|Q5CS07_CRYPI	P23368	[[203, 225], [319, 333]]	[[158, 180], [275, 289]]	2
tr|Q5CS07|Q5CS07_CRYPI	Q16798	[[319, 330], [456, 473], [220, 232]]	[[300, 311], [433, 450], [200, 212]]	3
tr|Q5CS08|Q5CS08_CRYPI	Q09028	[[152, 162]]	[[147, 157]]	1
tr|Q5CS08|Q5CS08_CRYPI	Q5QP82	[[278, 290]]	[[228, 240]]	1
tr|Q5CS09|Q5CS09_CRYPI	Q9Y259	[[277, 287]]	[[274, 284]]	1
tr|Q5CS10|Q5CS10_CRYPI	Q5BJH7	[[254, 267]]	[[155, 168]]	1
tr|Q5CS11|Q5CS11_CRYPI	Q7KZF4	[[12, 22]]	[[7, 17]]	1
tr|Q5CS11|Q5CS11_CRYPI	Q9BX46	[[165, 174]]	[[10, 19]]	1
tr|Q5CS11|Q5CS11_CRYPI	Q96EP5	[[166, 177], [64, 76]]	[[113, 124], [154, 166]]	2
tr|Q5CS11|Q5CS11_CRYPI	Q9P2N5	[[180, 192]]	[[615, 627]]	1
tr|Q5CS11|Q5CS11_CRYPI	O43347	[[236, 248], [202, 212]]	[[178, 190], [145, 155]]	2
tr|Q5CS11|Q5CS11_CRYPI	Q9NQ94	[[206, 216]]	[[178, 188]]	1
tr|Q5CS11|Q5CS11_CRYPI	Q99729	[[59, 69]]	[[105, 115]]	1
tr|Q5CS11|Q5CS11_CRYPI	Q96DH6	[[61, 72]]	[[59, 70]]	1
tr|Q5CS12|Q5CS12_CRYPI	Q14435	[[312, 324]]	[[215, 227]]	1
tr|Q5CS12|Q5CS12_CRYPI	Q6IS24	[[313, 325]]	[[183, 195]]	1
tr|Q5CS12|Q5CS12_CRYPI	Q99705	[[32, 43]]	[[161, 172]]	1
tr|Q5CS12|Q5CS12_CRYPI	Q8NCW6	[[443, 464], [482, 493]]	[[316, 337], [355, 366]]	2
tr|Q5CS12|Q5CS12_CRYPI	Q7Z7M9	[[484, 501], [559, 573]]	[[702, 719], [782, 796]]	2
tr|Q5CS12|Q5CS12_CRYPI	Q96FL9	[[498, 510]]	[[326, 338]]	1
tr|Q5CS12|Q5CS12_CRYPI	Q6P9A2	[[525, 536]]	[[402, 413]]	1
tr|Q5CS12|Q5CS12_CRYPI	Q10471	[[557, 576]]	[[414, 433]]	1
tr|Q5CS12|Q5CS12_CRYPI	Q8IUC8	[[563, 574]]	[[404, 415]]	1
tr|Q5CS12|Q5CS12_CRYPI	P35663	[[93, 105]]	[[243, 255]]	1
tr|Q5CS13|Q5CS13_CRYPI	Q9Y230	[[258, 271], [316, 331], [101, 135], [161, 177], [384, 396], [334, 348], [13, 36], [238, 256], [57, 69], [191, 214]]	[[263, 276], [321, 336], [105, 139], [166, 182], [389, 401], [339, 353], [17, 40], [243, 261], [61, 73], [196, 219]]	10
tr|Q5CS13|Q5CS13_CRYPI	Q9C099	[[414, 426]]	[[889, 901]]	1
tr|Q5CS15|Q5CS15_CRYPI	Q96PZ7	[[533, 543]]	[[3030, 3040]]	1
tr|Q5CS17|Q5CS17_CRYPI	P21675	[[338, 349]]	[[1436, 1447]]	1
tr|Q5CS17|Q5CS17_CRYPI	Q9UIF8	[[341, 354]]	[[2098, 2111]]	1
tr|Q5CS17|Q5CS17_CRYPI	Q58F21	[[375, 385]]	[[101, 111]]	1
tr|Q5CS18|Q5CS18_CRYPI	Q460N5	[[180, 191]]	[[1543, 1554]]	1
tr|Q5CS18|Q5CS18_CRYPI	O94903	[[79, 89], [57, 75]]	[[88, 98], [61, 79]]	2
tr|Q5CS21|Q5CS21_CRYPI	Q6V0I7	[[60, 69]]	[[1100, 1109]]	1
tr|Q5CS21|Q5CS21_CRYPI	A4D1P6	[[725, 737]]	[[627, 639]]	1
tr|Q5CS21|Q5CS21_CRYPI	P21673	[[822, 831]]	[[12, 21]]	1
tr|Q5CS22|Q5CS22_CRYPI	P49238	[[51, 63]]	[[232, 244]]	1
tr|Q5CS23|Q5CS23_CRYPI	Q9Y5K8	[[193, 203]]	[[200, 210]]	1
tr|Q5CS23|Q5CS23_CRYPI	Q96MT7	[[196, 207]]	[[1134, 1145]]	1
tr|Q5CS23|Q5CS23_CRYPI	Q06481	[[201, 213]]	[[408, 420]]	1
tr|Q5CS25|Q5CS25_CRYPI	Q9UPM8	[[1013, 1024]]	[[463, 474]]	1
tr|Q5CS25|Q5CS25_CRYPI	Q8NBL1	[[1459, 1470]]	[[260, 271]]	1
tr|Q5CS25|Q5CS25_CRYPI	P29275	[[308, 319]]	[[182, 193]]	1
tr|Q5CS25|Q5CS25_CRYPI	Q12873	[[450, 460]]	[[1113, 1123]]	1
tr|Q5CS26|Q5CS26_CRYPI	Q8N5C1	[[51, 63]]	[[231, 243]]	1
tr|Q5CS27|Q5CS27_CRYPI	Q8IZK6	[[306, 314]]	[[476, 484]]	1
tr|Q5CS29|Q5CS29_CRYPI	Q9Y4H2	[[136, 146]]	[[18, 28]]	1
tr|Q5CS31|Q5CS31_CRYPI	Q96A37	[[255, 265]]	[[28, 38]]	1
tr|Q5CS31|Q5CS31_CRYPI	Q5EBN2	[[292, 301]]	[[30, 39]]	1
tr|Q5CS31|Q5CS31_CRYPI	Q9H3N1	[[319, 327]]	[[118, 126]]	1
tr|Q5CS31|Q5CS31_CRYPI	Q9NZM4	[[81, 92]]	[[1263, 1274]]	1
tr|Q5CS32|Q5CS32_CRYPI	P40123	[[135, 147]]	[[433, 445]]	1
tr|Q5CS33|Q5CS33_CRYPI	Q06609	[[52, 64], [113, 155], [261, 275], [165, 176], [214, 243], [188, 206], [291, 324]]	[[46, 58], [107, 149], [255, 269], [159, 170], [208, 237], [182, 200], [285, 318]]	7
tr|Q5CS33|Q5CS33_CRYPI	Q14565	[[131, 142]]	[[124, 135]]	1
tr|Q5CS34|Q5CS34_CRYPI	Q5W0B1	[[135, 146]]	[[30, 41]]	1
tr|Q5CS34|Q5CS34_CRYPI	Q96T23	[[288, 300]]	[[911, 923]]	1
tr|Q5CS34|Q5CS34_CRYPI	O43463	[[564, 576]]	[[265, 277]]	1
tr|Q5CS34|Q5CS34_CRYPI	Q9NR48	[[647, 663]]	[[2218, 2234]]	1
tr|Q5CS34|Q5CS34_CRYPI	Q53H47	[[678, 690]]	[[251, 263]]	1
tr|Q5CS35|Q5CS35_CRYPI	O14681	[[701, 711]]	[[34, 44]]	1
tr|Q5CS35|Q5CS35_CRYPI	Q14152	[[803, 814]]	[[699, 710]]	1
tr|Q5CS35|Q5CS35_CRYPI	O95714	[[841, 853]]	[[959, 971]]	1
tr|Q5CS35|Q5CS35_CRYPI	B1AK53	[[912, 922]]	[[768, 778]]	1
tr|Q5CS35|Q5CS35_CRYPI	Q6H9L7	[[924, 933]]	[[138, 147]]	1
tr|Q5CS38|Q5CS38_CRYPI	Q9NV96	[[169, 181]]	[[118, 130]]	1
tr|Q5CS38|Q5CS38_CRYPI	Q3MIR4	[[171, 182]]	[[110, 121]]	1
tr|Q5CS38|Q5CS38_CRYPI	Q7L2H7	[[177, 186]]	[[254, 263]]	1
tr|Q5CS38|Q5CS38_CRYPI	Q9Y4H2	[[44, 53]]	[[18, 27]]	1
tr|Q5CS39|Q5CS39_CRYPI	Q7Z6Z7	[[183, 195]]	[[2452, 2464]]	1
tr|Q5CS39|Q5CS39_CRYPI	Q9HCJ0	[[30, 41]]	[[969, 980]]	1
tr|Q5CS40|Q5CS40_CRYPI	O75711	[[8, 19]]	[[4, 15]]	1
tr|Q5CS41|Q5CS41_CRYPI	Q96BH3	[[234, 243]]	[[190, 199]]	1
tr|Q5CS41|Q5CS41_CRYPI	Q496J9	[[399, 408]]	[[50, 59]]	1
tr|Q5CS41|Q5CS41_CRYPI	Q9H4D0	[[90, 97]]	[[453, 460]]	1
tr|Q5CS42|Q5CS42_CRYPI	Q8WVN8	[[292, 303]]	[[316, 327]]	1
tr|Q5CS42|Q5CS42_CRYPI	Q96QU1	[[447, 457]]	[[1332, 1342]]	1
tr|Q5CS43|Q5CS43_CRYPI	Q9UPA5	[[392, 404]]	[[2858, 2870]]	1
tr|Q5CS43|Q5CS43_CRYPI	Q0VAK6	[[693, 704]]	[[210, 221]]	1
tr|Q5CS44|Q5CS44_CRYPI	Q12887	[[26, 34]]	[[39, 47]]	1
tr|Q5CS45|Q5CS45_CRYPI	O00155	[[10, 21]]	[[200, 211]]	1
tr|Q5CS47|Q5CS47_CRYPI	O60293	[[117, 127]]	[[1973, 1983]]	1
tr|Q5CS49|Q5CS49_CRYPI	O15085	[[128, 140]]	[[513, 525]]	1
tr|Q5CS49|Q5CS49_CRYPI	O60245	[[136, 147]]	[[934, 945]]	1
tr|Q5CS49|Q5CS49_CRYPI	Q8IX01	[[36, 49]]	[[1017, 1030]]	1
tr|Q5CS49|Q5CS49_CRYPI	P18583	[[39, 51]]	[[2314, 2326]]	1
tr|Q5CS49|Q5CS49_CRYPI	Q5T3I0	[[41, 53]]	[[22, 34]]	1
tr|Q5CS50|Q5CS50_CRYPI	Q15691	[[436, 444]]	[[68, 76]]	1
tr|Q5CS51|Q5CS51_CRYPI	Q8NDF8	[[332, 341]]	[[26, 35]]	1
tr|Q5CS51|Q5CS51_CRYPI	Q6DHV5	[[548, 560]]	[[706, 718]]	1
tr|Q5CS51|Q5CS51_CRYPI	Q14839	[[597, 608]]	[[1658, 1669]]	1
tr|Q5CS51|Q5CS51_CRYPI	Q05086	[[598, 610]]	[[183, 195]]	1
tr|Q5CS51|Q5CS51_CRYPI	Q9UMN6	[[599, 611]]	[[365, 377]]	1
tr|Q5CS51|Q5CS51_CRYPI	O75808	[[600, 612]]	[[123, 135]]	1
tr|Q5CS51|Q5CS51_CRYPI	Q8IZU1	[[603, 615]]	[[220, 232]]	1
tr|Q5CS51|Q5CS51_CRYPI	Q14028	[[604, 616]]	[[350, 362]]	1
tr|Q5CS51|Q5CS51_CRYPI	Q7Z5L7	[[607, 617]]	[[596, 606]]	1
tr|Q5CS51|Q5CS51_CRYPI	Q5HYW3	[[608, 618]]	[[391, 401]]	1
tr|Q5CS51|Q5CS51_CRYPI	Q96RL1	[[610, 621]]	[[101, 112]]	1
tr|Q5CS55|Q5CS55_CRYPI	Q9ULX5	[[196, 206]]	[[8, 18]]	1
tr|Q5CS57|Q5CS57_CRYPI	Q9NZC9	[[482, 497]]	[[542, 557]]	1
tr|Q5CS57|Q5CS57_CRYPI	Q5FWF4	[[855, 872], [506, 522]]	[[435, 452], [174, 190]]	2
tr|Q5CS57|Q5CS57_CRYPI	Q9H4L7	[[844, 854]]	[[957, 967]]	1
tr|Q5CS57|Q5CS57_CRYPI	Q9NRZ9	[[843, 854]]	[[701, 712]]	1
tr|Q5CS58|Q5CS58_CRYPI	Q9Y2J0	[[236, 248]]	[[451, 463]]	1
tr|Q5CS59|Q5CS59_CRYPI	Q8NEP3	[[45, 55]]	[[328, 338]]	1
tr|Q5CS59|Q5CS59_CRYPI	Q6PH85	[[61, 71]]	[[118, 128]]	1
tr|Q5CS60|Q5CS60_CRYPI	Q99459	[[55, 81], [118, 159], [176, 191], [90, 107]]	[[53, 79], [118, 159], [176, 191], [88, 105]]	4
tr|Q5CS60|Q5CS60_CRYPI	Q8IY84	[[386, 398]]	[[56, 68]]	1
tr|Q5CS61|Q5CS61_CRYPI	Q01780	[[323, 335], [411, 423], [375, 391], [430, 446]]	[[329, 341], [416, 428], [381, 397], [435, 451]]	4
tr|Q5CS61|Q5CS61_CRYPI	Q96JH8	[[74, 86]]	[[135, 147]]	1
tr|Q5CS62|Q5CS62_CRYPI	P14625	[[161, 171]]	[[523, 533]]	1
tr|Q5CS62|Q5CS62_CRYPI	Q9BW30	[[363, 375]]	[[138, 150]]	1
tr|Q5CS62|Q5CS62_CRYPI	P22087	[[96, 106]]	[[16, 26]]	1
tr|Q5CS64|Q5CS64_CRYPI	Q15311	[[584, 592]]	[[404, 412]]	1
tr|Q5CS65|Q5CS65_CRYPI	O15182	[[102, 123], [159, 172], [53, 76], [29, 50], [132, 148]]	[[93, 114], [150, 163], [44, 67], [20, 41], [123, 139]]	5
tr|Q5CS65|Q5CS65_CRYPI	P41208	[[109, 122]]	[[103, 116]]	1
tr|Q5CS66|Q5CS66_CRYPI	O43623	[[584, 595]]	[[94, 105]]	1
tr|Q5CS67|Q5CS67_CRYPI	Q8WX93	[[1055, 1067]]	[[686, 698]]	1
tr|Q5CS67|Q5CS67_CRYPI	B1AK53	[[862, 874], [961, 973], [1289, 1301], [1060, 1072]]	[[431, 443], [431, 443], [431, 443], [431, 443]]	4
tr|Q5CS67|Q5CS67_CRYPI	Q9UPS8	[[1096, 1108]]	[[587, 599]]	1
tr|Q5CS67|Q5CS67_CRYPI	Q5T1R4	[[1141, 1153]]	[[1856, 1868]]	1
tr|Q5CS67|Q5CS67_CRYPI	Q9UPN7	[[1384, 1393], [1144, 1153]]	[[621, 630], [621, 630]]	2
tr|Q5CS67|Q5CS67_CRYPI	Q14004	[[1162, 1173]]	[[1258, 1269]]	1
tr|Q5CS67|Q5CS67_CRYPI	A4UGR9	[[1164, 1177], [1404, 1414]]	[[2115, 2128], [2115, 2125]]	2
tr|Q5CS67|Q5CS67_CRYPI	P42768	[[1164, 1176]]	[[395, 407]]	1
tr|Q5CS67|Q5CS67_CRYPI	Q9Y2V3	[[1176, 1185]]	[[272, 281]]	1
tr|Q5CS67|Q5CS67_CRYPI	Q17R98	[[1178, 1190]]	[[327, 339]]	1
tr|Q5CS67|Q5CS67_CRYPI	Q86UP3	[[1427, 1440], [1189, 1201], [1552, 1564], [1426, 1438]]	[[2007, 2020], [2005, 2017], [2005, 2017], [3114, 3126]]	4
tr|Q5CS67|Q5CS67_CRYPI	Q86TG7	[[1190, 1202]]	[[693, 705]]	1
tr|Q5CS67|Q5CS67_CRYPI	Q504U0	[[1406, 1418]]	[[10, 22]]	1
tr|Q5CS67|Q5CS67_CRYPI	O95271	[[1412, 1424]]	[[19, 31]]	1
tr|Q5CS67|Q5CS67_CRYPI	P13378	[[1418, 1431]]	[[107, 120]]	1
tr|Q5CS67|Q5CS67_CRYPI	Q15032	[[1421, 1434]]	[[588, 601]]	1
tr|Q5CS67|Q5CS67_CRYPI	Q96T25	[[1425, 1436]]	[[137, 148]]	1
tr|Q5CS67|Q5CS67_CRYPI	Q96QU1	[[1432, 1444]]	[[1748, 1760]]	1
tr|Q5CS67|Q5CS67_CRYPI	O94983	[[1435, 1446], [1562, 1573]]	[[462, 473], [462, 473]]	2
tr|Q5CS67|Q5CS67_CRYPI	Q6ZVX7	[[1439, 1448]]	[[31, 40]]	1
tr|Q5CS67|Q5CS67_CRYPI	Q86YQ8	[[1441, 1451]]	[[545, 555]]	1
tr|Q5CS67|Q5CS67_CRYPI	Q9C0D6	[[1553, 1569]]	[[33, 46]]	1
tr|Q5CS67|Q5CS67_CRYPI	Q8TE59	[[1559, 1571]]	[[148, 160]]	1
tr|Q5CS67|Q5CS67_CRYPI	P10323	[[1560, 1571]]	[[345, 356]]	1
tr|Q5CS67|Q5CS67_CRYPI	Q96M86	[[1664, 1675]]	[[4672, 4683]]	1
tr|Q5CS67|Q5CS67_CRYPI	Q6ZS72	[[1666, 1678]]	[[48, 60]]	1
tr|Q5CS67|Q5CS67_CRYPI	Q8N9I9	[[1669, 1680]]	[[141, 152]]	1
tr|Q5CS67|Q5CS67_CRYPI	Q92952	[[1673, 1685]]	[[510, 522]]	1
tr|Q5CS67|Q5CS67_CRYPI	Q9Y4H2	[[1674, 1685]]	[[1014, 1025]]	1
tr|Q5CS67|Q5CS67_CRYPI	P34810	[[1677, 1688]]	[[141, 152]]	1
tr|Q5CS67|Q5CS67_CRYPI	P49450	[[1677, 1689]]	[[12, 24]]	1
tr|Q5CS67|Q5CS67_CRYPI	Q86VM9	[[1680, 1690]]	[[605, 615]]	1
tr|Q5CS67|Q5CS67_CRYPI	Q7Z6Z7	[[1767, 1779]]	[[2432, 2444]]	1
tr|Q5CS67|Q5CS67_CRYPI	Q8N9T8	[[1768, 1780]]	[[250, 262]]	1
tr|Q5CS67|Q5CS67_CRYPI	Q9HAW4	[[1770, 1781]]	[[628, 639]]	1
tr|Q5CS67|Q5CS67_CRYPI	O75592	[[1771, 1782]]	[[3608, 3619]]	1
tr|Q5CS67|Q5CS67_CRYPI	Q5JRA6	[[1783, 1794]]	[[1792, 1803]]	1
tr|Q5CS67|Q5CS67_CRYPI	Q03181	[[1820, 1831]]	[[190, 201]]	1
tr|Q5CS67|Q5CS67_CRYPI	Q9H1K0	[[312, 321]]	[[186, 195]]	1
tr|Q5CS67|Q5CS67_CRYPI	Q9UID3	[[362, 371]]	[[279, 288]]	1
tr|Q5CS67|Q5CS67_CRYPI	Q9P2D1	[[917, 929]]	[[1454, 1466]]	1
tr|Q5CS69|Q5CS69_CRYPI	P15514	[[137, 148]]	[[124, 135]]	1
tr|Q5CS69|Q5CS69_CRYPI	A1L162	[[173, 184]]	[[44, 55]]	1
tr|Q5CS69|Q5CS69_CRYPI	P19338	[[174, 186]]	[[253, 265]]	1
tr|Q5CS69|Q5CS69_CRYPI	O14492	[[700, 712]]	[[564, 576]]	1
tr|Q5CS70|Q5CS70_CRYPI	Q8IX12	[[128, 140]]	[[796, 808]]	1
tr|Q5CS70|Q5CS70_CRYPI	P11387	[[209, 221]]	[[313, 325]]	1
tr|Q5CS70|Q5CS70_CRYPI	Q86UE4	[[55, 67]]	[[155, 167]]	1
tr|Q5CS70|Q5CS70_CRYPI	Q92614	[[69, 82]]	[[15, 25]]	1
tr|Q5CS70|Q5CS70_CRYPI	Q9UKN7	[[73, 87]]	[[7, 19]]	1
tr|Q5CS71|Q5CS71_CRYPI	Q8N8S7	[[487, 497]]	[[166, 176]]	1
tr|Q5CS71|Q5CS71_CRYPI	Q6ZU35	[[612, 623]]	[[304, 315]]	1
tr|Q5CS71|Q5CS71_CRYPI	Q8NFZ5	[[619, 630]]	[[98, 109]]	1
tr|Q5CS71|Q5CS71_CRYPI	Q9UPT6	[[620, 632]]	[[148, 160]]	1
tr|Q5CS71|Q5CS71_CRYPI	Q9P2R6	[[622, 633]]	[[1179, 1190]]	1
tr|Q5CS71|Q5CS71_CRYPI	Q9UM54	[[627, 637]]	[[931, 941]]	1
tr|Q5CS71|Q5CS71_CRYPI	Q9UQ35	[[747, 759]]	[[583, 595]]	1
tr|Q5CS71|Q5CS71_CRYPI	Q9H7N4	[[751, 764]]	[[567, 580]]	1
tr|Q5CS71|Q5CS71_CRYPI	Q01130	[[754, 765]]	[[124, 135]]	1
tr|Q5CS71|Q5CS71_CRYPI	Q15696	[[756, 767]]	[[439, 450]]	1
tr|Q5CS71|Q5CS71_CRYPI	Q13247	[[758, 773]]	[[202, 217]]	1
tr|Q5CS71|Q5CS71_CRYPI	Q8IWX8	[[774, 785]]	[[782, 793]]	1
tr|Q5CS71|Q5CS71_CRYPI	Q9NWB6	[[782, 793]]	[[23, 34]]	1
tr|Q5CS71|Q5CS71_CRYPI	Q9Y388	[[784, 794]]	[[289, 299]]	1
tr|Q5CS72|Q5CS72_CRYPI	P14735	[[104, 116]]	[[68, 80]]	1
tr|Q5CS72|Q5CS72_CRYPI	Q9GZM7	[[556, 568]]	[[327, 339]]	1
tr|Q5CS74|Q5CS74_CRYPI	Q16787	[[552, 561]]	[[613, 622]]	1
tr|Q5CS75|Q5CS75_CRYPI	Q96IR7	[[285, 294]]	[[46, 55]]	1
tr|Q5CS77|Q5CS77_CRYPI	Q9Y6Y1	[[145, 155]]	[[369, 379]]	1
tr|Q5CS77|Q5CS77_CRYPI	Q16825	[[503, 512]]	[[713, 722]]	1
tr|Q5CS77|Q5CS77_CRYPI	Q9P013	[[503, 515]]	[[111, 123]]	1
tr|Q5CS77|Q5CS77_CRYPI	Q86Y13	[[806, 816]]	[[628, 638]]	1
tr|Q5CS77|Q5CS77_CRYPI	Q13224	[[983, 995]]	[[1151, 1163]]	1
tr|Q5CS80|Q5CS80_CRYPI	Q8NF91	[[676, 688]]	[[1807, 1819]]	1
tr|Q5CS80|Q5CS80_CRYPI	Q5HYW3	[[684, 696]]	[[387, 399]]	1
tr|Q5CS80|Q5CS80_CRYPI	O43423	[[686, 697]]	[[186, 197]]	1
tr|Q5CS80|Q5CS80_CRYPI	Q96JN2	[[687, 699]]	[[16, 28]]	1
tr|Q5CS80|Q5CS80_CRYPI	P37275	[[690, 701]]	[[1064, 1075]]	1
tr|Q5CS80|Q5CS80_CRYPI	Q96M32	[[692, 704]]	[[419, 431]]	1
tr|Q5CS80|Q5CS80_CRYPI	Q96JP2	[[694, 706]]	[[2062, 2074]]	1
tr|Q5CS80|Q5CS80_CRYPI	Q5TCS8	[[695, 707]]	[[197, 209]]	1
tr|Q5CS80|Q5CS80_CRYPI	Q8WXI2	[[696, 708]]	[[874, 886]]	1
tr|Q5CS80|Q5CS80_CRYPI	Q5JTH9	[[697, 709]]	[[1052, 1064]]	1
tr|Q5CS80|Q5CS80_CRYPI	Q86YN6	[[698, 710]]	[[433, 445]]	1
tr|Q5CS80|Q5CS80_CRYPI	Q5TD94	[[699, 711]]	[[566, 578]]	1
tr|Q5CS80|Q5CS80_CRYPI	Q9Y5B9	[[700, 712]]	[[434, 446]]	1
tr|Q5CS80|Q5CS80_CRYPI	Q8IYE0	[[702, 714]]	[[8, 20]]	1
tr|Q5CS80|Q5CS80_CRYPI	A6NLX3	[[9, 19]]	[[59, 69]]	1
tr|Q5CS80|Q5CS80_CRYPI	Q15910	[[832, 843]]	[[178, 189]]	1
tr|Q5CS80|Q5CS80_CRYPI	Q5T1M5	[[837, 847]]	[[1207, 1217]]	1
tr|Q5CS82|Q5CS82_CRYPI	Q9ULI4	[[215, 223]]	[[1644, 1652]]	1
tr|Q5CS82|Q5CS82_CRYPI	Q8WXI3	[[235, 247]]	[[166, 178]]	1
tr|Q5CS82|Q5CS82_CRYPI	P58546	[[265, 275]]	[[83, 93]]	1
tr|Q5CS82|Q5CS82_CRYPI	Q9C0H6	[[340, 352]]	[[243, 255]]	1
tr|Q5CS82|Q5CS82_CRYPI	Q8WZ42	[[459, 467]]	[[9210, 9218]]	1
tr|Q5CS83|Q5CS83_CRYPI	O94808	[[433, 443], [207, 218], [383, 395]]	[[420, 430], [139, 150], [370, 382]]	3
tr|Q5CS83|Q5CS83_CRYPI	P0CJ78	[[75, 86]]	[[543, 554]]	1
tr|Q5CS84|Q5CS84_CRYPI	Q6PI25	[[241, 250]]	[[142, 151]]	1
tr|Q5CS84|Q5CS84_CRYPI	Q9H3S5	[[245, 255], [33, 45], [334, 349]]	[[244, 254], [47, 59], [323, 338]]	3
tr|Q5CS85|Q5CS85_CRYPI	Q9H6R3	[[165, 194]]	[[163, 192]]	1
tr|Q5CS85|Q5CS85_CRYPI	Q9NR19	[[426, 448], [386, 398], [534, 555], [289, 305], [468, 485], [338, 351], [168, 182]]	[[442, 464], [402, 414], [549, 570], [305, 321], [484, 501], [354, 367], [158, 172]]	7
tr|Q5CS85|Q5CS85_CRYPI	Q9NUB1	[[407, 426], [647, 665], [369, 387], [331, 362], [314, 326], [449, 461]]	[[401, 420], [635, 653], [363, 381], [325, 356], [308, 320], [443, 455]]	6
tr|Q5CS85|Q5CS85_CRYPI	Q9GZQ6	[[592, 604]]	[[59, 71]]	1
tr|Q5CS86|Q5CS86_CRYPI	Q9UM11	[[133, 158], [392, 430], [312, 334], [267, 279], [368, 382], [161, 173], [284, 299], [352, 365]]	[[174, 199], [435, 473], [355, 377], [310, 322], [411, 425], [202, 214], [327, 342], [395, 408]]	8
tr|Q5CS86|Q5CS86_CRYPI	Q12834	[[147, 174], [330, 343]]	[[185, 212], [373, 386]]	2
tr|Q5CS86|Q5CS86_CRYPI	Q8IXQ5	[[91, 100]]	[[447, 456]]	1
tr|Q5CS87|Q5CS87_CRYPI	A0A096LNW5	[[140, 151]]	[[128, 139]]	1
tr|Q5CS87|Q5CS87_CRYPI	Q6UY11	[[159, 171]]	[[93, 105]]	1
tr|Q5CS87|Q5CS87_CRYPI	P82279	[[164, 173]]	[[403, 412]]	1
tr|Q5CS87|Q5CS87_CRYPI	P24821	[[78, 90]]	[[515, 527]]	1
tr|Q5CS87|Q5CS87_CRYPI	Q99435	[[80, 92]]	[[542, 554]]	1
tr|Q5CS88|Q5CS88_CRYPI	O14646	[[979, 991], [882, 901], [1000, 1015], [924, 948], [776, 797], [247, 266]]	[[895, 907], [798, 817], [916, 931], [840, 864], [694, 715], [319, 338]]	6
tr|Q5CS88|Q5CS88_CRYPI	Q9NYQ6	[[142, 154]]	[[934, 946]]	1
tr|Q5CS88|Q5CS88_CRYPI	Q8IUR6	[[1631, 1644]]	[[355, 368]]	1
tr|Q5CS88|Q5CS88_CRYPI	Q13562	[[1640, 1652]]	[[59, 71]]	1
tr|Q5CS88|Q5CS88_CRYPI	P14635	[[1981, 1993]]	[[95, 107]]	1
tr|Q5CS88|Q5CS88_CRYPI	Q9NP92	[[1985, 1995]]	[[123, 133]]	1
tr|Q5CS88|Q5CS88_CRYPI	O94885	[[1985, 1999]]	[[21, 33]]	1
tr|Q5CS88|Q5CS88_CRYPI	P14317	[[1989, 2001]]	[[364, 376]]	1
tr|Q5CS88|Q5CS88_CRYPI	Q8WZ42	[[1990, 2002]]	[[11943, 11955]]	1
tr|Q5CS88|Q5CS88_CRYPI	P46063	[[278, 289]]	[[621, 632]]	1
tr|Q5CS88|Q5CS88_CRYPI	Q8TDI0	[[954, 972], [354, 362]]	[[1106, 1124], [617, 625]]	2
tr|Q5CS88|Q5CS88_CRYPI	Q6RI45	[[47, 56]]	[[1779, 1788]]	1
tr|Q5CS88|Q5CS88_CRYPI	P28370	[[497, 511]]	[[182, 196]]	1
tr|Q5CS88|Q5CS88_CRYPI	Q12873	[[712, 724]]	[[908, 920]]	1
tr|Q5CS88|Q5CS88_CRYPI	Q3L8U1	[[727, 738]]	[[1037, 1048]]	1
tr|Q5CS88|Q5CS88_CRYPI	O14647	[[871, 891], [786, 799]]	[[790, 810], [707, 720]]	2
tr|Q5CS88|Q5CS88_CRYPI	Q9NRZ9	[[961, 973]]	[[687, 699]]	1
tr|Q5CS90|Q5CS90_CRYPI	Q6UWE3	[[142, 149]]	[[32, 39]]	1
tr|Q5CS94|Q5CS94_CRYPI	P09848	[[211, 221]]	[[927, 937]]	1
tr|Q5CS94|Q5CS94_CRYPI	Q9P225	[[884, 896]]	[[421, 433]]	1
tr|Q5CS95|Q5CS95_CRYPI	P20929	[[187, 198], [187, 197]]	[[8248, 8259], [8093, 8103]]	2
tr|Q5CS96|Q5CS96_CRYPI	Q8NEW7	[[95, 107]]	[[61, 73]]	1
tr|Q5CS98|Q5CS98_CRYPI	Q9UH99	[[33, 45]]	[[135, 147]]	1
tr|Q5CS99|Q5CS99_CRYPI	Q8TB37	[[31, 43]]	[[55, 67]]	1
tr|Q5CSA0|Q5CSA0_CRYPI	P50579	[[598, 610]]	[[82, 94]]	1
tr|Q5CSA0|Q5CSA0_CRYPI	Q96S55	[[600, 627]]	[[169, 182]]	1
tr|Q5CSA0|Q5CSA0_CRYPI	Q8WUQ7	[[617, 629]]	[[523, 536]]	1
tr|Q5CSA0|Q5CSA0_CRYPI	Q9HCJ0	[[661, 673]]	[[970, 982]]	1
tr|Q5CSA1|Q5CSA1_CRYPI	Q96CP6	[[12, 22]]	[[641, 651]]	1
tr|Q5CSA1|Q5CSA1_CRYPI	Q9H3P7	[[1194, 1206]]	[[190, 202]]	1
tr|Q5CSA1|Q5CSA1_CRYPI	P23327	[[1254, 1265]]	[[242, 253]]	1
tr|Q5CSA1|Q5CSA1_CRYPI	O15370	[[1255, 1266]]	[[162, 173]]	1
tr|Q5CSA1|Q5CSA1_CRYPI	P19338	[[1256, 1265]]	[[250, 259]]	1
tr|Q5CSA1|Q5CSA1_CRYPI	Q9P275	[[1313, 1324]]	[[953, 964]]	1
tr|Q5CSA1|Q5CSA1_CRYPI	P33402	[[352, 364]]	[[126, 138]]	1
tr|Q5CSA2|Q5CSA2_CRYPI	Q07955	[[19, 33], [3, 15]]	[[133, 147], [12, 24]]	2
tr|Q5CSA2|Q5CSA2_CRYPI	Q9P2K5	[[43, 54]]	[[137, 148]]	1
tr|Q5CSA4|Q5CSA4_CRYPI	Q9C0I4	[[108, 119]]	[[482, 493]]	1
tr|Q5CSA4|Q5CSA4_CRYPI	Q8IVN8	[[352, 362]]	[[74, 84]]	1
tr|Q5CSA4|Q5CSA4_CRYPI	Q6H9L7	[[356, 368]]	[[330, 342]]	1
tr|Q5CSA4|Q5CSA4_CRYPI	O96018	[[380, 389]]	[[73, 82]]	1
tr|Q5CSA4|Q5CSA4_CRYPI	Q9P283	[[423, 432]]	[[727, 736]]	1
tr|Q5CSA4|Q5CSA4_CRYPI	Q8N6G6	[[423, 434]]	[[38, 49]]	1
tr|Q5CSA4|Q5CSA4_CRYPI	Q9UP79	[[424, 437]]	[[838, 851]]	1
tr|Q5CSA5|Q5CSA5_CRYPI	P07358	[[154, 166], [317, 324]]	[[64, 76], [69, 76]]	2
tr|Q5CSA5|Q5CSA5_CRYPI	O14514	[[315, 324]]	[[470, 479]]	1
tr|Q5CSA5|Q5CSA5_CRYPI	Q9HCB6	[[373, 389]]	[[614, 630]]	1
tr|Q5CSA5|Q5CSA5_CRYPI	Q8N6G6	[[379, 392]]	[[794, 807]]	1
tr|Q5CSA5|Q5CSA5_CRYPI	P09016	[[39, 50]]	[[218, 229]]	1
tr|Q5CSA5|Q5CSA5_CRYPI	Q9C0I4	[[411, 421]]	[[378, 388]]	1
tr|Q5CSA5|Q5CSA5_CRYPI	Q2MKA7	[[430, 440]]	[[146, 156]]	1
tr|Q5CSA5|Q5CSA5_CRYPI	Q2I0M5	[[431, 443]]	[[138, 150]]	1
tr|Q5CSA5|Q5CSA5_CRYPI	Q8TE57	[[435, 444]]	[[590, 599]]	1
tr|Q5CSA5|Q5CSA5_CRYPI	A2VEC9	[[434, 445]]	[[3044, 3055]]	1
tr|Q5CSA5|Q5CSA5_CRYPI	O60242	[[435, 446]]	[[404, 415]]	1
tr|Q5CSA5|Q5CSA5_CRYPI	P35442	[[442, 454]]	[[448, 460]]	1
tr|Q5CSA5|Q5CSA5_CRYPI	Q6UXZ4	[[490, 502]]	[[312, 324]]	1
tr|Q5CSA7|Q5CSA7_CRYPI	Q6KC79	[[206, 217]]	[[343, 354]]	1
tr|Q5CSA9|Q5CSA9_CRYPI	Q6P1R4	[[104, 122], [21, 36], [74, 89]]	[[104, 122], [19, 34], [74, 89]]	3
tr|Q5CSA9|Q5CSA9_CRYPI	Q9NX74	[[143, 152]]	[[150, 159]]	1
tr|Q5CSA9|Q5CSA9_CRYPI	Q8WUY3	[[299, 307]]	[[85, 93]]	1
tr|Q5CSA9|Q5CSA9_CRYPI	Q5JXC2	[[55, 66]]	[[198, 209]]	1
tr|Q5CSB1|Q5CSB1_CRYPI	Q9H1H9	[[109, 119]]	[[806, 816]]	1
tr|Q5CSB3|Q5CSB3_CRYPI	Q6P995	[[131, 142]]	[[39, 50]]	1
tr|Q5CSB3|Q5CSB3_CRYPI	G9CGD6	[[212, 224]]	[[648, 660]]	1
tr|Q5CSB4|Q5CSB4_CRYPI	Q8IYT4	[[129, 141], [164, 179]]	[[248, 260], [283, 298]]	2
tr|Q5CSB4|Q5CSB4_CRYPI	O75351	[[142, 161], [276, 296], [197, 208], [227, 243], [246, 265]]	[[141, 160], [271, 291], [197, 208], [227, 243], [246, 265]]	5
tr|Q5CSB4|Q5CSB4_CRYPI	O43933	[[169, 181]]	[[875, 887]]	1
tr|Q5CSB4|Q5CSB4_CRYPI	Q9NQ36	[[213, 222]]	[[951, 960]]	1
tr|Q5CSB4|Q5CSB4_CRYPI	Q9UN37	[[256, 268], [296, 308], [232, 255]]	[[249, 261], [284, 296], [225, 248]]	3
tr|Q5CSB4|Q5CSB4_CRYPI	P55072	[[300, 312]]	[[642, 654]]	1
tr|Q5CSB4|Q5CSB4_CRYPI	Q6IMN6	[[415, 426]]	[[577, 588]]	1
tr|Q5CSB7|Q5CSB7_CRYPI	P51530	[[203, 215]]	[[947, 959]]	1
tr|Q5CSB7|Q5CSB7_CRYPI	Q9Y4W6	[[276, 297], [355, 370], [403, 415], [439, 451], [381, 393], [528, 554]]	[[325, 346], [404, 419], [449, 461], [485, 497], [427, 439], [573, 599]]	6
tr|Q5CSB7|Q5CSB7_CRYPI	Q96TA2	[[310, 322]]	[[390, 402]]	1
tr|Q5CSB7|Q5CSB7_CRYPI	Q9UQ90	[[401, 413], [552, 564]]	[[449, 461], [597, 609]]	2
tr|Q5CSB9|Q5CSB9_CRYPI	O15050	[[175, 186]]	[[282, 293]]	1
tr|Q5CSC1|Q5CSC1_CRYPI	Q9BSM1	[[56, 73]]	[[56, 73]]	1
tr|Q5CSC1|Q5CSC1_CRYPI	Q86SE9	[[63, 75]]	[[34, 46]]	1
tr|Q5CSC2|Q5CSC2_CRYPI	P51946	[[98, 110]]	[[92, 104]]	1
tr|Q5CSC3|Q5CSC3_CRYPI	Q96F44	[[35, 44]]	[[30, 39]]	1
tr|Q5CSC3|Q5CSC3_CRYPI	Q15075	[[35, 47]]	[[1376, 1388]]	1
tr|Q5CSC5|Q5CSC5_CRYPI	O75330	[[240, 248]]	[[581, 589]]	1
tr|Q5CSC5|Q5CSC5_CRYPI	Q7Z6I8	[[325, 337]]	[[86, 98]]	1
tr|Q5CSC6|Q5CSC6_CRYPI	Q99626	[[139, 150]]	[[260, 271]]	1
tr|Q5CSC6|Q5CSC6_CRYPI	Q92858	[[158, 169]]	[[27, 38]]	1
tr|Q5CSC6|Q5CSC6_CRYPI	Q5T481	[[158, 170]]	[[40, 52]]	1
tr|Q5CSC6|Q5CSC6_CRYPI	Q6UUV9	[[160, 170]]	[[361, 371]]	1
tr|Q5CSC6|Q5CSC6_CRYPI	Q96L91	[[161, 173]]	[[2543, 2555]]	1
tr|Q5CSC6|Q5CSC6_CRYPI	Q9H161	[[163, 175]]	[[96, 108]]	1
tr|Q5CSC6|Q5CSC6_CRYPI	Q8TDN4	[[166, 176]]	[[29, 39]]	1
tr|Q5CSC6|Q5CSC6_CRYPI	Q69YN4	[[167, 177]]	[[144, 154]]	1
tr|Q5CSC6|Q5CSC6_CRYPI	Q8WUF5	[[169, 181]]	[[409, 421]]	1
tr|Q5CSC6|Q5CSC6_CRYPI	Q9BZM3	[[227, 235]]	[[122, 130]]	1
tr|Q5CSC8|Q5CSC8_CRYPI	Q6Q0C0	[[34, 44]]	[[265, 275]]	1
tr|Q5CSC8|Q5CSC8_CRYPI	Q9ULD9	[[573, 583]]	[[999, 1009]]	1
tr|Q5CSC9|Q5CSC9_CRYPI	O94851	[[429, 439]]	[[1592, 1602]]	1
tr|Q5CSC9|Q5CSC9_CRYPI	Q9HBM0	[[631, 641]]	[[356, 366]]	1
tr|Q5CSD0|Q5CSD0_CRYPI	P53992	[[28, 40]]	[[670, 682]]	1
tr|Q5CSD1|Q5CSD1_CRYPI	Q14980	[[103, 114]]	[[471, 482]]	1
tr|Q5CSD1|Q5CSD1_CRYPI	P42680	[[128, 138]]	[[459, 469]]	1
tr|Q5CSD1|Q5CSD1_CRYPI	Q09472	[[231, 242]]	[[1551, 1562]]	1
tr|Q5CSD4|Q5CSD4_CRYPI	Q9Y4H2	[[1032, 1041]]	[[20, 29]]	1
tr|Q5CSD4|Q5CSD4_CRYPI	Q5TD94	[[1263, 1274]]	[[564, 575]]	1
tr|Q5CSD4|Q5CSD4_CRYPI	P38570	[[1265, 1277]]	[[185, 197]]	1
tr|Q5CSD4|Q5CSD4_CRYPI	P46100	[[1267, 1279]]	[[1448, 1460]]	1
tr|Q5CSD4|Q5CSD4_CRYPI	Q8WYB5	[[1268, 1280]]	[[1072, 1084]]	1
tr|Q5CSD4|Q5CSD4_CRYPI	P26583	[[1271, 1283]]	[[187, 199]]	1
tr|Q5CSD4|Q5CSD4_CRYPI	Q9H116	[[1273, 1285]]	[[298, 310]]	1
tr|Q5CSD4|Q5CSD4_CRYPI	O94763	[[1432, 1449]]	[[300, 312]]	1
tr|Q5CSD4|Q5CSD4_CRYPI	Q9BXN1	[[1432, 1448]]	[[37, 49]]	1
tr|Q5CSD4|Q5CSD4_CRYPI	Q9UL54	[[1455, 1466]]	[[375, 386]]	1
tr|Q5CSD4|Q5CSD4_CRYPI	Q9BWU0	[[1457, 1469]]	[[595, 607]]	1
tr|Q5CSD4|Q5CSD4_CRYPI	P31273	[[1458, 1470]]	[[228, 240]]	1
tr|Q5CSD4|Q5CSD4_CRYPI	Q9NW13	[[1468, 1479]]	[[220, 231]]	1
tr|Q5CSD4|Q5CSD4_CRYPI	Q9P1Z9	[[1471, 1482]]	[[777, 788]]	1
tr|Q5CSD4|Q5CSD4_CRYPI	Q68D86	[[38, 50]]	[[346, 358]]	1
tr|Q5CSD4|Q5CSD4_CRYPI	Q9NRR4	[[738, 747]]	[[984, 993]]	1
tr|Q5CSD5|Q5CSD5_CRYPI	Q9HCJ0	[[1004, 1015]]	[[966, 977]]	1
tr|Q5CSD5|Q5CSD5_CRYPI	Q12996	[[295, 307]]	[[251, 263]]	1
tr|Q5CSD5|Q5CSD5_CRYPI	Q9Y4H2	[[462, 471]]	[[20, 29]]	1
tr|Q5CSD5|Q5CSD5_CRYPI	Q2M2I8	[[792, 800]]	[[695, 703]]	1
tr|Q5CSD7|Q5CSD7_CRYPI	P00568	[[20, 33], [134, 157]]	[[16, 29], [126, 149]]	2
tr|Q5CSD7|Q5CSD7_CRYPI	P27144	[[17, 27]]	[[10, 20]]	1
tr|Q5CSD7|Q5CSD7_CRYPI	P54819	[[17, 28]]	[[20, 31]]	1
tr|Q5CSD7|Q5CSD7_CRYPI	P30085	[[63, 81], [93, 111], [23, 34]]	[[55, 73], [88, 106], [14, 25]]	3
tr|Q5CSD8|Q5CSD8_CRYPI	O43633	[[390, 401]]	[[25, 36]]	1
tr|Q5CSD8|Q5CSD8_CRYPI	O15234	[[38, 50]]	[[90, 102]]	1
tr|Q5CSD8|Q5CSD8_CRYPI	Q96RY7	[[6, 15]]	[[949, 958]]	1
tr|Q5CSD8|Q5CSD8_CRYPI	Q12873	[[46, 59]]	[[433, 446]]	1
tr|Q5CSD8|Q5CSD8_CRYPI	Q86SE8	[[52, 64]]	[[138, 150]]	1
tr|Q5CSD8|Q5CSD8_CRYPI	Q14789	[[536, 545]]	[[2069, 2078]]	1
tr|Q5CSD8|Q5CSD8_CRYPI	P19338	[[53, 65]]	[[153, 165]]	1
tr|Q5CSD8|Q5CSD8_CRYPI	Q9NQZ2	[[629, 641]]	[[416, 428]]	1
tr|Q5CSD8|Q5CSD8_CRYPI	Q5T011	[[80, 91]]	[[1868, 1879]]	1
tr|Q5CSE0|Q5CSE0_CRYPI	Q63HN8	[[110, 121]]	[[411, 422]]	1
tr|Q5CSE1|Q5CSE1_CRYPI	Q9BX26	[[160, 174]]	[[801, 815]]	1
tr|Q5CSE1|Q5CSE1_CRYPI	O00468	[[4, 15]]	[[401, 412]]	1
tr|Q5CSE2|Q5CSE2_CRYPI	Q13243	[[253, 263]]	[[223, 233]]	1
tr|Q5CSE2|Q5CSE2_CRYPI	Q9NYV4	[[255, 267]]	[[371, 383]]	1
tr|Q5CSE2|Q5CSE2_CRYPI	O95232	[[257, 268]]	[[291, 302]]	1
tr|Q5CSE2|Q5CSE2_CRYPI	Q9NWB6	[[260, 271]]	[[3, 14]]	1
tr|Q5CSE2|Q5CSE2_CRYPI	O14979	[[316, 325]]	[[351, 360]]	1
tr|Q5CSE2|Q5CSE2_CRYPI	Q96DV4	[[370, 381]]	[[363, 374]]	1
tr|Q5CSE2|Q5CSE2_CRYPI	Q5T200	[[389, 400]]	[[753, 764]]	1
tr|Q5CSE2|Q5CSE2_CRYPI	Q16630	[[391, 402]]	[[521, 532]]	1
tr|Q5CSE2|Q5CSE2_CRYPI	Q8WVK2	[[394, 403]]	[[19, 28]]	1
tr|Q5CSE2|Q5CSE2_CRYPI	Q7Z3B3	[[6, 14]]	[[852, 860]]	1
tr|Q5CSE4|Q5CSE4_CRYPI	P0C7P3	[[2345, 2356]]	[[44, 55]]	1
tr|Q5CSE4|Q5CSE4_CRYPI	Q5VXT5	[[2383, 2411]]	[[242, 256]]	1
tr|Q5CSE4|Q5CSE4_CRYPI	Q96MM7	[[2402, 2416]]	[[536, 548]]	1
tr|Q5CSE4|Q5CSE4_CRYPI	Q9UD71	[[3478, 3488]]	[[119, 129]]	1
tr|Q5CSE4|Q5CSE4_CRYPI	P07199	[[3479, 3490]]	[[456, 467]]	1
tr|Q5CSE4|Q5CSE4_CRYPI	Q15398	[[3751, 3761]]	[[579, 589]]	1
tr|Q5CSE5|Q5CSE5_CRYPI	Q8WXI7	[[186, 198]]	[[3654, 3666]]	1
tr|Q5CSE6|Q5CSE6_CRYPI	Q8IWU4	[[93, 104]]	[[137, 148]]	1
tr|Q5CSE7|Q5CSE7_CRYPI	P60174	[[1, 12], [206, 215], [228, 242]]	[[3, 14], [205, 214], [227, 241]]	3
tr|Q5CSE8|Q5CSE8_CRYPI	Q96S15	[[809, 818]]	[[778, 787]]	1
tr|Q5CSE9|Q5CSE9_CRYPI	Q8WXH0	[[12, 22]]	[[1928, 1938]]	1
tr|Q5CSE9|Q5CSE9_CRYPI	P09972	[[123, 136]]	[[118, 131]]	1
tr|Q5CSE9|Q5CSE9_CRYPI	P05062	[[178, 198], [303, 315]]	[[171, 191], [297, 309]]	2
tr|Q5CSE9|Q5CSE9_CRYPI	P04075	[[306, 320]]	[[300, 314]]	1
tr|Q5CSF0|Q5CSF0_CRYPI	P33947	[[177, 197]]	[[117, 137]]	1
tr|Q5CSF4|Q5CSF4_CRYPI	Q13614	[[149, 160]]	[[510, 521]]	1
tr|Q5CSF4|Q5CSF4_CRYPI	Q9UBS3	[[84, 92]]	[[51, 59]]	1
tr|Q5CSF5|Q5CSF5_CRYPI	P78362	[[181, 194]]	[[157, 170]]	1
tr|Q5CSF5|Q5CSF5_CRYPI	Q9UPE1	[[68, 95], [233, 244], [538, 561]]	[[66, 93], [207, 218], [406, 429]]	3
tr|Q5CSF5|Q5CSF5_CRYPI	O00506	[[571, 582]]	[[191, 202]]	1
tr|Q5CSF5|Q5CSF5_CRYPI	O95382	[[575, 584]]	[[829, 838]]	1
tr|Q5CSF5|Q5CSF5_CRYPI	Q6ZN16	[[575, 588]]	[[831, 844]]	1
tr|Q5CSF7|Q5CSF7_CRYPI	Q8TF72	[[107, 119]]	[[1013, 1025]]	1
tr|Q5CSF7|Q5CSF7_CRYPI	Q69YQ0	[[153, 162]]	[[259, 268]]	1
tr|Q5CSF9|Q5CSF9_CRYPI	Q8NI36	[[144, 156]]	[[153, 165]]	1
tr|Q5CSF9|Q5CSF9_CRYPI	Q9NVX2	[[259, 271]]	[[172, 184]]	1
tr|Q5CSF9|Q5CSF9_CRYPI	Q9NZR2	[[93, 103]]	[[3916, 3926]]	1
tr|Q5CSG0|Q5CSG0_CRYPI	Q14517	[[54, 63]]	[[159, 168]]	1
tr|Q5CSG1|Q5CSG1_CRYPI	Q96FB5	[[277, 289]]	[[235, 247]]	1
tr|Q5CSG2|Q5CSG2_CRYPI	Q8NF91	[[1177, 1188]]	[[8124, 8135]]	1
tr|Q5CSG2|Q5CSG2_CRYPI	Q16531	[[1208, 1221]]	[[917, 930]]	1
tr|Q5CSG2|Q5CSG2_CRYPI	Q92527	[[1382, 1393]]	[[18, 29]]	1
tr|Q5CSG2|Q5CSG2_CRYPI	Q13823	[[993, 1004]]	[[1, 12]]	1
tr|Q5CSG3|Q5CSG3_CRYPI	Q12923	[[133, 146]]	[[506, 519]]	1
tr|Q5CSG5|Q5CSG5_CRYPI	Q96J86	[[8, 20]]	[[104, 116]]	1
tr|Q5CSG7|Q5CSG7_CRYPI	Q9H9Y6	[[1015, 1036], [1166, 1179], [794, 806], [767, 780], [1125, 1138], [519, 536], [990, 1002], [823, 847]]	[[899, 920], [1032, 1045], [705, 717], [678, 691], [991, 1004], [494, 511], [874, 886], [734, 758]]	8
tr|Q5CSG7|Q5CSG7_CRYPI	Q9NW08	[[759, 776], [828, 841], [1173, 1185]]	[[668, 685], [737, 750], [1049, 1061]]	3
tr|Q5CSG7|Q5CSG7_CRYPI	O14576	[[623, 635]]	[[121, 133]]	1
tr|Q5CSG7|Q5CSG7_CRYPI	Q5QJE6	[[718, 728]]	[[655, 665]]	1
tr|Q5CSG8|Q5CSG8_CRYPI	Q9NTK5	[[221, 240]]	[[219, 238]]	1
tr|Q5CSG9|Q5CSG9_CRYPI	Q86UT6	[[390, 402]]	[[168, 180]]	1
tr|Q5CSH0|Q5CSH0_CRYPI	Q6X4W1	[[453, 463]]	[[363, 373]]	1
tr|Q5CSH0|Q5CSH0_CRYPI	P07942	[[62, 71]]	[[1282, 1291]]	1
tr|Q5CSH2|Q5CSH2_CRYPI	Q9Y4R8	[[78, 86]]	[[182, 190]]	1
tr|Q5CSH3|Q5CSH3_CRYPI	O15160	[[37, 49]]	[[76, 88]]	1
tr|Q5CSH3|Q5CSH3_CRYPI	P19387	[[62, 76]]	[[59, 73]]	1
tr|Q5CSH4|Q5CSH4_CRYPI	A6NK02	[[102, 110]]	[[441, 449]]	1
tr|Q5CSH4|Q5CSH4_CRYPI	P53582	[[302, 315], [165, 186], [368, 386], [41, 57], [193, 243], [317, 349], [117, 129]]	[[283, 296], [146, 167], [349, 367], [34, 50], [174, 224], [298, 330], [98, 110]]	7
tr|Q5CSH4|Q5CSH4_CRYPI	Q6UB28	[[192, 203], [232, 244]]	[[131, 142], [171, 183]]	2
tr|Q5CSH5|Q5CSH5_CRYPI	O43709	[[120, 139], [10, 21], [155, 167], [50, 66], [192, 205]]	[[119, 138], [12, 23], [154, 166], [53, 69], [191, 204]]	5
tr|Q5CSH5|Q5CSH5_CRYPI	P55345	[[53, 63]]	[[140, 150]]	1
tr|Q5CSH6|Q5CSH6_CRYPI	P61599	[[163, 172], [91, 103]]	[[145, 154], [67, 79]]	2
tr|Q5CSH6|Q5CSH6_CRYPI	Q8TEA7	[[4, 14]]	[[287, 297]]	1
tr|Q5CSH7|Q5CSH7_CRYPI	Q96K83	[[44, 52]]	[[311, 319]]	1
tr|Q5CSH7|Q5CSH7_CRYPI	Q9NYG5	[[95, 105]]	[[72, 82]]	1
tr|Q5CSH8|Q5CSH8_CRYPI	O15075	[[148, 161]]	[[502, 515]]	1
tr|Q5CSH8|Q5CSH8_CRYPI	O95382	[[230, 242]]	[[827, 839]]	1
tr|Q5CSH8|Q5CSH8_CRYPI	Q56UN5	[[233, 243]]	[[1248, 1258]]	1
tr|Q5CSH9|Q5CSH9_CRYPI	Q5TKA1	[[229, 239]]	[[462, 472]]	1
tr|Q5CSI0|Q5CSI0_CRYPI	Q9P2J3	[[650, 661]]	[[268, 279]]	1
tr|Q5CSI0|Q5CSI0_CRYPI	Q8IYB4	[[695, 702]]	[[314, 321]]	1
tr|Q5CSI1|Q5CSI1_CRYPI	O75529	[[552, 563]]	[[414, 425]]	1
tr|Q5CSI1|Q5CSI1_CRYPI	Q6IA86	[[579, 591]]	[[78, 90]]	1
tr|Q5CSI3|Q5CSI3_CRYPI	P36969	[[89, 98]]	[[169, 178]]	1
tr|Q5CSI4|Q5CSI4_CRYPI	Q8TCU3	[[1144, 1154]]	[[371, 381]]	1
tr|Q5CSI4|Q5CSI4_CRYPI	Q8IXW5	[[607, 619]]	[[522, 534]]	1
tr|Q5CSI4|Q5CSI4_CRYPI	Q96S06	[[781, 793]]	[[268, 280]]	1
tr|Q5CSI7|Q5CSI7_CRYPI	P21333	[[239, 251]]	[[1597, 1609]]	1
tr|Q5CSI8|Q5CSI8_CRYPI	P21359	[[1156, 1165]]	[[2379, 2388]]	1
tr|Q5CSJ0|Q5CSJ0_CRYPI	Q8NHL6	[[57, 69]]	[[469, 481]]	1
tr|Q5CSJ3|Q5CSJ3_CRYPI	Q8TDI0	[[582, 593]]	[[101, 112]]	1
tr|Q5CSJ3|Q5CSJ3_CRYPI	Q9H9T3	[[698, 710]]	[[471, 483]]	1
tr|Q5CSJ4|Q5CSJ4_CRYPI	P51508	[[362, 370]]	[[199, 207]]	1
tr|Q5CSJ6|Q5CSJ6_CRYPI	Q9H3M0	[[304, 312]]	[[63, 71]]	1
tr|Q5CSJ7|Q5CSJ7_CRYPI	Q92878	[[1015, 1030], [176, 190], [952, 995], [43, 59], [86, 98], [901, 920], [198, 209]]	[[1257, 1272], [152, 166], [1194, 1237], [34, 50], [76, 88], [1153, 1172], [174, 185]]	7
tr|Q5CSJ7|Q5CSJ7_CRYPI	Q9H6S0	[[41, 53]]	[[212, 224]]	1
tr|Q5CSJ9|Q5CSJ9_CRYPI	P16284	[[203, 212]]	[[13, 22]]	1
tr|Q5CSJ9|Q5CSJ9_CRYPI	E5RG02	[[27, 39]]	[[126, 138]]	1
tr|Q5CSK0|Q5CSK0_CRYPI	Q8TAA1	[[457, 466]]	[[18, 27]]	1
tr|Q5CSK0|Q5CSK0_CRYPI	A2RRP1	[[482, 491]]	[[342, 351]]	1
tr|Q5CSK0|Q5CSK0_CRYPI	O94813	[[51, 61]]	[[658, 668]]	1
tr|Q5CSK1|Q5CSK1_CRYPI	Q8N413	[[251, 262]]	[[220, 231]]	1
tr|Q5CSK1|Q5CSK1_CRYPI	Q9BQT8	[[28, 39]]	[[29, 40]]	1
tr|Q5CSK4|Q5CSK4_CRYPI	A0A3B3IRV3	[[37, 48]]	[[17, 28]]	1
tr|Q5CSK6|Q5CSK6_CRYPI	O00160	[[1151, 1161]]	[[230, 240]]	1
tr|Q5CSK6|Q5CSK6_CRYPI	O95171	[[1463, 1473]]	[[226, 236]]	1
tr|Q5CSK6|Q5CSK6_CRYPI	P31751	[[483, 493]]	[[400, 410]]	1
tr|Q5CSK8|Q5CSK8_CRYPI	Q5JNZ5	[[11, 23]]	[[11, 23]]	1
tr|Q5CSK8|Q5CSK8_CRYPI	P62854	[[3, 18], [20, 41]]	[[3, 18], [20, 41]]	2
tr|Q5CSK9|Q5CSK9_CRYPI	P52434	[[82, 97]]	[[85, 100]]	1
tr|Q5CSL0|Q5CSL0_CRYPI	Q9C0I4	[[73, 83]]	[[1215, 1225]]	1
tr|Q5CSL0|Q5CSL0_CRYPI	P62318	[[93, 106]]	[[71, 84]]	1
tr|Q5CSL3|Q5CSL3_CRYPI	Q9NVR0	[[125, 135]]	[[552, 562]]	1
tr|Q5CSL5|Q5CSL5_CRYPI	P35250	[[381, 391]]	[[75, 85]]	1
tr|Q5CSL5|Q5CSL5_CRYPI	O15381	[[436, 445]]	[[358, 367]]	1
tr|Q5CSL6|Q5CSL6_CRYPI	Q9H7B4	[[305, 313]]	[[204, 212]]	1
tr|Q5CSL7|Q5CSL7_CRYPI	Q9NZJ5	[[271, 282]]	[[901, 912]]	1
tr|Q5CSL7|Q5CSL7_CRYPI	Q9Y6D5	[[581, 591]]	[[715, 725]]	1
tr|Q5CSM0|Q5CSM0_CRYPI	P47897	[[109, 122]]	[[333, 346]]	1
tr|Q5CSM1|Q5CSM1_CRYPI	Q92994	[[533, 543]]	[[276, 286]]	1
tr|Q5CSM6|Q5CSM6_CRYPI	Q6ZS30	[[178, 188]]	[[2404, 2414]]	1
tr|Q5CSM6|Q5CSM6_CRYPI	P55268	[[211, 223]]	[[832, 844]]	1
tr|Q5CSM6|Q5CSM6_CRYPI	Q9NVX2	[[235, 247]]	[[388, 400]]	1
tr|Q5CSM7|Q5CSM7_CRYPI	P30613	[[270, 283]]	[[307, 320]]	1
tr|Q5CSM7|Q5CSM7_CRYPI	P14618	[[74, 86], [49, 60], [332, 350]]	[[67, 79], [42, 53], [326, 344]]	3
tr|Q5CSM7|Q5CSM7_CRYPI	O95714	[[57, 66]]	[[1820, 1829]]	1
tr|Q5CSN1|Q5CSN1_CRYPI	Q8N3E9	[[237, 249]]	[[69, 81]]	1
tr|Q5CSN2|Q5CSN2_CRYPI	P49356	[[356, 368]]	[[332, 344]]	1
tr|Q5CSN4|Q5CSN4_CRYPI	Q9Y535	[[124, 136]]	[[98, 110]]	1
tr|Q5CSN6|Q5CSN6_CRYPI	Q09028	[[228, 241], [405, 418], [36, 48]]	[[194, 207], [343, 356], [20, 32]]	3
tr|Q5CSN6|Q5CSN6_CRYPI	Q96JK2	[[282, 294]]	[[162, 174]]	1
tr|Q5CSN6|Q5CSN6_CRYPI	Q2TAY7	[[396, 408]]	[[365, 377]]	1
tr|Q5CSN7|Q5CSN7_CRYPI	Q8IYD8	[[1024, 1036]]	[[398, 410]]	1
tr|Q5CSN7|Q5CSN7_CRYPI	P08962	[[2047, 2059]]	[[169, 181]]	1
tr|Q5CSN7|Q5CSN7_CRYPI	Q8NCJ5	[[2062, 2073]]	[[397, 408]]	1
tr|Q5CSN7|Q5CSN7_CRYPI	Q9BSW7	[[2403, 2415]]	[[372, 384]]	1
tr|Q5CSN7|Q5CSN7_CRYPI	Q99689	[[2434, 2445]]	[[48, 59]]	1
tr|Q5CSN7|Q5CSN7_CRYPI	A6NMS3	[[386, 396]]	[[79, 89]]	1
tr|Q5CSN7|Q5CSN7_CRYPI	Q8NGY3	[[4049, 4059]]	[[77, 87]]	1
tr|Q5CSN7|Q5CSN7_CRYPI	P20929	[[4377, 4386]]	[[7281, 7290]]	1
tr|Q5CSN7|Q5CSN7_CRYPI	Q05086	[[4566, 4574]]	[[836, 844]]	1
tr|Q5CSN7|Q5CSN7_CRYPI	Q15751	[[4566, 4577]]	[[4804, 4815]]	1
tr|Q5CSN9|Q5CSN9_CRYPI	Q9NWZ5	[[218, 232]]	[[517, 531]]	1
tr|Q5CSP2|Q5CSP2_CRYPI	O43298	[[185, 194]]	[[345, 354]]	1
tr|Q5CSP3|Q5CSP3_CRYPI	Q9UBB9	[[109, 119]]	[[151, 161]]	1
tr|Q5CSP3|Q5CSP3_CRYPI	Q8N302	[[110, 121]]	[[622, 633]]	1
tr|Q5CSP4|Q5CSP4_CRYPI	P52746	[[126, 137]]	[[480, 491]]	1
tr|Q5CSP4|Q5CSP4_CRYPI	Q13111	[[494, 506]]	[[594, 606]]	1
tr|Q5CSP5|Q5CSP5_CRYPI	Q00765	[[102, 119]]	[[81, 98]]	1
tr|Q5CSP5|Q5CSP5_CRYPI	Q96HR9	[[106, 117], [77, 92]]	[[84, 95], [55, 70]]	2
tr|Q5CSP5|Q5CSP5_CRYPI	Q9BQ16	[[101, 109]]	[[38, 46]]	1
tr|Q5CSP8|Q5CSP8_CRYPI	Q8NHX9	[[300, 312]]	[[467, 479]]	1
tr|Q5CSP8|Q5CSP8_CRYPI	O00237	[[626, 636]]	[[637, 647]]	1
tr|Q5CSQ3|Q5CSQ3_CRYPI	Q9Y2Z9	[[121, 130]]	[[72, 81]]	1
tr|Q5CSQ3|Q5CSQ3_CRYPI	A8MT33	[[197, 208]]	[[47, 58]]	1
tr|Q5CSQ5|Q5CSQ5_CRYPI	Q13395	[[1771, 1789]]	[[1582, 1600]]	1
tr|Q5CSQ5|Q5CSQ5_CRYPI	Q9Y4F5	[[682, 691]]	[[1455, 1464]]	1
tr|Q5CSQ6|Q5CSQ6_CRYPI	Q96HS1	[[232, 244]]	[[224, 236]]	1
tr|Q5CSQ7|Q5CSQ7_CRYPI	Q6ZU52	[[300, 311]]	[[215, 226]]	1
tr|Q5CSQ7|Q5CSQ7_CRYPI	Q38SD2	[[557, 570]]	[[1835, 1848]]	1
tr|Q5CSQ8|Q5CSQ8_CRYPI	Q3B7T1	[[581, 593]]	[[937, 949]]	1
tr|Q5CSQ9|Q5CSQ9_CRYPI	P14735	[[94, 106], [854, 866]]	[[110, 122], [822, 834]]	2
tr|Q5CSR0|Q5CSR0_CRYPI	Q13895	[[279, 301], [195, 212]]	[[274, 296], [191, 208]]	2
tr|Q5CSR1|Q5CSR1_CRYPI	Q9Y3U8	[[50, 65]]	[[48, 63]]	1
tr|Q5CSR2|Q5CSR2_CRYPI	Q13315	[[72, 84]]	[[96, 108]]	1
tr|Q5CSR3|Q5CSR3_CRYPI	Q9NZC3	[[1437, 1449]]	[[304, 316]]	1
tr|Q5CSR3|Q5CSR3_CRYPI	Q9P2D3	[[255, 267]]	[[91, 103]]	1
tr|Q5CSR3|Q5CSR3_CRYPI	Q8TAT6	[[479, 488]]	[[499, 508]]	1
tr|Q5CSR3|Q5CSR3_CRYPI	C9JL84	[[498, 508]]	[[21, 31]]	1
tr|Q5CSR5|Q5CSR5_CRYPI	P23443	[[75, 83]]	[[88, 96]]	1
tr|Q5CSR7|Q5CSR7_CRYPI	Q9BX68	[[109, 123]]	[[142, 156]]	1
tr|Q5CSR9|Q5CSR9_CRYPI	Q14246	[[144, 153]]	[[198, 207]]	1
tr|Q5CSR9|Q5CSR9_CRYPI	P35556	[[144, 156]]	[[2364, 2376]]	1
tr|Q5CSR9|Q5CSR9_CRYPI	P31314	[[587, 599]]	[[312, 324]]	1
tr|Q5CSR9|Q5CSR9_CRYPI	Q12830	[[822, 834]]	[[2513, 2525]]	1
tr|Q5CSS0|Q5CSS0_CRYPI	Q13123	[[103, 115]]	[[343, 355]]	1
tr|Q5CSS0|Q5CSS0_CRYPI	P18615	[[105, 118]]	[[199, 212]]	1
tr|Q5CSS0|Q5CSS0_CRYPI	Q9HC52	[[115, 131]]	[[147, 163]]	1
tr|Q5CSS0|Q5CSS0_CRYPI	Q9Y618	[[152, 164]]	[[1800, 1812]]	1
tr|Q5CSS0|Q5CSS0_CRYPI	Q9NQ29	[[204, 213]]	[[271, 280]]	1
tr|Q5CSS0|Q5CSS0_CRYPI	Q8WXA9	[[204, 218]]	[[377, 391]]	1
tr|Q5CSS0|Q5CSS0_CRYPI	Q86U06	[[237, 249]]	[[74, 86]]	1
tr|Q5CSS0|Q5CSS0_CRYPI	Q5VTL8	[[34, 45]]	[[364, 375]]	1
tr|Q5CSS0|Q5CSS0_CRYPI	O15050	[[73, 81]]	[[2349, 2357]]	1
tr|Q5CSS0|Q5CSS0_CRYPI	Q5T200	[[92, 103]]	[[715, 726]]	1
tr|Q5CSS1|Q5CSS1_CRYPI	Q96AV8	[[190, 201]]	[[178, 189]]	1
tr|Q5CSS1|Q5CSS1_CRYPI	O75461	[[191, 203]]	[[96, 108]]	1
tr|Q5CSS1|Q5CSS1_CRYPI	O00716	[[192, 206]]	[[212, 226]]	1
tr|Q5CSS1|Q5CSS1_CRYPI	Q16254	[[198, 210]]	[[58, 70]]	1
tr|Q5CSS2|Q5CSS2_CRYPI	Q7Z7A1	[[71, 80]]	[[1108, 1117]]	1
tr|Q5CSS3|Q5CSS3_CRYPI	O14576	[[420, 432]]	[[406, 418]]	1
tr|Q5CSS3|Q5CSS3_CRYPI	Q15291	[[551, 560]]	[[299, 308]]	1
tr|Q5CSS3|Q5CSS3_CRYPI	Q9C0J8	[[552, 564]]	[[336, 348]]	1
tr|Q5CSS3|Q5CSS3_CRYPI	Q53EL6	[[56, 67]]	[[18, 29]]	1
tr|Q5CSS4|Q5CSS4_CRYPI	O00232	[[181, 195]]	[[131, 145]]	1
tr|Q5CSS5|Q5CSS5_CRYPI	P22223	[[1848, 1859]]	[[268, 279]]	1
tr|Q5CSS5|Q5CSS5_CRYPI	P48066	[[2382, 2391]]	[[322, 331]]	1
tr|Q5CSS5|Q5CSS5_CRYPI	P35555	[[34, 46]]	[[2152, 2164]]	1
tr|Q5CSS5|Q5CSS5_CRYPI	Q9Y6X3	[[600, 608]]	[[327, 335]]	1
tr|Q5CST0|Q5CST0_CRYPI	B5MCY1	[[259, 268]]	[[1271, 1280]]	1
tr|Q5CST0|Q5CST0_CRYPI	Q05195	[[352, 362]]	[[100, 110]]	1
tr|Q5CST1|Q5CST1_CRYPI	Q13129	[[157, 166]]	[[1105, 1114]]	1
tr|Q5CST1|Q5CST1_CRYPI	Q6KC79	[[614, 625]]	[[1460, 1471]]	1
tr|Q5CST2|Q5CST2_CRYPI	Q5VZK9	[[103, 115]]	[[20, 32]]	1
tr|Q5CST5|Q5CST5_CRYPI	Q9NQV5	[[739, 750]]	[[331, 342]]	1
tr|Q5CST5|Q5CST5_CRYPI	A6NMT0	[[805, 817]]	[[326, 338]]	1
tr|Q5CST5|Q5CST5_CRYPI	Q9HCG8	[[807, 819]]	[[427, 439]]	1
tr|Q5CST6|Q5CST6_CRYPI	Q96P70	[[120, 131]]	[[978, 989]]	1
tr|Q5CST7|Q5CST7_CRYPI	Q96MV8	[[144, 156]]	[[150, 162]]	1
tr|Q5CST7|Q5CST7_CRYPI	Q9H6R6	[[147, 159]]	[[123, 135]]	1
tr|Q5CST8|Q5CST8_CRYPI	Q96LZ3	[[121, 133]]	[[103, 115]]	1
tr|Q5CST8|Q5CST8_CRYPI	Q14651	[[82, 94]]	[[65, 77]]	1
tr|Q5CST9|Q5CST9_CRYPI	P22314	[[146, 155]]	[[293, 302]]	1
tr|Q5CSU0|Q5CSU0_CRYPI	Q86V24	[[198, 209]]	[[358, 369]]	1
tr|Q5CSU0|Q5CSU0_CRYPI	Q9UPX8	[[292, 304]]	[[1302, 1314]]	1
tr|Q5CSU0|Q5CSU0_CRYPI	Q13698	[[377, 388]]	[[927, 938]]	1
tr|Q5CSU0|Q5CSU0_CRYPI	Q9H222	[[510, 520]]	[[85, 95]]	1
tr|Q5CSU0|Q5CSU0_CRYPI	Q9UBJ2	[[616, 628]]	[[610, 622]]	1
tr|Q5CSU0|Q5CSU0_CRYPI	P21439	[[714, 728]]	[[582, 596]]	1
tr|Q5CSU2|Q5CSU2_CRYPI	P26368	[[38, 50]]	[[295, 307]]	1
tr|Q5CSU3|Q5CSU3_CRYPI	P30988	[[18, 26]]	[[388, 396]]	1
tr|Q5CSU3|Q5CSU3_CRYPI	Q86U86	[[194, 205]]	[[714, 725]]	1
tr|Q5CSU6|Q5CSU6_CRYPI	Q6ICB0	[[134, 146]]	[[123, 135]]	1
tr|Q5CSU6|Q5CSU6_CRYPI	Q8TF01	[[199, 209]]	[[536, 546]]	1
tr|Q5CSU6|Q5CSU6_CRYPI	Q8N7B9	[[208, 219]]	[[405, 416]]	1
tr|Q5CSU6|Q5CSU6_CRYPI	P98088	[[64, 75]]	[[1779, 1790]]	1
tr|Q5CSU8|Q5CSU8_CRYPI	Q9Y6W5	[[188, 199]]	[[315, 326]]	1
tr|Q5CSU8|Q5CSU8_CRYPI	Q8N8S7	[[190, 202]]	[[331, 343]]	1
tr|Q5CSU8|Q5CSU8_CRYPI	Q96PY5	[[191, 203]]	[[564, 576]]	1
tr|Q5CSU8|Q5CSU8_CRYPI	Q9C0D6	[[192, 206]]	[[57, 71]]	1
tr|Q5CSU8|Q5CSU8_CRYPI	O95466	[[193, 203]]	[[540, 550]]	1
tr|Q5CSU8|Q5CSU8_CRYPI	Q9UPS6	[[313, 324]]	[[1315, 1326]]	1
tr|Q5CSU8|Q5CSU8_CRYPI	Q9P209	[[398, 407]]	[[82, 91]]	1
tr|Q5CSU8|Q5CSU8_CRYPI	Q9NZN9	[[56, 67]]	[[192, 203]]	1
tr|Q5CSU8|Q5CSU8_CRYPI	Q5H9B9	[[975, 984]]	[[45, 54]]	1
tr|Q5CSU8|Q5CSU8_CRYPI	P78411	[[975, 985]]	[[184, 194]]	1
tr|Q5CSV0|Q5CSV0_CRYPI	Q674X7	[[751, 763]]	[[554, 566]]	1
tr|Q5CSV1|Q5CSV1_CRYPI	O75116	[[249, 261]]	[[165, 177]]	1
tr|Q5CSV1|Q5CSV1_CRYPI	O95835	[[385, 398], [310, 321], [296, 307]]	[[931, 944], [838, 849], [824, 835]]	3
tr|Q5CSV1|Q5CSV1_CRYPI	Q9NY57	[[296, 308]]	[[142, 154]]	1
tr|Q5CSV1|Q5CSV1_CRYPI	Q09013	[[297, 309]]	[[192, 204]]	1
tr|Q5CSV1|Q5CSV1_CRYPI	Q9Y5S2	[[298, 313]]	[[198, 213]]	1
tr|Q5CSV1|Q5CSV1_CRYPI	Q05513	[[303, 315]]	[[379, 391]]	1
tr|Q5CSV1|Q5CSV1_CRYPI	P51817	[[304, 316]]	[[176, 188]]	1
tr|Q5CSV1|Q5CSV1_CRYPI	Q9NRM7	[[308, 320]]	[[799, 811]]	1
tr|Q5CSV1|Q5CSV1_CRYPI	Q6P0Q8	[[311, 323]]	[[646, 658]]	1
tr|Q5CSV1|Q5CSV1_CRYPI	Q9UK32	[[312, 324]]	[[210, 222]]	1
tr|Q5CSV1|Q5CSV1_CRYPI	P57058	[[313, 322]]	[[199, 208]]	1
tr|Q5CSV1|Q5CSV1_CRYPI	O14578	[[365, 375]]	[[258, 268]]	1
tr|Q5CSV1|Q5CSV1_CRYPI	P41743	[[367, 379]]	[[416, 428]]	1
tr|Q5CSV1|Q5CSV1_CRYPI	Q16566	[[384, 393]]	[[221, 230]]	1
tr|Q5CSV1|Q5CSV1_CRYPI	P49759	[[457, 465]]	[[469, 477]]	1
tr|Q5CSV1|Q5CSV1_CRYPI	O00311	[[457, 468]]	[[561, 572]]	1
tr|Q5CSV2|Q5CSV2_CRYPI	Q9H6U6	[[201, 212]]	[[717, 728]]	1
tr|Q5CSV3|Q5CSV3_CRYPI	Q8N7U6	[[125, 134]]	[[59, 68]]	1
tr|Q5CSV5|Q5CSV5_CRYPI	Q00839	[[195, 203]]	[[600, 608]]	1
tr|Q5CSV5|Q5CSV5_CRYPI	Q92698	[[592, 641], [305, 319], [253, 262], [527, 544], [432, 449]]	[[578, 627], [325, 339], [273, 282], [513, 530], [446, 463]]	5
tr|Q5CSV5|Q5CSV5_CRYPI	Q9Y620	[[529, 540], [631, 652]]	[[662, 673], [764, 785]]	2
tr|Q5CSV6|Q5CSV6_CRYPI	Q9Y5K5	[[102, 123]]	[[77, 98]]	1
tr|Q5CSV6|Q5CSV6_CRYPI	Q92560	[[261, 273]]	[[224, 236]]	1
tr|Q5CSV6|Q5CSV6_CRYPI	P50748	[[332, 343]]	[[1661, 1672]]	1
tr|Q5CSV7|Q5CSV7_CRYPI	A1Z1Q3	[[49, 59]]	[[158, 168]]	1
tr|Q5CSV8|Q5CSV8_CRYPI	Q6ZNH5	[[112, 119]]	[[104, 111]]	1
tr|Q5CSV9|Q5CSV9_CRYPI	P06748	[[80, 89]]	[[262, 271]]	1
tr|Q5CSW1|Q5CSW1_CRYPI	P48651	[[201, 219]]	[[204, 222]]	1
tr|Q5CSW1|Q5CSW1_CRYPI	Q9BVG9	[[203, 214]]	[[234, 245]]	1
tr|Q5CSW1|Q5CSW1_CRYPI	Q9Y6L6	[[225, 237]]	[[388, 400]]	1
tr|Q5CSW1|Q5CSW1_CRYPI	Q16832	[[29, 40]]	[[410, 421]]	1
tr|Q5CSW2|Q5CSW2_CRYPI	Q8NI35	[[580, 588]]	[[768, 776]]	1
tr|Q5CSW4|Q5CSW4_CRYPI	Q9NUJ1	[[203, 214]]	[[242, 253]]	1
tr|Q5CSW5|Q5CSW5_CRYPI	Q9BTD8	[[38, 52], [97, 117]]	[[378, 392], [437, 457]]	2
tr|Q5CSW5|Q5CSW5_CRYPI	Q9BX46	[[74, 87]]	[[44, 57]]	1
tr|Q5CSW5|Q5CSW5_CRYPI	P31483	[[77, 89]]	[[142, 154]]	1
tr|Q5CSW9|Q5CSW9_CRYPI	Q86W34	[[162, 173]]	[[152, 163]]	1
tr|Q5CSX2|Q5CSX2_CRYPI	P17661	[[178, 188]]	[[225, 235]]	1
tr|Q5CSX3|Q5CSX3_CRYPI	Q13423	[[1082, 1098], [137, 152], [297, 313], [268, 280], [406, 416], [457, 477]]	[[520, 536], [699, 714], [861, 877], [832, 844], [973, 983], [1025, 1045]]	6
tr|Q5CSX3|Q5CSX3_CRYPI	Q69YN4	[[472, 484]]	[[841, 853]]	1
tr|Q5CSX3|Q5CSX3_CRYPI	P41182	[[804, 814]]	[[604, 614]]	1
tr|Q5CSX6|Q5CSX6_CRYPI	Q92985	[[132, 144]]	[[295, 307]]	1
tr|Q5CSX8|Q5CSX8_CRYPI	O43300	[[155, 166]]	[[271, 282]]	1
tr|Q5CSX8|Q5CSX8_CRYPI	P06748	[[211, 223]]	[[173, 185]]	1
tr|Q5CSX8|Q5CSX8_CRYPI	O94763	[[211, 223]]	[[305, 317]]	1
tr|Q5CSX8|Q5CSX8_CRYPI	Q9BXN1	[[214, 226]]	[[41, 53]]	1
tr|Q5CSX8|Q5CSX8_CRYPI	Q96AJ1	[[236, 248]]	[[370, 382]]	1
tr|Q5CSX8|Q5CSX8_CRYPI	Q9BZI1	[[237, 248]]	[[260, 271]]	1
tr|Q5CSX8|Q5CSX8_CRYPI	Q8IZL8	[[256, 269]]	[[904, 917]]	1
tr|Q5CSX8|Q5CSX8_CRYPI	Q9UKV3	[[262, 274]]	[[275, 287]]	1
tr|Q5CSX8|Q5CSX8_CRYPI	Q8TF50	[[263, 275]]	[[231, 243]]	1
tr|Q5CSX8|Q5CSX8_CRYPI	P09429	[[265, 277]]	[[185, 197]]	1
tr|Q5CSX8|Q5CSX8_CRYPI	O15047	[[266, 277]]	[[977, 988]]	1
tr|Q5CSX8|Q5CSX8_CRYPI	Q8IXQ4	[[284, 296]]	[[74, 86]]	1
tr|Q5CSX8|Q5CSX8_CRYPI	Q969K3	[[288, 298]]	[[221, 231]]	1
tr|Q5CSX9|Q5CSX9_CRYPI	Q562R1	[[171, 183]]	[[158, 170]]	1
tr|Q5CSX9|Q5CSX9_CRYPI	Q9BYD9	[[172, 184]]	[[157, 169]]	1
tr|Q5CSX9|Q5CSX9_CRYPI	Q6P5X7	[[39, 47]]	[[26, 34]]	1
tr|Q5CSY0|Q5CSY0_CRYPI	O76080	[[144, 157], [30, 43]]	[[158, 171], [17, 30]]	2
tr|Q5CSY0|Q5CSY0_CRYPI	Q6GQQ9	[[29, 41]]	[[805, 817]]	1
tr|Q5CSY2|Q5CSY2_CRYPI	Q9UNP9	[[98, 114], [131, 146]]	[[200, 216], [234, 249]]	2
tr|Q5CSY2|Q5CSY2_CRYPI	P62937	[[104, 120]]	[[70, 86]]	1
tr|Q5CSY2|Q5CSY2_CRYPI	P23284	[[105, 117]]	[[111, 123]]	1
tr|Q5CSY2|Q5CSY2_CRYPI	P49792	[[84, 94], [110, 122]]	[[3110, 3120], [3136, 3148]]	2
tr|Q5CSY2|Q5CSY2_CRYPI	Q9H2H8	[[129, 141]]	[[85, 97]]	1
tr|Q5CSY2|Q5CSY2_CRYPI	O43447	[[154, 166]]	[[133, 145]]	1
tr|Q5CSY3|Q5CSY3_CRYPI	P39019	[[134, 149]]	[[120, 135]]	1
tr|Q5CSY4|Q5CSY4_CRYPI	Q9BWT6	[[22, 33]]	[[46, 57]]	1
tr|Q5CSY5|Q5CSY5_CRYPI	Q92900	[[809, 823], [627, 641], [319, 331]]	[[865, 879], [710, 724], [498, 510]]	3
tr|Q5CSY5|Q5CSY5_CRYPI	Q05586	[[596, 606]]	[[914, 924]]	1
tr|Q5CSY6|Q5CSY6_CRYPI	P42773	[[181, 192]]	[[128, 139]]	1
tr|Q5CSY6|Q5CSY6_CRYPI	Q9Y2L8	[[475, 484]]	[[343, 352]]	1
tr|Q5CSY6|Q5CSY6_CRYPI	Q9NPG8	[[485, 497]]	[[170, 182]]	1
tr|Q5CSY6|Q5CSY6_CRYPI	Q8IYP9	[[490, 502]]	[[285, 297]]	1
tr|Q5CSY7|Q5CSY7_CRYPI	Q9UQB9	[[367, 378]]	[[215, 226]]	1
tr|Q5CSY7|Q5CSY7_CRYPI	O75385	[[368, 380]]	[[198, 210]]	1
tr|Q5CSY8|Q5CSY8_CRYPI	P30101	[[539, 552]]	[[395, 408]]	1
tr|Q5CSY8|Q5CSY8_CRYPI	P51816	[[61, 72]]	[[1014, 1025]]	1
tr|Q5CSY9|Q5CSY9_CRYPI	Q9P219	[[130, 142]]	[[720, 732]]	1
tr|Q5CSY9|Q5CSY9_CRYPI	P54577	[[700, 710]]	[[25, 35]]	1
tr|Q5CSZ2|Q5CSZ2_CRYPI	P28562	[[112, 124]]	[[252, 264]]	1
tr|Q5CSZ2|Q5CSZ2_CRYPI	Q9Y6W6	[[116, 133]]	[[406, 423]]	1
tr|Q5CSZ2|Q5CSZ2_CRYPI	P23229	[[197, 208]]	[[1110, 1121]]	1
tr|Q5CSZ2|Q5CSZ2_CRYPI	Q15811	[[266, 275]]	[[1417, 1426]]	1
tr|Q5CSZ2|Q5CSZ2_CRYPI	P22607	[[388, 400]]	[[135, 147]]	1
tr|Q5CSZ2|Q5CSZ2_CRYPI	Q8WTR2	[[51, 63]]	[[86, 98]]	1
tr|Q5CSZ2|Q5CSZ2_CRYPI	Q14683	[[526, 537]]	[[755, 766]]	1
tr|Q5CSZ2|Q5CSZ2_CRYPI	Q8IWZ3	[[642, 654]]	[[1461, 1473]]	1
tr|Q5CSZ3|Q5CSZ3_CRYPI	Q8WVP7	[[1501, 1511]]	[[270, 280]]	1
tr|Q5CSZ3|Q5CSZ3_CRYPI	Q14204	[[4560, 4572], [2919, 2945], [2975, 2992], [4157, 4169], [3006, 3025], [2143, 2158], [2960, 2972], [1763, 1780], [3884, 3902], [2558, 2588], [3970, 3980], [2177, 2224], [2609, 2627], [1836, 1860]]	[[4092, 4104], [2615, 2641], [2671, 2688], [3759, 3771], [2700, 2719], [1876, 1891], [2656, 2668], [1534, 1551], [3500, 3518], [2299, 2329], [3584, 3594], [1910, 1957], [2350, 2368], [1607, 1631]]	14
tr|Q5CSZ3|Q5CSZ3_CRYPI	Q8NCM8	[[4696, 4709], [1851, 1867]]	[[3879, 3892], [1422, 1438]]	2
tr|Q5CSZ3|Q5CSZ3_CRYPI	Q9P2D7	[[2129, 2141]]	[[1537, 1549]]	1
tr|Q5CSZ3|Q5CSZ3_CRYPI	Q8IVF4	[[2148, 2165]]	[[1807, 1824]]	1
tr|Q5CSZ3|Q5CSZ3_CRYPI	Q0VDD8	[[2465, 2477]]	[[1425, 1437]]	1
tr|Q5CSZ3|Q5CSZ3_CRYPI	A6NG13	[[2624, 2635]]	[[256, 267]]	1
tr|Q5CSZ3|Q5CSZ3_CRYPI	Q06945	[[2657, 2669]]	[[173, 185]]	1
tr|Q5CSZ3|Q5CSZ3_CRYPI	Q93050	[[3134, 3144]]	[[110, 120]]	1
tr|Q5CSZ3|Q5CSZ3_CRYPI	Q9UQ90	[[3280, 3292]]	[[345, 357]]	1
tr|Q5CSZ3|Q5CSZ3_CRYPI	Q9H6R4	[[332, 342]]	[[803, 813]]	1
tr|Q5CSZ3|Q5CSZ3_CRYPI	O95622	[[3396, 3406]]	[[494, 504]]	1
tr|Q5CSZ3|Q5CSZ3_CRYPI	Q8TD57	[[4154, 4165]]	[[3249, 3260]]	1
tr|Q5CSZ3|Q5CSZ3_CRYPI	Q7Z5H5	[[4890, 4900]]	[[167, 177]]	1
tr|Q5CSZ6|Q5CSZ6_CRYPI	Q86SQ7	[[277, 287]]	[[225, 235]]	1
tr|Q5CSZ8|Q5CSZ8_CRYPI	Q9Y375	[[588, 598]]	[[250, 260]]	1
tr|Q5CSZ8|Q5CSZ8_CRYPI	Q9UJX4	[[660, 668]]	[[103, 111]]	1
tr|Q5CT00|Q5CT00_CRYPI	F5H4B4	[[1038, 1049]]	[[430, 441]]	1
tr|Q5CT00|Q5CT00_CRYPI	Q5VYK3	[[287, 299]]	[[1735, 1747]]	1
tr|Q5CT00|Q5CT00_CRYPI	Q9H2Y7	[[406, 417]]	[[1434, 1445]]	1
tr|Q5CT00|Q5CT00_CRYPI	Q32MZ4	[[662, 676]]	[[566, 580]]	1
tr|Q5CT00|Q5CT00_CRYPI	Q5M9Q1	[[667, 679]]	[[231, 243]]	1
tr|Q5CT01|Q5CT01_CRYPI	Q8WXI7	[[600, 610]]	[[14031, 14041]]	1
tr|Q5CT01|Q5CT01_CRYPI	Q2VIQ3	[[926, 935]]	[[1062, 1071]]	1
tr|Q5CT02|Q5CT02_CRYPI	Q53ET0	[[34, 45]]	[[398, 409]]	1
tr|Q5CT03|Q5CT03_CRYPI	Q9Y3A2	[[25, 38]]	[[28, 41]]	1
tr|Q5CT04|Q5CT04_CRYPI	P35663	[[1806, 1816]]	[[501, 511]]	1
tr|Q5CT04|Q5CT04_CRYPI	Q8IWQ3	[[2129, 2141]]	[[456, 468]]	1
tr|Q5CT04|Q5CT04_CRYPI	Q9BT49	[[2134, 2144]]	[[132, 142]]	1
tr|Q5CT04|Q5CT04_CRYPI	Q5T0Z8	[[2140, 2152]]	[[225, 237]]	1
tr|Q5CT04|Q5CT04_CRYPI	Q9Y6W5	[[2146, 2156]]	[[347, 357]]	1
tr|Q5CT04|Q5CT04_CRYPI	B1AK53	[[2146, 2160]]	[[429, 443]]	1
tr|Q5CT04|Q5CT04_CRYPI	Q8N350	[[2151, 2162]]	[[477, 488]]	1
tr|Q5CT04|Q5CT04_CRYPI	Q16637	[[2152, 2163]]	[[191, 202]]	1
tr|Q5CT04|Q5CT04_CRYPI	Q96JC9	[[2154, 2166]]	[[136, 148]]	1
tr|Q5CT04|Q5CT04_CRYPI	O95180	[[2155, 2167]]	[[555, 567]]	1
tr|Q5CT04|Q5CT04_CRYPI	Q96KE9	[[2163, 2175]]	[[84, 96]]	1
tr|Q5CT04|Q5CT04_CRYPI	Q96N21	[[2166, 2175], [2201, 2211]]	[[410, 419], [409, 419]]	2
tr|Q5CT04|Q5CT04_CRYPI	Q86WN1	[[2169, 2180]]	[[623, 634]]	1
tr|Q5CT04|Q5CT04_CRYPI	Q9BX66	[[2172, 2185]]	[[236, 249]]	1
tr|Q5CT04|Q5CT04_CRYPI	Q5SYE7	[[2178, 2188]]	[[933, 943]]	1
tr|Q5CT04|Q5CT04_CRYPI	Q8N8S7	[[2178, 2189]]	[[361, 372]]	1
tr|Q5CT04|Q5CT04_CRYPI	Q7Z6E9	[[2182, 2193]]	[[557, 568]]	1
tr|Q5CT04|Q5CT04_CRYPI	Q15233	[[2222, 2230]]	[[34, 42]]	1
tr|Q5CT04|Q5CT04_CRYPI	A6NFN3	[[2223, 2231]]	[[241, 249]]	1
tr|Q5CT04|Q5CT04_CRYPI	Q6NT89	[[2224, 2236]]	[[34, 46]]	1
tr|Q5CT04|Q5CT04_CRYPI	Q9NTZ6	[[2225, 2237]]	[[210, 222]]	1
tr|Q5CT04|Q5CT04_CRYPI	Q86VE0	[[2231, 2242]]	[[217, 228]]	1
tr|Q5CT04|Q5CT04_CRYPI	P20585	[[2235, 2245]]	[[62, 72]]	1
tr|Q5CT04|Q5CT04_CRYPI	Q8WX93	[[2256, 2268]]	[[757, 769]]	1
tr|Q5CT04|Q5CT04_CRYPI	O75864	[[2363, 2375]]	[[586, 598]]	1
tr|Q5CT04|Q5CT04_CRYPI	P49750	[[2374, 2390]]	[[1328, 1342]]	1
tr|Q5CT04|Q5CT04_CRYPI	Q96MA1	[[2380, 2393]]	[[268, 281]]	1
tr|Q5CT04|Q5CT04_CRYPI	Q9NYV4	[[2383, 2393]]	[[548, 558]]	1
tr|Q5CT04|Q5CT04_CRYPI	Q9P1Z0	[[2410, 2440]]	[[980, 992]]	1
tr|Q5CT04|Q5CT04_CRYPI	Q8N461	[[2413, 2438]]	[[50, 60]]	1
tr|Q5CT04|Q5CT04_CRYPI	Q9NP71	[[2437, 2449]]	[[568, 580]]	1
tr|Q5CT04|Q5CT04_CRYPI	Q02817	[[2436, 2448]]	[[1414, 1426]]	1
tr|Q5CT06|Q5CT06_CRYPI	O43405	[[1501, 1511]]	[[212, 222]]	1
tr|Q5CT06|Q5CT06_CRYPI	Q9NUC0	[[2214, 2226]]	[[225, 237]]	1
tr|Q5CT07|Q5CT07_CRYPI	P27449	[[52, 64], [110, 130]]	[[51, 63], [109, 129]]	2
tr|Q5CT07|Q5CT07_CRYPI	Q99437	[[136, 148]]	[[94, 106]]	1
tr|Q5CT08|Q5CT08_CRYPI	P27449	[[120, 140], [48, 60]]	[[121, 141], [51, 63]]	2
tr|Q5CT12|Q5CT12_CRYPI	P85298	[[304, 316]]	[[439, 451]]	1
tr|Q5CT12|Q5CT12_CRYPI	Q7L4I2	[[379, 391]]	[[191, 203]]	1
tr|Q5CT12|Q5CT12_CRYPI	Q6E0U4	[[420, 431]]	[[276, 287]]	1
tr|Q5CT12|Q5CT12_CRYPI	P41225	[[422, 435]]	[[120, 133]]	1
tr|Q5CT12|Q5CT12_CRYPI	P35527	[[440, 451]]	[[494, 505]]	1
tr|Q5CT12|Q5CT12_CRYPI	Q6PCT2	[[472, 485]]	[[323, 336]]	1
tr|Q5CT12|Q5CT12_CRYPI	Q96HR8	[[476, 490]]	[[113, 125]]	1
tr|Q5CT12|Q5CT12_CRYPI	Q8N5F7	[[477, 491]]	[[211, 223]]	1
tr|Q5CT12|Q5CT12_CRYPI	Q14978	[[486, 498]]	[[166, 178]]	1
tr|Q5CT12|Q5CT12_CRYPI	Q6KC79	[[487, 499]]	[[2507, 2519]]	1
tr|Q5CT12|Q5CT12_CRYPI	Q5T5P2	[[620, 629]]	[[1478, 1487]]	1
tr|Q5CT12|Q5CT12_CRYPI	Q9BT92	[[622, 631]]	[[454, 463]]	1
tr|Q5CT12|Q5CT12_CRYPI	A5D8V7	[[633, 642]]	[[586, 595]]	1
tr|Q5CT12|Q5CT12_CRYPI	Q6UXG3	[[73, 85]]	[[232, 244]]	1
tr|Q5CT12|Q5CT12_CRYPI	Q8IY26	[[85, 96]]	[[10, 21]]	1
tr|Q5CT12|Q5CT12_CRYPI	Q7Z6M4	[[895, 907]]	[[353, 365]]	1
tr|Q5CT12|Q5CT12_CRYPI	Q86V15	[[897, 915]]	[[1693, 1713]]	1
tr|Q5CT12|Q5CT12_CRYPI	P17480	[[900, 910]]	[[730, 740]]	1
tr|Q5CT12|Q5CT12_CRYPI	Q969K3	[[900, 911]]	[[221, 232]]	1
tr|Q5CT12|Q5CT12_CRYPI	P19338	[[906, 915]]	[[251, 260]]	1
tr|Q5CT13|Q5CT13_CRYPI	Q9NQX7	[[126, 135]]	[[115, 124]]	1
tr|Q5CT16|Q5CT16_CRYPI	P62253	[[33, 47]]	[[43, 57]]	1
tr|Q5CT16|Q5CT16_CRYPI	P60604	[[73, 85]]	[[82, 94]]	1
tr|Q5CT17|Q5CT17_CRYPI	P37023	[[253, 264]]	[[209, 220]]	1
tr|Q5CT17|Q5CT17_CRYPI	Q99747	[[438, 447]]	[[178, 187]]	1
tr|Q5CT17|Q5CT17_CRYPI	Q6P2M8	[[458, 469]]	[[127, 138]]	1
tr|Q5CT17|Q5CT17_CRYPI	Q96RR4	[[462, 471]]	[[307, 316]]	1
tr|Q5CT17|Q5CT17_CRYPI	P45985	[[462, 473]]	[[224, 235]]	1
tr|Q5CT17|Q5CT17_CRYPI	P30291	[[464, 476]]	[[423, 435]]	1
tr|Q5CT17|Q5CT17_CRYPI	P46734	[[560, 572]]	[[249, 261]]	1
tr|Q5CT17|Q5CT17_CRYPI	P19784	[[696, 708]]	[[294, 306]]	1
tr|Q5CT21|Q5CT21_CRYPI	Q9NVV5	[[412, 420]]	[[37, 45]]	1
tr|Q5CT22|Q5CT22_CRYPI	P52597	[[316, 325]]	[[11, 20]]	1
tr|Q5CT24|Q5CT24_CRYPI	P55072	[[588, 601], [240, 252], [361, 381], [149, 178], [445, 459], [193, 216], [43, 54], [65, 93]]	[[568, 581], [220, 232], [341, 361], [128, 157], [425, 439], [172, 195], [22, 33], [44, 72]]	8
tr|Q5CT25|Q5CT25_CRYPI	Q9H1P3	[[268, 282], [195, 206]]	[[167, 181], [92, 103]]	2
tr|Q5CT25|Q5CT25_CRYPI	Q9BXW6	[[276, 288], [200, 212]]	[[648, 660], [570, 582]]	2
tr|Q5CT25|Q5CT25_CRYPI	Q969R2	[[207, 223]]	[[551, 567]]	1
tr|Q5CT25|Q5CT25_CRYPI	P22059	[[207, 220], [249, 265]]	[[447, 460], [489, 505]]	2
tr|Q5CT25|Q5CT25_CRYPI	Q9BZF2	[[267, 277]]	[[570, 580]]	1
tr|Q5CT25|Q5CT25_CRYPI	Q9BXB4	[[271, 283]]	[[503, 515]]	1
tr|Q5CT25|Q5CT25_CRYPI	Q9H0X9	[[272, 286]]	[[471, 485]]	1
tr|Q5CT25|Q5CT25_CRYPI	Q8NG27	[[462, 470]]	[[533, 541]]	1
tr|Q5CT25|Q5CT25_CRYPI	Q9BZF3	[[488, 497]]	[[848, 857]]	1
tr|Q5CT28|Q5CT28_CRYPI	Q14134	[[107, 116]]	[[350, 359]]	1
tr|Q5CT28|Q5CT28_CRYPI	O94782	[[123, 138]]	[[80, 95]]	1
tr|Q5CT28|Q5CT28_CRYPI	P54578	[[449, 458]]	[[447, 456]]	1
tr|Q5CT29|Q5CT29_CRYPI	Q9Y394	[[55, 69]]	[[49, 63]]	1
tr|Q5CT30|Q5CT30_CRYPI	O43670	[[11, 28]]	[[9, 26]]	1
tr|Q5CT31|Q5CT31_CRYPI	O00254	[[424, 435]]	[[157, 168]]	1
tr|Q5CT33|Q5CT33_CRYPI	Q9H553	[[260, 275], [401, 413], [362, 375], [148, 158]]	[[228, 243], [357, 369], [318, 331], [134, 144]]	4
tr|Q5CT33|Q5CT33_CRYPI	Q0P6D2	[[404, 416]]	[[276, 288]]	1
tr|Q5CT34|Q5CT34_CRYPI	Q8N7B9	[[130, 140]]	[[105, 115]]	1
tr|Q5CT34|Q5CT34_CRYPI	Q92643	[[39, 57], [156, 181]]	[[43, 61], [154, 179]]	2
tr|Q5CT34|Q5CT34_CRYPI	Q58EX2	[[409, 421]]	[[1939, 1951]]	1
tr|Q5CT35|Q5CT35_CRYPI	P13639	[[49, 59]]	[[292, 302]]	1
tr|Q5CT36|Q5CT36_CRYPI	P11277	[[119, 129]]	[[990, 1000]]	1
tr|Q5CT36|Q5CT36_CRYPI	Q9H6Q4	[[60, 77], [447, 465], [172, 182], [250, 268]]	[[65, 82], [387, 405], [189, 199], [237, 255]]	4
tr|Q5CT37|Q5CT37_CRYPI	Q5JST6	[[513, 522]]	[[463, 472]]	1
tr|Q5CT37|Q5CT37_CRYPI	Q9UPN9	[[69, 80]]	[[607, 618]]	1
tr|Q5CT37|Q5CT37_CRYPI	Q99590	[[9, 19]]	[[1206, 1216]]	1
tr|Q5CT37|Q5CT37_CRYPI	Q9H329	[[80, 92]]	[[505, 517]]	1
tr|Q5CT37|Q5CT37_CRYPI	Q9H6I2	[[82, 94]]	[[316, 328]]	1
tr|Q5CT37|Q5CT37_CRYPI	A6NNE9	[[86, 94]]	[[160, 168]]	1
tr|Q5CT40|Q5CT40_CRYPI	Q96RJ0	[[241, 252]]	[[227, 238]]	1
tr|Q5CT40|Q5CT40_CRYPI	O94808	[[252, 262]]	[[344, 354]]	1
tr|Q5CT40|Q5CT40_CRYPI	Q9ULE0	[[295, 306]]	[[912, 923]]	1
tr|Q5CT40|Q5CT40_CRYPI	O14974	[[491, 503]]	[[725, 737]]	1
tr|Q5CT40|Q5CT40_CRYPI	Q14244	[[512, 524]]	[[592, 604]]	1
tr|Q5CT40|Q5CT40_CRYPI	Q9UKV3	[[526, 537]]	[[1185, 1196]]	1
tr|Q5CT40|Q5CT40_CRYPI	Q01130	[[834, 846]]	[[147, 159]]	1
tr|Q5CT40|Q5CT40_CRYPI	Q9NXX6	[[838, 847]]	[[22, 31]]	1
tr|Q5CT40|Q5CT40_CRYPI	Q13243	[[838, 850]]	[[198, 210]]	1
tr|Q5CT40|Q5CT40_CRYPI	Q05519	[[841, 852]]	[[248, 259]]	1
tr|Q5CT40|Q5CT40_CRYPI	P18583	[[842, 854]]	[[1861, 1873]]	1
tr|Q5CT42|Q5CT42_CRYPI	O15042	[[413, 423]]	[[994, 1004]]	1
tr|Q5CT42|Q5CT42_CRYPI	Q96IZ7	[[495, 505]]	[[101, 111]]	1
tr|Q5CT42|Q5CT42_CRYPI	Q9BUV0	[[496, 507]]	[[54, 65]]	1
tr|Q5CT50|Q5CT50_CRYPI	P78383	[[121, 134], [283, 299]]	[[107, 120], [270, 286]]	2
tr|Q5CT51|Q5CT51_CRYPI	Q3ZCU0	[[1236, 1245]]	[[177, 186]]	1
tr|Q5CT51|Q5CT51_CRYPI	Q9BT56	[[1344, 1354]]	[[11, 21]]	1
tr|Q5CT51|Q5CT51_CRYPI	Q5JVF3	[[1390, 1402]]	[[71, 83]]	1
tr|Q5CT51|Q5CT51_CRYPI	Q6ZRS2	[[710, 720]]	[[868, 878]]	1
tr|Q5CT53|Q5CT53_CRYPI	Q9P035	[[151, 163]]	[[324, 336]]	1
tr|Q5CT54|Q5CT54_CRYPI	Q9BWT7	[[361, 371]]	[[578, 588]]	1
tr|Q5CT55|Q5CT55_CRYPI	Q9BZL4	[[88, 100]]	[[336, 348]]	1
tr|Q5CT57|Q5CT57_CRYPI	Q8IWA5	[[1176, 1188]]	[[266, 278]]	1
tr|Q5CT58|Q5CT58_CRYPI	Q9NNW7	[[65, 79], [336, 355], [373, 385], [190, 205], [207, 219], [460, 476], [231, 250]]	[[72, 86], [353, 372], [390, 402], [199, 214], [216, 228], [463, 479], [240, 259]]	7
tr|Q5CT58|Q5CT58_CRYPI	Q16881	[[32, 58], [208, 223], [463, 474], [69, 91]]	[[162, 188], [339, 354], [591, 602], [199, 221]]	4
tr|Q5CT58|Q5CT58_CRYPI	Q86VQ6	[[456, 468]]	[[578, 590]]	1
tr|Q5CT58|Q5CT58_CRYPI	P00390	[[471, 484]]	[[488, 501]]	1
tr|Q5CT59|Q5CT59_CRYPI	A0JLT2	[[85, 95]]	[[213, 223]]	1
tr|Q5CT60|Q5CT60_CRYPI	O14522	[[34, 43]]	[[1301, 1310]]	1
tr|Q5CT64|Q5CT64_CRYPI	P62753	[[86, 106], [120, 130], [68, 80], [168, 182], [133, 158]]	[[82, 102], [116, 126], [64, 76], [167, 181], [129, 154]]	5
tr|Q5CT65|Q5CT65_CRYPI	Q9HD33	[[210, 222]]	[[136, 148]]	1
tr|Q5CT65|Q5CT65_CRYPI	Q9NW75	[[33, 43]]	[[488, 498]]	1
tr|Q5CT66|Q5CT66_CRYPI	Q4VNC0	[[1214, 1224]]	[[890, 900]]	1
tr|Q5CT66|Q5CT66_CRYPI	Q9H7F0	[[1213, 1225]]	[[922, 934]]	1
tr|Q5CT66|Q5CT66_CRYPI	Q13433	[[1298, 1307]]	[[333, 342]]	1
tr|Q5CT66|Q5CT66_CRYPI	Q01814	[[603, 614]]	[[498, 509]]	1
tr|Q5CT66|Q5CT66_CRYPI	O94823	[[604, 616]]	[[433, 445]]	1
tr|Q5CT66|Q5CT66_CRYPI	Q5T011	[[982, 993]]	[[1094, 1105]]	1
tr|Q5CT68|Q5CT68_CRYPI	Q5VST9	[[636, 645]]	[[2607, 2616]]	1
tr|Q5CT70|Q5CT70_CRYPI	Q9Y519	[[230, 242]]	[[219, 231]]	1
tr|Q5CT70|Q5CT70_CRYPI	Q9NVA4	[[261, 273]]	[[249, 261]]	1
tr|Q5CT70|Q5CT70_CRYPI	Q6ZMB5	[[68, 82], [262, 273]]	[[122, 136], [260, 271]]	2
tr|Q5CT71|Q5CT71_CRYPI	O75417	[[151, 175], [297, 310], [534, 546], [262, 276]]	[[104, 128], [258, 271], [448, 460], [214, 228]]	4
tr|Q5CT71|Q5CT71_CRYPI	Q8TDG4	[[162, 176], [528, 544]]	[[359, 373], [669, 685]]	2
tr|Q5CT71|Q5CT71_CRYPI	O15360	[[172, 181]]	[[1073, 1082]]	1
tr|Q5CT71|Q5CT71_CRYPI	Q8IY21	[[558, 572]]	[[1317, 1331]]	1
tr|Q5CT73|Q5CT73_CRYPI	A0A0X1KG70	[[50, 59]]	[[29, 38]]	1
tr|Q5CT74|Q5CT74_CRYPI	P02549	[[18, 30]]	[[2270, 2282]]	1
tr|Q5CT75|Q5CT75_CRYPI	O60885	[[247, 257]]	[[250, 260]]	1
tr|Q5CT76|Q5CT76_CRYPI	O60830	[[105, 116]]	[[82, 93]]	1
tr|Q5CT77|Q5CT77_CRYPI	A4UGR9	[[556, 566]]	[[2958, 2968]]	1
tr|Q5CT79|Q5CT79_CRYPI	Q9H089	[[416, 428], [169, 193], [475, 491], [578, 589]]	[[386, 398], [154, 178], [434, 450], [540, 551]]	4
tr|Q5CT79|Q5CT79_CRYPI	O95751	[[353, 362]]	[[136, 145]]	1
tr|Q5CT79|Q5CT79_CRYPI	P31629	[[353, 365]]	[[1911, 1923]]	1
tr|Q5CT79|Q5CT79_CRYPI	Q8IZL8	[[355, 367]]	[[902, 914]]	1
tr|Q5CT79|Q5CT79_CRYPI	P06748	[[358, 370]]	[[176, 188]]	1
tr|Q5CT79|Q5CT79_CRYPI	Q9UER7	[[363, 373]]	[[438, 448]]	1
tr|Q5CT79|Q5CT79_CRYPI	Q15019	[[364, 376]]	[[214, 226]]	1
tr|Q5CT79|Q5CT79_CRYPI	Q9H4K7	[[419, 431]]	[[227, 239]]	1
tr|Q5CT79|Q5CT79_CRYPI	Q9BVP2	[[422, 434]]	[[260, 272]]	1
tr|Q5CT81|Q5CT81_CRYPI	P51178	[[370, 382]]	[[93, 105]]	1
tr|Q5CT81|Q5CT81_CRYPI	Q96MT7	[[451, 461]]	[[207, 217]]	1
tr|Q5CT81|Q5CT81_CRYPI	Q9NUN5	[[84, 94]]	[[366, 376]]	1
tr|Q5CT82|Q5CT82_CRYPI	Q5T1B0	[[282, 293]]	[[822, 833]]	1
tr|Q5CT82|Q5CT82_CRYPI	Q68DC2	[[487, 497]]	[[155, 165]]	1
tr|Q5CT83|Q5CT83_CRYPI	Q6WCQ1	[[1110, 1122]]	[[179, 191]]	1
tr|Q5CT83|Q5CT83_CRYPI	P30414	[[1399, 1409]]	[[230, 240]]	1
tr|Q5CT83|Q5CT83_CRYPI	Q14527	[[692, 704]]	[[548, 560]]	1
tr|Q5CT84|Q5CT84_CRYPI	Q6IQ55	[[642, 651]]	[[1045, 1054]]	1
tr|Q5CT86|Q5CT86_CRYPI	Q7Z406	[[54, 65]]	[[993, 1004]]	1
tr|Q5CT88|Q5CT88_CRYPI	P61601	[[105, 117]]	[[158, 170]]	1
tr|Q5CT88|Q5CT88_CRYPI	Q4KWH8	[[183, 195]]	[[154, 166]]	1
tr|Q5CT90|Q5CT90_CRYPI	Q9BX46	[[100, 111]]	[[26, 37]]	1
tr|Q5CT90|Q5CT90_CRYPI	P22626	[[125, 135]]	[[61, 71]]	1
tr|Q5CT90|Q5CT90_CRYPI	P42696	[[86, 96]]	[[186, 196]]	1
tr|Q5CT91|Q5CT91_CRYPI	Q96Q15	[[243, 254]]	[[677, 688]]	1
tr|Q5CT92|Q5CT92_CRYPI	Q6PUV4	[[221, 231]]	[[104, 114]]	1
tr|Q5CT92|Q5CT92_CRYPI	Q8WYR1	[[222, 232]]	[[317, 327]]	1
tr|Q5CT92|Q5CT92_CRYPI	Q5JTC6	[[223, 232]]	[[376, 385]]	1
tr|Q5CT94|Q5CT94_CRYPI	Q6ZU65	[[1040, 1052]]	[[574, 586]]	1
tr|Q5CT94|Q5CT94_CRYPI	Q8IZD2	[[281, 293]]	[[42, 54]]	1
tr|Q5CT94|Q5CT94_CRYPI	O43379	[[5, 16]]	[[762, 773]]	1
tr|Q5CT94|Q5CT94_CRYPI	Q9H4A3	[[512, 521]]	[[66, 75]]	1
tr|Q5CT94|Q5CT94_CRYPI	P51816	[[513, 525]]	[[1011, 1023]]	1
tr|Q5CT94|Q5CT94_CRYPI	Q14738	[[550, 560]]	[[44, 54]]	1
tr|Q5CT95|Q5CT95_CRYPI	Q9HC84	[[1106, 1117]]	[[3891, 3902]]	1
tr|Q5CT95|Q5CT95_CRYPI	P06400	[[426, 434]]	[[842, 850]]	1
tr|Q5CT95|Q5CT95_CRYPI	Q9Y4E8	[[671, 681]]	[[247, 257]]	1
tr|Q5CT95|Q5CT95_CRYPI	P0C221	[[769, 779]]	[[731, 741]]	1
tr|Q5CT95|Q5CT95_CRYPI	Q9BZE4	[[855, 867]]	[[446, 458]]	1
tr|Q5CT95|Q5CT95_CRYPI	Q8NI27	[[859, 868]]	[[327, 336]]	1
tr|Q5CT95|Q5CT95_CRYPI	O94880	[[859, 871]]	[[120, 132]]	1
tr|Q5CT95|Q5CT95_CRYPI	Q14568	[[863, 874]]	[[240, 251]]	1
tr|Q5CT96|Q5CT96_CRYPI	Q14012	[[212, 226]]	[[130, 144]]	1
tr|Q5CT96|Q5CT96_CRYPI	Q6P2M8	[[216, 228]]	[[129, 141]]	1
tr|Q5CT96|Q5CT96_CRYPI	O15530	[[220, 234]]	[[202, 216]]	1
tr|Q5CT96|Q5CT96_CRYPI	O75582	[[233, 244]]	[[556, 567]]	1
tr|Q5CT96|Q5CT96_CRYPI	O00444	[[234, 246]]	[[146, 158]]	1
tr|Q5CT96|Q5CT96_CRYPI	Q9NYV4	[[236, 247]]	[[871, 882]]	1
tr|Q5CT96|Q5CT96_CRYPI	Q9UPZ9	[[238, 250]]	[[139, 151]]	1
tr|Q5CT96|Q5CT96_CRYPI	Q56UN5	[[48, 59]]	[[1065, 1076]]	1
tr|Q5CT97|Q5CT97_CRYPI	Q92628	[[474, 486]]	[[448, 460]]	1
tr|Q5CT98|Q5CT98_CRYPI	O75923	[[1145, 1156]]	[[2046, 2057]]	1
tr|Q5CT98|Q5CT98_CRYPI	O15440	[[1567, 1578]]	[[1222, 1233]]	1
tr|Q5CT98|Q5CT98_CRYPI	Q96J65	[[1568, 1581]]	[[1150, 1163]]	1
tr|Q5CT98|Q5CT98_CRYPI	O60706	[[1571, 1581]]	[[1345, 1355]]	1
tr|Q5CT98|Q5CT98_CRYPI	Q96RL7	[[609, 617]]	[[2371, 2379]]	1
tr|Q5CT98|Q5CT98_CRYPI	O15438	[[811, 823]]	[[749, 761]]	1
tr|Q5CT98|Q5CT98_CRYPI	P13569	[[812, 825]]	[[547, 560]]	1
tr|Q5CT98|Q5CT98_CRYPI	Q5T3U5	[[817, 829]]	[[730, 742]]	1
tr|Q5CT98|Q5CT98_CRYPI	O15439	[[818, 830]]	[[540, 552]]	1
tr|Q5CT98|Q5CT98_CRYPI	O14776	[[975, 989]]	[[179, 193]]	1
tr|Q5CT98|Q5CT98_CRYPI	Q0VG99	[[981, 996]]	[[179, 190]]	1
tr|Q5CT98|Q5CT98_CRYPI	Q5VXT5	[[986, 998]]	[[240, 252]]	1
tr|Q5CT99|Q5CT99_CRYPI	Q9H8N7	[[26, 37]]	[[107, 118]]	1
tr|Q5CT99|Q5CT99_CRYPI	P37275	[[361, 370]]	[[209, 218]]	1
tr|Q5CT99|Q5CT99_CRYPI	Q6P0N0	[[482, 492]]	[[623, 633]]	1
tr|Q5CTA0|Q5CTA0_CRYPI	P85037	[[113, 124]]	[[683, 694]]	1
tr|Q5CTA0|Q5CTA0_CRYPI	Q9UEW8	[[129, 140]]	[[38, 49]]	1
tr|Q5CTA0|Q5CTA0_CRYPI	P12829	[[132, 166]]	[[14, 27]]	1
tr|Q5CTA0|Q5CTA0_CRYPI	Q9UGL9	[[157, 169]]	[[24, 36]]	1
tr|Q5CTA0|Q5CTA0_CRYPI	Q13224	[[270, 281]]	[[954, 965]]	1
tr|Q5CTA0|Q5CTA0_CRYPI	Q6EMB2	[[746, 757]]	[[625, 636]]	1
tr|Q5CTA2|Q5CTA2_CRYPI	Q15652	[[375, 387]]	[[2107, 2119]]	1
tr|Q5CTA2|Q5CTA2_CRYPI	Q15154	[[410, 419]]	[[179, 188]]	1
tr|Q5CTA2|Q5CTA2_CRYPI	Q8N7Z5	[[78, 87]]	[[1665, 1674]]	1
tr|Q5CTA3|Q5CTA3_CRYPI	Q9ULU4	[[74, 84]]	[[51, 61]]	1
tr|Q5CTA4|Q5CTA4_CRYPI	P54840	[[157, 167]]	[[663, 673]]	1
tr|Q5CTA5|Q5CTA5_CRYPI	P57796	[[34, 46]]	[[137, 149]]	1
tr|Q5CTA6|Q5CTA6_CRYPI	Q8NFD5	[[114, 126]]	[[832, 844]]	1
tr|Q5CTA6|Q5CTA6_CRYPI	Q92908	[[166, 180]]	[[319, 335]]	1
tr|Q5CTA6|Q5CTA6_CRYPI	Q2VWA4	[[173, 185]]	[[654, 666]]	1
tr|Q5CTA6|Q5CTA6_CRYPI	Q92570	[[178, 190]]	[[91, 103]]	1
tr|Q5CTA6|Q5CTA6_CRYPI	Q12837	[[187, 198]]	[[125, 136]]	1
tr|Q5CTA6|Q5CTA6_CRYPI	Q9HCJ0	[[212, 223]]	[[44, 55]]	1
tr|Q5CTA6|Q5CTA6_CRYPI	Q02297	[[212, 224]]	[[164, 176]]	1
tr|Q5CTA6|Q5CTA6_CRYPI	Q2M2H8	[[218, 229]]	[[2046, 2057]]	1
tr|Q5CTA6|Q5CTA6_CRYPI	Q07075	[[247, 258]]	[[548, 559]]	1
tr|Q5CTA6|Q5CTA6_CRYPI	Q96QS3	[[267, 277]]	[[230, 240]]	1
tr|Q5CTA6|Q5CTA6_CRYPI	Q92688	[[268, 277]]	[[174, 183]]	1
tr|Q5CTA9|Q5CTA9_CRYPI	Q9HCJ0	[[504, 516]]	[[969, 981]]	1
tr|Q5CTB0|Q5CTB0_CRYPI	O15394	[[217, 228]]	[[249, 260]]	1
tr|Q5CTB0|Q5CTB0_CRYPI	A6PVS8	[[296, 306]]	[[336, 346]]	1
tr|Q5CTB4|Q5CTB4_CRYPI	P51532	[[858, 872], [611, 624], [906, 919], [979, 1013]]	[[1036, 1050], [787, 800], [1096, 1109], [1169, 1203]]	4
tr|Q5CTB4|Q5CTB4_CRYPI	Q9NPL8	[[1055, 1066]]	[[55, 66]]	1
tr|Q5CTB4|Q5CTB4_CRYPI	O95243	[[1343, 1354]]	[[409, 420]]	1
tr|Q5CTB4|Q5CTB4_CRYPI	Q13438	[[1419, 1435]]	[[416, 429]]	1
tr|Q5CTB4|Q5CTB4_CRYPI	P15822	[[1428, 1440]]	[[2183, 2195]]	1
tr|Q5CTB4|Q5CTB4_CRYPI	Q6ZMV5	[[1429, 1441]]	[[808, 820]]	1
tr|Q5CTB4|Q5CTB4_CRYPI	Q96JN2	[[1433, 1443]]	[[1079, 1089]]	1
tr|Q5CTB4|Q5CTB4_CRYPI	O75381	[[1436, 1448]]	[[320, 332]]	1
tr|Q5CTB4|Q5CTB4_CRYPI	P0DME0	[[1437, 1448]]	[[236, 247]]	1
tr|Q5CTB4|Q5CTB4_CRYPI	O94988	[[1438, 1449]]	[[881, 892]]	1
tr|Q5CTB4|Q5CTB4_CRYPI	Q8NA82	[[345, 357]]	[[637, 649]]	1
tr|Q5CTB4|Q5CTB4_CRYPI	P51531	[[552, 563]]	[[699, 710]]	1
tr|Q5CTB4|Q5CTB4_CRYPI	Q9ULG1	[[599, 611]]	[[539, 551]]	1
tr|Q5CTB4|Q5CTB4_CRYPI	O14646	[[633, 645]]	[[536, 548]]	1
tr|Q5CTB4|Q5CTB4_CRYPI	Q9P2D1	[[634, 646]]	[[1023, 1035]]	1
tr|Q5CTB4|Q5CTB4_CRYPI	O14647	[[635, 652]]	[[541, 558]]	1
tr|Q5CTB4|Q5CTB4_CRYPI	P28370	[[722, 739], [746, 758]]	[[328, 345], [352, 364]]	2
tr|Q5CTB4|Q5CTB4_CRYPI	Q6ZRS2	[[728, 740]]	[[769, 781]]	1
tr|Q5CTB4|Q5CTB4_CRYPI	Q9NRZ9	[[743, 756]]	[[392, 405]]	1
tr|Q5CTB4|Q5CTB4_CRYPI	O14981	[[803, 815]]	[[1501, 1513]]	1
tr|Q5CTB4|Q5CTB4_CRYPI	O60264	[[958, 970]]	[[551, 563]]	1
tr|Q5CTB5|Q5CTB5_CRYPI	Q9BYE7	[[1267, 1279]]	[[78, 90]]	1
tr|Q5CTB5|Q5CTB5_CRYPI	P34810	[[1310, 1319]]	[[277, 286]]	1
tr|Q5CTB5|Q5CTB5_CRYPI	Q5SRI9	[[1549, 1559]]	[[234, 244]]	1
tr|Q5CTB5|Q5CTB5_CRYPI	O14974	[[1703, 1717]]	[[818, 832]]	1
tr|Q5CTB5|Q5CTB5_CRYPI	P21817	[[1713, 1723]]	[[1902, 1912]]	1
tr|Q5CTB5|Q5CTB5_CRYPI	C9JE40	[[1714, 1726]]	[[32, 44]]	1
tr|Q5CTB5|Q5CTB5_CRYPI	Q9UN42	[[1716, 1727]]	[[57, 68]]	1
tr|Q5CTB5|Q5CTB5_CRYPI	Q96M86	[[1717, 1729]]	[[3630, 3642]]	1
tr|Q5CTB5|Q5CTB5_CRYPI	Q8IZU1	[[1719, 1731]]	[[222, 234]]	1
tr|Q5CTB5|Q5CTB5_CRYPI	P49756	[[1720, 1732]]	[[583, 595]]	1
tr|Q5CTB5|Q5CTB5_CRYPI	Q9BT43	[[1723, 1735]]	[[165, 177]]	1
tr|Q5CTB5|Q5CTB5_CRYPI	Q07890	[[1817, 1826]]	[[220, 229]]	1
tr|Q5CTB5|Q5CTB5_CRYPI	Q9H8H3	[[3143, 3153]]	[[101, 111]]	1
tr|Q5CTB5|Q5CTB5_CRYPI	Q5JTY5	[[3851, 3862]]	[[8, 19]]	1
tr|Q5CTB6|Q5CTB6_CRYPI	Q9Y2W1	[[287, 299]]	[[13, 25]]	1
tr|Q5CTB6|Q5CTB6_CRYPI	Q9BRL6	[[291, 301]]	[[235, 245]]	1
tr|Q5CTB6|Q5CTB6_CRYPI	Q01130	[[291, 303]]	[[174, 186]]	1
tr|Q5CTB6|Q5CTB6_CRYPI	P23469	[[451, 460]]	[[425, 434]]	1
tr|Q5CTB6|Q5CTB6_CRYPI	A0MZ66	[[563, 575]]	[[295, 307]]	1
tr|Q5CTB6|Q5CTB6_CRYPI	Q8WXW3	[[613, 624]]	[[363, 374]]	1
tr|Q5CTB8|Q5CTB8_CRYPI	Q8IYF3	[[190, 201]]	[[595, 606]]	1
tr|Q5CTC0|Q5CTC0_CRYPI	Q6ZR08	[[342, 351]]	[[753, 762]]	1
tr|Q5CTC0|Q5CTC0_CRYPI	Q5T5P2	[[344, 354]]	[[1476, 1486]]	1
tr|Q5CTC0|Q5CTC0_CRYPI	O00555	[[343, 355]]	[[1197, 1209]]	1
tr|Q5CTC2|Q5CTC2_CRYPI	Q8NCM8	[[107, 117]]	[[3718, 3728]]	1
tr|Q5CTC3|Q5CTC3_CRYPI	Q6P179	[[2385, 2392]]	[[384, 391]]	1
tr|Q5CTC3|Q5CTC3_CRYPI	Q5T5P2	[[2434, 2446]]	[[1475, 1487]]	1
tr|Q5CTC3|Q5CTC3_CRYPI	Q5QJE6	[[2439, 2448]]	[[517, 526]]	1
tr|Q5CTC3|Q5CTC3_CRYPI	P26583	[[2440, 2452]]	[[191, 203]]	1
tr|Q5CTC3|Q5CTC3_CRYPI	Q93073	[[2442, 2454]]	[[988, 1000]]	1
tr|Q5CTC3|Q5CTC3_CRYPI	P35659	[[2443, 2455]]	[[33, 45]]	1
tr|Q5CTC3|Q5CTC3_CRYPI	P54257	[[2444, 2457]]	[[260, 273]]	1
tr|Q5CTC3|Q5CTC3_CRYPI	P21815	[[2447, 2460]]	[[150, 163]]	1
tr|Q5CTC3|Q5CTC3_CRYPI	A6PVY3	[[2947, 2958]]	[[35, 46]]	1
tr|Q5CTC3|Q5CTC3_CRYPI	Q15223	[[2949, 2959]]	[[434, 444]]	1
tr|Q5CTC3|Q5CTC3_CRYPI	Q96MF2	[[2948, 2961]]	[[61, 74]]	1
tr|Q5CTC3|Q5CTC3_CRYPI	Q8WYR1	[[2960, 2972]]	[[320, 332]]	1
tr|Q5CTC3|Q5CTC3_CRYPI	Q6PL24	[[2961, 2972]]	[[243, 254]]	1
tr|Q5CTC3|Q5CTC3_CRYPI	O00267	[[2963, 2975]]	[[44, 56]]	1
tr|Q5CTC3|Q5CTC3_CRYPI	Q9UL68	[[2964, 2976]]	[[129, 141]]	1
tr|Q5CTC3|Q5CTC3_CRYPI	Q8NEB7	[[3971, 3983]]	[[211, 223]]	1
tr|Q5CTC3|Q5CTC3_CRYPI	Q8N0W4	[[4103, 4112]]	[[202, 211]]	1
tr|Q5CTC3|Q5CTC3_CRYPI	Q8NI36	[[4311, 4319]]	[[216, 224]]	1
tr|Q5CTC3|Q5CTC3_CRYPI	P35219	[[4329, 4338]]	[[15, 24]]	1
tr|Q5CTC3|Q5CTC3_CRYPI	Q9NSY1	[[4331, 4341]]	[[791, 801]]	1
tr|Q5CTC3|Q5CTC3_CRYPI	Q16518	[[4344, 4353]]	[[295, 304]]	1
tr|Q5CTC3|Q5CTC3_CRYPI	O75746	[[5365, 5375]]	[[123, 133]]	1
tr|Q5CTC3|Q5CTC3_CRYPI	Q96PJ5	[[5497, 5506]]	[[138, 147]]	1
tr|Q5CTC3|Q5CTC3_CRYPI	Q9NY47	[[5775, 5787]]	[[580, 592]]	1
tr|Q5CTC3|Q5CTC3_CRYPI	Q9BV73	[[5781, 5793]]	[[686, 698]]	1
tr|Q5CTC3|Q5CTC3_CRYPI	Q96DX4	[[600, 608]]	[[487, 495]]	1
tr|Q5CTC3|Q5CTC3_CRYPI	Q8WV22	[[6388, 6401]]	[[66, 79]]	1
tr|Q5CTC4|Q5CTC4_CRYPI	Q9UGI0	[[134, 144]]	[[696, 706]]	1
tr|Q5CTC4|Q5CTC4_CRYPI	Q9UPY3	[[133, 145]]	[[411, 423]]	1
tr|Q5CTC4|Q5CTC4_CRYPI	Q9BTA0	[[136, 147]]	[[11, 22]]	1
tr|Q5CTC4|Q5CTC4_CRYPI	P52954	[[138, 149]]	[[269, 280]]	1
tr|Q5CTC4|Q5CTC4_CRYPI	O95379	[[388, 398]]	[[154, 164]]	1
tr|Q5CTC5|Q5CTC5_CRYPI	P15169	[[19, 30]]	[[350, 361]]	1
tr|Q5CTC6|Q5CTC6_CRYPI	Q9P2J5	[[213, 224]]	[[1021, 1032]]	1
tr|Q5CTC6|Q5CTC6_CRYPI	Q9NS93	[[389, 400]]	[[300, 311]]	1
tr|Q5CTC7|Q5CTC7_CRYPI	Q9Y5N1	[[301, 310]]	[[289, 298]]	1
tr|Q5CTC7|Q5CTC7_CRYPI	Q86UU5	[[302, 312]]	[[267, 277]]	1
tr|Q5CTC7|Q5CTC7_CRYPI	O60721	[[508, 519]]	[[370, 381]]	1
tr|Q5CTC7|Q5CTC7_CRYPI	A5YKK6	[[516, 528]]	[[1334, 1346]]	1
tr|Q5CTC7|Q5CTC7_CRYPI	Q02817	[[517, 528]]	[[2006, 2017]]	1
tr|Q5CTC7|Q5CTC7_CRYPI	O75151	[[533, 545]]	[[959, 971]]	1
tr|Q5CTC7|Q5CTC7_CRYPI	Q8TB45	[[548, 558]]	[[289, 299]]	1
tr|Q5CTC8|Q5CTC8_CRYPI	Q96CD2	[[1064, 1075]]	[[126, 137]]	1
tr|Q5CTC8|Q5CTC8_CRYPI	Q9Y5Q8	[[1188, 1200]]	[[193, 205]]	1
tr|Q5CTC8|Q5CTC8_CRYPI	Q9C0G0	[[1628, 1636]]	[[1535, 1543]]	1
tr|Q5CTC8|Q5CTC8_CRYPI	Q6PIJ6	[[1746, 1757]]	[[489, 500]]	1
tr|Q5CTC8|Q5CTC8_CRYPI	Q9BQD3	[[1912, 1921]]	[[118, 127]]	1
tr|Q5CTC8|Q5CTC8_CRYPI	Q8NDX5	[[1910, 1923]]	[[16, 29]]	1
tr|Q5CTC8|Q5CTC8_CRYPI	P56975	[[1933, 1945]]	[[251, 263]]	1
tr|Q5CTC8|Q5CTC8_CRYPI	Q5VWG9	[[2159, 2169]]	[[882, 892]]	1
tr|Q5CTC8|Q5CTC8_CRYPI	Q96M60	[[2321, 2332]]	[[485, 496]]	1
tr|Q5CTC8|Q5CTC8_CRYPI	Q13023	[[2341, 2353]]	[[572, 584]]	1
tr|Q5CTC8|Q5CTC8_CRYPI	Q13387	[[567, 575]]	[[165, 173]]	1
tr|Q5CTC9|Q5CTC9_CRYPI	Q8NGC3	[[3, 13]]	[[29, 39]]	1
tr|Q5CTC9|Q5CTC9_CRYPI	Q7L4I2	[[203, 215]]	[[189, 201]]	1
tr|Q5CTC9|Q5CTC9_CRYPI	Q5T8P6	[[204, 215]]	[[200, 211]]	1
tr|Q5CTC9|Q5CTC9_CRYPI	Q9Y2W1	[[237, 247], [285, 297]]	[[15, 25], [13, 25]]	2
tr|Q5CTC9|Q5CTC9_CRYPI	O00339	[[244, 255]]	[[25, 36]]	1
tr|Q5CTC9|Q5CTC9_CRYPI	Q13243	[[252, 264], [315, 336]]	[[221, 233], [183, 196]]	2
tr|Q5CTC9|Q5CTC9_CRYPI	Q9P2N5	[[287, 299]]	[[176, 188]]	1
tr|Q5CTC9|Q5CTC9_CRYPI	Q15149	[[304, 315]]	[[4626, 4639]]	1
tr|Q5CTC9|Q5CTC9_CRYPI	Q9UPN3	[[306, 320]]	[[7312, 7326]]	1
tr|Q5CTC9|Q5CTC9_CRYPI	Q9UK58	[[311, 334]]	[[388, 407]]	1
tr|Q5CTC9|Q5CTC9_CRYPI	Q08170	[[331, 343]]	[[217, 229]]	1
tr|Q5CTC9|Q5CTC9_CRYPI	Q9NQ55	[[343, 355]]	[[455, 467]]	1
tr|Q5CTC9|Q5CTC9_CRYPI	Q13595	[[350, 360]]	[[268, 278]]	1
tr|Q5CTD0|Q5CTD0_CRYPI	Q9P1Y6	[[121, 132]]	[[1084, 1095]]	1
tr|Q5CTD0|Q5CTD0_CRYPI	Q08170	[[125, 148]]	[[219, 234]]	1
tr|Q5CTD0|Q5CTD0_CRYPI	Q7L014	[[140, 151]]	[[16, 27]]	1
tr|Q5CTD1|Q5CTD1_CRYPI	P20396	[[188, 197]]	[[169, 178]]	1
tr|Q5CTD1|Q5CTD1_CRYPI	Q4G1C9	[[187, 199]]	[[319, 331]]	1
tr|Q5CTD1|Q5CTD1_CRYPI	Q6ZQQ6	[[189, 201]]	[[2245, 2257]]	1
tr|Q5CTD1|Q5CTD1_CRYPI	Q13435	[[348, 359], [267, 282], [388, 408]]	[[587, 598], [506, 521], [632, 652]]	3
tr|Q5CTD1|Q5CTD1_CRYPI	Q03188	[[305, 317]]	[[412, 424]]	1
tr|Q5CTD2|Q5CTD2_CRYPI	Q86SJ2	[[235, 244]]	[[148, 157]]	1
tr|Q5CTD3|Q5CTD3_CRYPI	P22681	[[272, 285]]	[[11, 24]]	1
tr|Q5CTD3|Q5CTD3_CRYPI	P32242	[[309, 318]]	[[294, 303]]	1
tr|Q5CTD3|Q5CTD3_CRYPI	Q8NHW3	[[309, 321]]	[[200, 212]]	1
tr|Q5CTD3|Q5CTD3_CRYPI	Q9ULI4	[[664, 675]]	[[247, 258]]	1
tr|Q5CTD3|Q5CTD3_CRYPI	Q8IZM8	[[902, 913]]	[[37, 48]]	1
tr|Q5CTD3|Q5CTD3_CRYPI	O75592	[[907, 917]]	[[3283, 3293]]	1
tr|Q5CTD4|Q5CTD4_CRYPI	O75473	[[650, 659]]	[[784, 793]]	1
tr|Q5CTD7|Q5CTD7_CRYPI	Q9Y6I4	[[116, 128]]	[[257, 269]]	1
tr|Q5CTD7|Q5CTD7_CRYPI	Q9H9J4	[[195, 206]]	[[250, 261]]	1
tr|Q5CTD7|Q5CTD7_CRYPI	Q9UPT9	[[197, 210]]	[[319, 332]]	1
tr|Q5CTD7|Q5CTD7_CRYPI	Q8TEY7	[[33, 49]]	[[185, 201]]	1
tr|Q5CTD8|Q5CTD8_CRYPI	Q6N021	[[744, 755]]	[[160, 171]]	1
tr|Q5CTD8|Q5CTD8_CRYPI	Q2V2M9	[[780, 789]]	[[414, 423]]	1
tr|Q5CTD9|Q5CTD9_CRYPI	Q9NVU7	[[10, 21]]	[[13, 24]]	1
tr|Q5CTD9|Q5CTD9_CRYPI	O15169	[[360, 371]]	[[384, 395]]	1
tr|Q5CTD9|Q5CTD9_CRYPI	Q86UY8	[[487, 496]]	[[341, 350]]	1
tr|Q5CTE1|Q5CTE1_CRYPI	Q9H981	[[239, 249]]	[[548, 558]]	1
tr|Q5CTE1|Q5CTE1_CRYPI	Q5HYJ3	[[313, 325]]	[[109, 121]]	1
tr|Q5CTE1|Q5CTE1_CRYPI	Q9BZW7	[[503, 513]]	[[407, 417]]	1
tr|Q5CTE5|Q5CTE5_CRYPI	O95819	[[214, 226]]	[[675, 687]]	1
tr|Q5CTE5|Q5CTE5_CRYPI	Q12791	[[362, 374]]	[[2, 14]]	1
tr|Q5CTE5|Q5CTE5_CRYPI	Q58A45	[[423, 434], [653, 667]]	[[517, 528], [772, 786]]	2
tr|Q5CTE5|Q5CTE5_CRYPI	Q99952	[[43, 63]]	[[366, 380]]	1
tr|Q5CTE5|Q5CTE5_CRYPI	P0CJ78	[[63, 74]]	[[531, 542]]	1
tr|Q5CTE6|Q5CTE6_CRYPI	P08172	[[138, 146]]	[[255, 263]]	1
tr|Q5CTE6|Q5CTE6_CRYPI	Q92598	[[715, 729]]	[[667, 681]]	1
tr|Q5CTE6|Q5CTE6_CRYPI	Q9H1H9	[[736, 748]]	[[1109, 1121]]	1
tr|Q5CTE7|Q5CTE7_CRYPI	Q5TAA0	[[370, 381]]	[[102, 113]]	1
tr|Q5CTE7|Q5CTE7_CRYPI	P09668	[[753, 764]]	[[293, 304]]	1
tr|Q5CTE7|Q5CTE7_CRYPI	P43234	[[754, 767]]	[[282, 295]]	1
tr|Q5CTE7|Q5CTE7_CRYPI	Q9UJW2	[[757, 769]]	[[432, 444]]	1
tr|Q5CTE8|Q5CTE8_CRYPI	Q4ZJI4	[[212, 221]]	[[392, 401]]	1
tr|Q5CTE8|Q5CTE8_CRYPI	Q5VXT5	[[276, 286]]	[[243, 253]]	1
tr|Q5CTE8|Q5CTE8_CRYPI	Q9HA82	[[321, 333]]	[[119, 131]]	1
tr|Q5CTE8|Q5CTE8_CRYPI	Q86UQ4	[[353, 362]]	[[2579, 2588]]	1
tr|Q5CTE8|Q5CTE8_CRYPI	Q6IPM2	[[414, 425]]	[[293, 304]]	1
tr|Q5CTE8|Q5CTE8_CRYPI	Q96HC4	[[576, 587]]	[[373, 384]]	1
tr|Q5CTE9|Q5CTE9_CRYPI	Q00839	[[491, 501]]	[[701, 711]]	1
tr|Q5CTE9|Q5CTE9_CRYPI	Q8IU57	[[518, 530]]	[[357, 369]]	1
tr|Q5CTF0|Q5CTF0_CRYPI	P0DTF9	[[276, 286]]	[[55, 65]]	1
tr|Q5CTF0|Q5CTF0_CRYPI	Q8NDX5	[[307, 319]]	[[17, 29]]	1
tr|Q5CTF0|Q5CTF0_CRYPI	Q9HCJ0	[[309, 321]]	[[970, 982]]	1
tr|Q5CTF0|Q5CTF0_CRYPI	O15054	[[326, 338]]	[[751, 763]]	1
tr|Q5CTF0|Q5CTF0_CRYPI	Q9BY67	[[327, 339]]	[[342, 354]]	1
tr|Q5CTF0|Q5CTF0_CRYPI	P30566	[[492, 502]]	[[132, 142]]	1
tr|Q5CTF2|Q5CTF2_CRYPI	P36871	[[579, 623], [455, 471], [110, 128], [356, 370], [152, 170], [318, 328], [529, 544], [208, 223], [477, 506]]	[[471, 515], [352, 368], [11, 29], [260, 274], [54, 72], [222, 232], [419, 434], [107, 122], [374, 403]]	9
tr|Q5CTF2|Q5CTF2_CRYPI	Q15124	[[351, 365], [585, 604], [476, 488], [227, 239], [318, 331]]	[[260, 274], [482, 501], [378, 390], [131, 143], [227, 240]]	5
tr|Q5CTF3|Q5CTF3_CRYPI	P36871	[[106, 121], [353, 369], [216, 226], [254, 268], [427, 439], [498, 525], [8, 26], [375, 404], [50, 68]]	[[107, 122], [352, 368], [222, 232], [260, 274], [419, 431], [492, 519], [11, 29], [374, 403], [54, 72]]	9
tr|Q5CTF3|Q5CTF3_CRYPI	Q15124	[[125, 138], [216, 229], [374, 386], [249, 263]]	[[131, 144], [227, 240], [378, 390], [260, 274]]	4
tr|Q5CTF4|Q5CTF4_CRYPI	Q6P3X3	[[651, 665], [121, 131]]	[[514, 528], [103, 113]]	2
tr|Q5CTF5|Q5CTF5_CRYPI	Q99490	[[21, 35]]	[[942, 956]]	1
tr|Q5CTF5|Q5CTF5_CRYPI	Q96P48	[[26, 37]]	[[551, 562]]	1
tr|Q5CTF5|Q5CTF5_CRYPI	A6NIR3	[[42, 53]]	[[496, 507]]	1
tr|Q5CTF5|Q5CTF5_CRYPI	Q8N6H7	[[50, 62]]	[[51, 63]]	1
tr|Q5CTF5|Q5CTF5_CRYPI	Q8N6T3	[[54, 70]]	[[51, 67]]	1
tr|Q5CTF6|Q5CTF6_CRYPI	P60153	[[215, 227]]	[[29, 41]]	1
tr|Q5CTF6|Q5CTF6_CRYPI	Q9UL51	[[45, 56]]	[[827, 838]]	1
tr|Q5CTF6|Q5CTF6_CRYPI	Q8ND56	[[56, 75]]	[[60, 79]]	1
tr|Q5CTF8|Q5CTF8_CRYPI	P06744	[[86, 101]]	[[92, 107]]	1
tr|Q5CTF9|Q5CTF9_CRYPI	O60347	[[199, 209]]	[[583, 593]]	1
tr|Q5CTF9|Q5CTF9_CRYPI	Q9Y3P9	[[231, 241]]	[[674, 684]]	1
tr|Q5CTF9|Q5CTF9_CRYPI	Q05682	[[500, 511]]	[[187, 198]]	1
tr|Q5CTF9|Q5CTF9_CRYPI	Q8WXG9	[[503, 515]]	[[3327, 3339]]	1
tr|Q5CTG1|Q5CTG1_CRYPI	Q6GPH4	[[624, 633]]	[[100, 109]]	1
tr|Q5CTG1|Q5CTG1_CRYPI	Q96CS3	[[10, 21]]	[[300, 311]]	1
tr|Q5CTG2|Q5CTG2_CRYPI	A5YKK6	[[37, 46]]	[[1331, 1340]]	1
tr|Q5CTG3|Q5CTG3_CRYPI	Q9NS40	[[522, 531]]	[[24, 33]]	1
tr|Q5CTG4|Q5CTG4_CRYPI	Q6ZT62	[[217, 229]]	[[516, 528]]	1
tr|Q5CTG4|Q5CTG4_CRYPI	Q13164	[[219, 231]]	[[586, 598]]	1
tr|Q5CTG4|Q5CTG4_CRYPI	Q14160	[[220, 232]]	[[1538, 1550]]	1
tr|Q5CTG4|Q5CTG4_CRYPI	Q2KHR2	[[222, 234]]	[[946, 958]]	1
tr|Q5CTG4|Q5CTG4_CRYPI	Q4VCS5	[[224, 235]]	[[1010, 1021]]	1
tr|Q5CTG4|Q5CTG4_CRYPI	Q5H9F3	[[228, 240], [226, 238]]	[[376, 388], [390, 402]]	2
tr|Q5CTG4|Q5CTG4_CRYPI	O60318	[[231, 242]]	[[1033, 1044]]	1
tr|Q5CTG4|Q5CTG4_CRYPI	Q9Y5E9	[[258, 270]]	[[394, 406]]	1
tr|Q5CTG4|Q5CTG4_CRYPI	Q86WN1	[[479, 488]]	[[668, 677]]	1
tr|Q5CTG4|Q5CTG4_CRYPI	Q9UPS6	[[482, 490]]	[[1325, 1333]]	1
tr|Q5CTG4|Q5CTG4_CRYPI	Q5JSH3	[[482, 492]]	[[242, 252]]	1
tr|Q5CTG4|Q5CTG4_CRYPI	Q96J02	[[483, 501]]	[[249, 267]]	1
tr|Q5CTG4|Q5CTG4_CRYPI	O75534	[[708, 718]]	[[129, 139]]	1
tr|Q5CTG4|Q5CTG4_CRYPI	Q14118	[[791, 803]]	[[441, 453]]	1
tr|Q5CTG4|Q5CTG4_CRYPI	P85298	[[795, 810]]	[[205, 220]]	1
tr|Q5CTG4|Q5CTG4_CRYPI	Q96DT5	[[966, 977]]	[[579, 590]]	1
tr|Q5CTG6|Q5CTG6_CRYPI	P19440	[[49, 58]]	[[407, 416]]	1
tr|Q5CTG7|Q5CTG7_CRYPI	O14514	[[109, 118]]	[[471, 480]]	1
tr|Q5CTG7|Q5CTG7_CRYPI	Q9C0I4	[[109, 121], [245, 257]]	[[340, 352], [600, 612]]	2
tr|Q5CTG7|Q5CTG7_CRYPI	Q14520	[[205, 216]]	[[238, 249]]	1
tr|Q5CTG7|Q5CTG7_CRYPI	A2VEC9	[[304, 316]]	[[4767, 4779]]	1
tr|Q5CTG7|Q5CTG7_CRYPI	P35442	[[308, 319]]	[[442, 453]]	1
tr|Q5CTG7|Q5CTG7_CRYPI	Q9P2N4	[[311, 322]]	[[1449, 1460]]	1
tr|Q5CTG7|Q5CTG7_CRYPI	Q8TE56	[[348, 360]]	[[914, 926]]	1
tr|Q5CTG7|Q5CTG7_CRYPI	Q9P283	[[58, 68]]	[[667, 677]]	1
tr|Q5CTG7|Q5CTG7_CRYPI	Q8IZF0	[[6, 18]]	[[1339, 1351]]	1
tr|Q5CTH4|Q5CTH4_CRYPI	P46459	[[274, 312], [621, 632], [352, 372], [375, 394], [331, 348], [231, 252], [605, 618], [442, 461]]	[[264, 302], [613, 624], [341, 361], [364, 383], [321, 338], [221, 242], [597, 610], [431, 450]]	8
tr|Q5CTH4|Q5CTH4_CRYPI	Q13608	[[264, 276], [301, 313]]	[[738, 750], [774, 786]]	2
tr|Q5CTH4|Q5CTH4_CRYPI	P55072	[[269, 284], [412, 425]]	[[244, 259], [375, 388]]	2
tr|Q5CTH4|Q5CTH4_CRYPI	P51398	[[547, 557]]	[[124, 134]]	1
tr|Q5CTH4|Q5CTH4_CRYPI	P32245	[[588, 597]]	[[304, 313]]	1
tr|Q5CTH5|Q5CTH5_CRYPI	P62249	[[90, 109], [112, 144], [55, 74]]	[[92, 111], [114, 146], [57, 76]]	3
tr|Q5CTH6|Q5CTH6_CRYPI	P04085	[[920, 932]]	[[47, 59]]	1
tr|Q5CTH7|Q5CTH7_CRYPI	O94822	[[2105, 2119], [2142, 2157]]	[[1709, 1723], [1746, 1761]]	2
tr|Q5CTH7|Q5CTH7_CRYPI	Q02078	[[582, 592]]	[[116, 126]]	1
tr|Q5CTH7|Q5CTH7_CRYPI	P56524	[[608, 616]]	[[188, 196]]	1
tr|Q5CTH7|Q5CTH7_CRYPI	Q6ZRF8	[[82, 91]]	[[274, 283]]	1
tr|Q5CTH8|Q5CTH8_CRYPI	O00478	[[363, 374]]	[[218, 229]]	1
tr|Q5CTH8|Q5CTH8_CRYPI	Q9UBS9	[[411, 423]]	[[664, 676]]	1
tr|Q5CTH8|Q5CTH8_CRYPI	Q6ZSZ6	[[568, 578]]	[[183, 193]]	1
tr|Q5CTH9|Q5CTH9_CRYPI	P49640	[[381, 393]]	[[189, 201]]	1
tr|Q5CTI0|Q5CTI0_CRYPI	P24390	[[228, 239]]	[[141, 152]]	1
tr|Q5CTI0|Q5CTI0_CRYPI	A0A1B0GXF2	[[54, 63]]	[[5, 14]]	1
tr|Q5CTI1|Q5CTI1_CRYPI	Q15269	[[355, 375], [544, 558]]	[[352, 372], [514, 528]]	2
tr|Q5CTI1|Q5CTI1_CRYPI	P63244	[[549, 560]]	[[81, 92]]	1
tr|Q5CTI1|Q5CTI1_CRYPI	O75381	[[82, 93]]	[[219, 230]]	1
tr|Q5CTI2|Q5CTI2_CRYPI	O60318	[[55, 67]]	[[782, 794]]	1
tr|Q5CTI7|Q5CTI7_CRYPI	Q9BZW7	[[168, 177]]	[[586, 595]]	1
tr|Q5CTI7|Q5CTI7_CRYPI	P51153	[[393, 403]]	[[25, 35]]	1
tr|Q5CTI7|Q5CTI7_CRYPI	Q03164	[[447, 458]]	[[319, 330]]	1
tr|Q5CTI7|Q5CTI7_CRYPI	Q15643	[[73, 83]]	[[209, 219]]	1
tr|Q5CTI8|Q5CTI8_CRYPI	O95926	[[215, 228]]	[[228, 241]]	1
tr|Q5CTJ0|Q5CTJ0_CRYPI	Q8WU90	[[143, 155]]	[[175, 187]]	1
tr|Q5CTJ0|Q5CTJ0_CRYPI	Q3YEC7	[[229, 241]]	[[656, 668]]	1
tr|Q5CTJ2|Q5CTJ2_CRYPI	O75643	[[303, 315], [1359, 1372], [538, 550], [1499, 1513], [1265, 1279]]	[[536, 548], [1420, 1433], [719, 731], [1552, 1566], [1341, 1355]]	5
tr|Q5CTJ2|Q5CTJ2_CRYPI	A2PYH4	[[1366, 1378]]	[[384, 396]]	1
tr|Q5CTJ2|Q5CTJ2_CRYPI	Q8N3C0	[[389, 399], [1593, 1621], [692, 721], [302, 314], [258, 271], [1481, 1492], [1579, 1591], [1503, 1515], [1627, 1646]]	[[1454, 1464], [1640, 1668], [833, 862], [530, 542], [498, 511], [1533, 1544], [789, 801], [1555, 1567], [1674, 1693]]	9
tr|Q5CTJ2|Q5CTJ2_CRYPI	Q5T4S7	[[1675, 1687]]	[[2485, 2497]]	1
tr|Q5CTJ2|Q5CTJ2_CRYPI	Q8WV22	[[1958, 1969]]	[[54, 65]]	1
tr|Q5CTJ2|Q5CTJ2_CRYPI	Q8N8A6	[[256, 266]]	[[253, 263]]	1
tr|Q5CTJ2|Q5CTJ2_CRYPI	O75417	[[673, 684]]	[[448, 459]]	1
tr|Q5CTJ3|Q5CTJ3_CRYPI	Q9HAC8	[[596, 606]]	[[66, 76]]	1
tr|Q5CTJ4|Q5CTJ4_CRYPI	Q14683	[[58, 78], [35, 51], [177, 193], [1199, 1229]]	[[30, 50], [8, 24], [125, 141], [1127, 1157]]	4
tr|Q5CTJ4|Q5CTJ4_CRYPI	Q8NDV3	[[1220, 1235], [55, 68]]	[[1144, 1159], [27, 40]]	2
tr|Q5CTJ4|Q5CTJ4_CRYPI	Q9Y5J1	[[317, 327]]	[[168, 178]]	1
tr|Q5CTJ4|Q5CTJ4_CRYPI	P35452	[[873, 884]]	[[229, 240]]	1
tr|Q5CTJ5|Q5CTJ5_CRYPI	Q03431	[[1045, 1054]]	[[511, 520]]	1
tr|Q5CTJ5|Q5CTJ5_CRYPI	Q07890	[[1123, 1133]]	[[1198, 1208]]	1
tr|Q5CTJ5|Q5CTJ5_CRYPI	P17676	[[1123, 1134]]	[[158, 169]]	1
tr|Q5CTJ5|Q5CTJ5_CRYPI	Q9NYF3	[[121, 131]]	[[336, 346]]	1
tr|Q5CTJ5|Q5CTJ5_CRYPI	Q14315	[[238, 250]]	[[656, 668]]	1
tr|Q5CTJ7|Q5CTJ7_CRYPI	Q6Q4G3	[[345, 355]]	[[968, 978]]	1
tr|Q5CTJ7|Q5CTJ7_CRYPI	Q96GJ1	[[355, 369]]	[[346, 360]]	1
tr|Q5CTJ7|Q5CTJ7_CRYPI	Q8IZ69	[[436, 451]]	[[505, 520]]	1
tr|Q5CTJ8|Q5CTJ8_CRYPI	O43182	[[257, 266]]	[[441, 450]]	1
tr|Q5CTJ9|Q5CTJ9_CRYPI	Q7Z443	[[1230, 1242]]	[[701, 713]]	1
tr|Q5CTJ9|Q5CTJ9_CRYPI	Q9P212	[[1243, 1254]]	[[982, 993]]	1
tr|Q5CTJ9|Q5CTJ9_CRYPI	Q8NGH7	[[1324, 1334]]	[[62, 72]]	1
tr|Q5CTJ9|Q5CTJ9_CRYPI	P98194	[[395, 407]]	[[182, 194]]	1
tr|Q5CTJ9|Q5CTJ9_CRYPI	Q9H7F0	[[600, 610]]	[[494, 504]]	1
tr|Q5CTK0|Q5CTK0_CRYPI	Q9Y2D2	[[163, 175]]	[[117, 129]]	1
tr|Q5CTK0|Q5CTK0_CRYPI	P78381	[[166, 178]]	[[148, 160]]	1
tr|Q5CTK1|Q5CTK1_CRYPI	Q9Y2D2	[[167, 179]]	[[116, 128]]	1
tr|Q5CTK1|Q5CTK1_CRYPI	P78381	[[169, 181]]	[[146, 158]]	1
tr|Q5CTK4|Q5CTK4_CRYPI	Q9Y5E1	[[394, 404]]	[[171, 181]]	1
tr|Q5CTK6|Q5CTK6_CRYPI	Q562F6	[[578, 588]]	[[911, 921]]	1
tr|Q5CTK7|Q5CTK7_CRYPI	Q9H2A9	[[148, 159]]	[[367, 378]]	1
tr|Q5CTK9|Q5CTK9_CRYPI	A6NFU0	[[1773, 1785]]	[[17, 29]]	1
tr|Q5CTK9|Q5CTK9_CRYPI	P55316	[[659, 668]]	[[178, 187]]	1
tr|Q5CTL0|Q5CTL0_CRYPI	Q14204	[[124, 132]]	[[361, 369]]	1
tr|Q5CTL2|Q5CTL2_CRYPI	P0CF97	[[450, 461]]	[[495, 506]]	1
tr|Q5CTL2|Q5CTL2_CRYPI	P54725	[[497, 508]]	[[60, 71]]	1
tr|Q5CTL2|Q5CTL2_CRYPI	O94972	[[795, 805]]	[[427, 437]]	1
tr|Q5CTL2|Q5CTL2_CRYPI	P49754	[[990, 1001]]	[[804, 815]]	1
tr|Q5CTL3|Q5CTL3_CRYPI	Q9NS18	[[74, 87]]	[[119, 132]]	1
tr|Q5CTL9|Q5CTL9_CRYPI	P50579	[[235, 244], [399, 418], [162, 173], [450, 471], [310, 324], [246, 261], [209, 226], [343, 356], [272, 286]]	[[244, 253], [405, 424], [171, 182], [456, 477], [319, 333], [255, 270], [218, 235], [352, 365], [281, 295]]	9
tr|Q5CTL9|Q5CTL9_CRYPI	Q9HC56	[[48, 60]]	[[861, 873]]	1
tr|Q5CTL9|Q5CTL9_CRYPI	Q15053	[[53, 64]]	[[64, 75]]	1
tr|Q5CTL9|Q5CTL9_CRYPI	Q3YEC7	[[55, 67]]	[[651, 663]]	1
tr|Q5CTM0|Q5CTM0_CRYPI	P17643	[[181, 190]]	[[135, 144]]	1
tr|Q5CTM3|Q5CTM3_CRYPI	Q9P2X3	[[231, 265], [214, 230], [140, 152]]	[[255, 289], [238, 254], [177, 189]]	3
tr|Q5CTM3|Q5CTM3_CRYPI	Q9H0C3	[[6, 16]]	[[20, 30]]	1
tr|Q5CTM4|Q5CTM4_CRYPI	Q8IZ73	[[175, 187], [314, 329]]	[[267, 279], [361, 376]]	2
tr|Q5CTM4|Q5CTM4_CRYPI	Q9UKZ4	[[207, 215]]	[[1235, 1243]]	1
tr|Q5CTM5|Q5CTM5_CRYPI	Q9NYW2	[[130, 141]]	[[239, 250]]	1
tr|Q5CTM5|Q5CTM5_CRYPI	Q5T0T0	[[23, 34]]	[[88, 99]]	1
tr|Q5CTM9|Q5CTM9_CRYPI	Q92839	[[105, 113]]	[[406, 414]]	1
tr|Q5CTM9|Q5CTM9_CRYPI	Q9Y3R5	[[60, 85], [145, 155]]	[[62, 87], [147, 157]]	2
tr|Q5CTM9|Q5CTM9_CRYPI	Q5JWR5	[[62, 74]]	[[64, 76]]	1
tr|Q5CTM9|Q5CTM9_CRYPI	Q92608	[[9, 18]]	[[1123, 1132]]	1
tr|Q5CTN0|Q5CTN0_CRYPI	Q8N392	[[68, 77]]	[[370, 379]]	1
tr|Q5CTN1|Q5CTN1_CRYPI	Q96EN8	[[205, 217]]	[[821, 833]]	1
tr|Q5CTN1|Q5CTN1_CRYPI	Q02108	[[352, 360]]	[[76, 84]]	1
tr|Q5CTN1|Q5CTN1_CRYPI	Q15935	[[899, 910]]	[[81, 92]]	1
tr|Q5CTN3|Q5CTN3_CRYPI	Q9UPU7	[[1007, 1018]]	[[345, 356]]	1
tr|Q5CTN3|Q5CTN3_CRYPI	Q9BY12	[[1008, 1019]]	[[734, 745]]	1
tr|Q5CTN3|Q5CTN3_CRYPI	P55283	[[1049, 1057]]	[[326, 334]]	1
tr|Q5CTN3|Q5CTN3_CRYPI	P78371	[[1079, 1090]]	[[235, 246]]	1
tr|Q5CTN3|Q5CTN3_CRYPI	Q5JTZ9	[[1214, 1224]]	[[713, 723]]	1
tr|Q5CTN3|Q5CTN3_CRYPI	Q9H0V1	[[1661, 1670]]	[[205, 214]]	1
tr|Q5CTN4|Q5CTN4_CRYPI	Q9NRP7	[[265, 278]]	[[9, 22]]	1
tr|Q5CTN4|Q5CTN4_CRYPI	O43283	[[313, 325]]	[[209, 221]]	1
tr|Q5CTN4|Q5CTN4_CRYPI	Q92772	[[385, 396]]	[[121, 132]]	1
tr|Q5CTN4|Q5CTN4_CRYPI	Q86Z02	[[460, 471]]	[[375, 386]]	1
tr|Q5CTN4|Q5CTN4_CRYPI	P14616	[[523, 532]]	[[1229, 1238]]	1
tr|Q5CTN7|Q5CTN7_CRYPI	Q8N4C6	[[161, 170]]	[[1574, 1583]]	1
tr|Q5CTN9|Q5CTN9_CRYPI	P59910	[[131, 146]]	[[18, 33]]	1
tr|Q5CTN9|Q5CTN9_CRYPI	Q9UF47	[[136, 148]]	[[38, 50]]	1
tr|Q5CTN9|Q5CTN9_CRYPI	Q99543	[[207, 219]]	[[181, 193]]	1
tr|Q5CTN9|Q5CTN9_CRYPI	Q8N6Y0	[[315, 327]]	[[651, 663]]	1
tr|Q5CTP1|Q5CTP1_CRYPI	Q9Y6P5	[[238, 252]]	[[109, 123]]	1
tr|Q5CTP1|Q5CTP1_CRYPI	Q70CQ2	[[383, 390]]	[[224, 231]]	1
tr|Q5CTP3|Q5CTP3_CRYPI	Q15008	[[385, 397], [184, 195]]	[[371, 383], [172, 183]]	2
tr|Q5CTP3|Q5CTP3_CRYPI	Q9UK99	[[28, 40]]	[[318, 330]]	1
tr|Q5CTP4|Q5CTP4_CRYPI	P61927	[[79, 90], [62, 76]]	[[71, 82], [54, 68]]	2
tr|Q5CTP5|Q5CTP5_CRYPI	Q969W1	[[123, 134]]	[[163, 174]]	1
tr|Q5CTP5|Q5CTP5_CRYPI	Q9NYG2	[[126, 160]]	[[138, 172]]	1
tr|Q5CTP5|Q5CTP5_CRYPI	Q9H6R6	[[139, 150]]	[[123, 134]]	1
tr|Q5CTP5|Q5CTP5_CRYPI	Q9UIJ5	[[159, 171]]	[[171, 183]]	1
tr|Q5CTP7|Q5CTP7_CRYPI	Q13823	[[306, 318], [278, 290], [333, 378]]	[[279, 291], [251, 263], [306, 351]]	3
tr|Q5CTP8|Q5CTP8_CRYPI	Q8N7P1	[[32, 41]]	[[325, 334]]	1
tr|Q5CTP8|Q5CTP8_CRYPI	Q13324	[[357, 365]]	[[186, 194]]	1
tr|Q5CTQ0|Q5CTQ0_CRYPI	P83105	[[192, 202]]	[[253, 263]]	1
tr|Q5CTQ0|Q5CTQ0_CRYPI	Q8NH81	[[384, 393]]	[[301, 310]]	1
tr|Q5CTQ1|Q5CTQ1_CRYPI	Q96MR6	[[1025, 1035]]	[[1139, 1149]]	1
tr|Q5CTQ1|Q5CTQ1_CRYPI	A8MT65	[[1404, 1414]]	[[284, 294]]	1
tr|Q5CTQ1|Q5CTQ1_CRYPI	Q9NYC9	[[733, 744]]	[[674, 685]]	1
tr|Q5CTQ5|Q5CTQ5_CRYPI	A6NFE3	[[227, 238]]	[[113, 124]]	1
tr|Q5CTQ7|Q5CTQ7_CRYPI	P25786	[[44, 66], [148, 181]]	[[15, 37], [119, 152]]	2
tr|Q5CTQ7|Q5CTQ7_CRYPI	Q9H252	[[240, 252]]	[[647, 659]]	1
tr|Q5CTQ7|Q5CTQ7_CRYPI	P25788	[[45, 57]]	[[18, 30]]	1
tr|Q5CTR5|Q5CTR5_CRYPI	O95789	[[107, 114]]	[[192, 199]]	1
tr|Q5CTR5|Q5CTR5_CRYPI	Q96T23	[[156, 167]]	[[996, 1007]]	1
tr|Q5CTR5|Q5CTR5_CRYPI	Q9HAW8	[[420, 427]]	[[169, 176]]	1
tr|Q5CTR5|Q5CTR5_CRYPI	Q6DN90	[[499, 508]]	[[692, 701]]	1
tr|Q5CTR7|Q5CTR7_CRYPI	Q96K76	[[1057, 1069]]	[[41, 53]]	1
tr|Q5CTR8|Q5CTR8_CRYPI	Q8WXH2	[[107, 116]]	[[287, 296]]	1
tr|Q5CTR8|Q5CTR8_CRYPI	Q9HDC5	[[109, 119]]	[[282, 292]]	1
tr|Q5CTR8|Q5CTR8_CRYPI	P62508	[[237, 247]]	[[434, 444]]	1
tr|Q5CTR8|Q5CTR8_CRYPI	Q96JJ6	[[38, 51]]	[[304, 317]]	1
tr|Q5CTR8|Q5CTR8_CRYPI	Q8WYR4	[[80, 92]]	[[85, 97]]	1
tr|Q5CTS1|Q5CTS1_CRYPI	Q8N961	[[451, 460]]	[[662, 671]]	1
tr|Q5CTS1|Q5CTS1_CRYPI	Q6DKJ4	[[606, 618]]	[[125, 137]]	1
tr|Q5CTS1|Q5CTS1_CRYPI	Q9NRJ4	[[752, 764]]	[[501, 513]]	1
tr|Q5CTS3|Q5CTS3_CRYPI	P11498	[[185, 195]]	[[232, 242]]	1
tr|Q5CTS3|Q5CTS3_CRYPI	Q9Y5P6	[[252, 263], [221, 235], [39, 52], [325, 336]]	[[215, 226], [188, 202], [10, 23], [261, 272]]	4
tr|Q5CTS4|Q5CTS4_CRYPI	Q9NPF8	[[125, 134]]	[[109, 118]]	1
tr|Q5CTS4|Q5CTS4_CRYPI	Q9NP61	[[35, 45]]	[[21, 31]]	1
tr|Q5CTS4|Q5CTS4_CRYPI	Q15057	[[46, 56]]	[[421, 431]]	1
tr|Q5CTS4|Q5CTS4_CRYPI	Q96P50	[[46, 62]]	[[425, 441]]	1
tr|Q5CTS4|Q5CTS4_CRYPI	O43150	[[52, 65]]	[[449, 462]]	1
tr|Q5CTS4|Q5CTS4_CRYPI	Q99490	[[56, 67]]	[[963, 974]]	1
tr|Q5CTS4|Q5CTS4_CRYPI	Q96P47	[[58, 69]]	[[660, 671]]	1
tr|Q5CTS4|Q5CTS4_CRYPI	Q8N6H7	[[59, 71]]	[[46, 58]]	1
tr|Q5CTS4|Q5CTS4_CRYPI	Q8WU79	[[65, 77]]	[[54, 66]]	1
tr|Q5CTS5|Q5CTS5_CRYPI	Q8N5U6	[[79, 90]]	[[235, 246]]	1
tr|Q5CTS5|Q5CTS5_CRYPI	Q99942	[[83, 92]]	[[41, 50]]	1
tr|Q5CTS6|Q5CTS6_CRYPI	Q9H2P9	[[298, 309]]	[[257, 268]]	1
tr|Q5CTS7|Q5CTS7_CRYPI	Q7Z407	[[220, 228]]	[[2561, 2569]]	1
tr|Q5CTS8|Q5CTS8_CRYPI	Q9UQ26	[[89, 99]]	[[1178, 1188]]	1
tr|Q5CTS9|Q5CTS9_CRYPI	Q8NGG4	[[15, 27]]	[[25, 37]]	1
tr|Q5CTS9|Q5CTS9_CRYPI	A6NDH6	[[381, 393]]	[[205, 217]]	1
tr|Q5CTS9|Q5CTS9_CRYPI	O95267	[[96, 106]]	[[497, 507]]	1
tr|Q5CTT0|Q5CTT0_CRYPI	O00471	[[27, 35]]	[[490, 498]]	1
tr|Q5CTT1|Q5CTT1_CRYPI	O60245	[[10, 21]]	[[573, 584]]	1
tr|Q5CTT2|Q5CTT2_CRYPI	Q6IPM2	[[209, 221]]	[[631, 643]]	1
tr|Q5CTT2|Q5CTT2_CRYPI	Q96MR6	[[70, 82]]	[[1140, 1152]]	1
tr|Q5CTT5|Q5CTT5_CRYPI	Q9Y2W7	[[108, 117]]	[[221, 230]]	1
tr|Q5CTT5|Q5CTT5_CRYPI	O00743	[[514, 525]]	[[152, 163]]	1
tr|Q5CTT7|Q5CTT7_CRYPI	P25205	[[639, 657], [341, 364], [225, 237], [127, 138], [405, 431], [246, 258], [380, 401], [437, 476]]	[[615, 633], [325, 348], [208, 220], [124, 135], [389, 415], [229, 241], [364, 385], [421, 460]]	8
tr|Q5CTT7|Q5CTT7_CRYPI	P33993	[[383, 395], [457, 469]]	[[403, 415], [477, 489]]	2
tr|Q5CTT7|Q5CTT7_CRYPI	P33992	[[491, 503]]	[[510, 522]]	1
tr|Q5CTT8|Q5CTT8_CRYPI	Q9NS15	[[124, 134]]	[[1251, 1261]]	1
tr|Q5CTT8|Q5CTT8_CRYPI	P35556	[[142, 154], [256, 270]]	[[2186, 2198], [2053, 2067]]	2
tr|Q5CTT8|Q5CTT8_CRYPI	Q75N90	[[144, 155]]	[[588, 599]]	1
tr|Q5CTT8|Q5CTT8_CRYPI	O75095	[[195, 205]]	[[184, 194]]	1
tr|Q5CTT8|Q5CTT8_CRYPI	P35555	[[205, 218], [229, 241]]	[[1272, 1285], [1501, 1513]]	2
tr|Q5CTT8|Q5CTT8_CRYPI	Q8N2S1	[[207, 219]]	[[1568, 1580]]	1
tr|Q5CTT8|Q5CTT8_CRYPI	Q14766	[[209, 219]]	[[1658, 1668]]	1
tr|Q5CTT8|Q5CTT8_CRYPI	Q12805	[[209, 221]]	[[250, 262]]	1
tr|Q5CTT8|Q5CTT8_CRYPI	Q96RW7	[[212, 223]]	[[5191, 5202]]	1
tr|Q5CTT8|Q5CTT8_CRYPI	Q8IX30	[[229, 237]]	[[371, 379]]	1
tr|Q5CTT8|Q5CTT8_CRYPI	Q9UBK9	[[387, 396]]	[[69, 78]]	1
tr|Q5CTT8|Q5CTT8_CRYPI	Q14767	[[75, 86]]	[[1211, 1222]]	1
tr|Q5CTT8|Q5CTT8_CRYPI	P23142	[[79, 91]]	[[522, 534]]	1
tr|Q5CTT8|Q5CTT8_CRYPI	P98095	[[81, 95]]	[[763, 777]]	1
tr|Q5CTT8|Q5CTT8_CRYPI	Q07954	[[97, 107]]	[[2993, 3003]]	1
tr|Q5CTT9|Q5CTT9_CRYPI	Q9UNI6	[[90, 104]]	[[311, 325]]	1
tr|Q5CTU0|Q5CTU0_CRYPI	O75436	[[55, 68], [174, 196], [280, 303]]	[[58, 71], [168, 190], [274, 297]]	3
tr|Q5CTU0|Q5CTU0_CRYPI	Q4G0F5	[[205, 218]]	[[197, 210]]	1
tr|Q5CTU0|Q5CTU0_CRYPI	P36551	[[259, 267]]	[[279, 287]]	1
tr|Q5CTU1|Q5CTU1_CRYPI	A6NDX5	[[77, 87]]	[[337, 347]]	1
tr|Q5CTU2|Q5CTU2_CRYPI	Q8N961	[[4, 13]]	[[283, 292]]	1
tr|Q5CTU6|Q5CTU6_CRYPI	Q96PZ0	[[476, 488], [345, 357]]	[[376, 388], [262, 274]]	2
tr|Q5CTU7|Q5CTU7_CRYPI	P60228	[[255, 263], [442, 464]]	[[212, 220], [359, 381]]	2
tr|Q5CTU7|Q5CTU7_CRYPI	Q8NDV7	[[513, 523]]	[[829, 839]]	1
tr|Q5CTU9|Q5CTU9_CRYPI	P98160	[[159, 171]]	[[3260, 3272]]	1
tr|Q5CTU9|Q5CTU9_CRYPI	Q06190	[[412, 424]]	[[1053, 1065]]	1
tr|Q5CTV1|Q5CTV1_CRYPI	O75635	[[475, 487]]	[[3, 15]]	1
tr|Q5CTV2|Q5CTV2_CRYPI	O14818	[[78, 89], [151, 164]]	[[65, 76], [138, 151]]	2
tr|Q5CTV2|Q5CTV2_CRYPI	Q8TAA3	[[198, 212]]	[[195, 209]]	1
tr|Q5CTV2|Q5CTV2_CRYPI	Q96A65	[[234, 244]]	[[153, 163]]	1
tr|Q5CTV3|Q5CTV3_CRYPI	Q9UJW0	[[38, 56]]	[[45, 63]]	1
tr|Q5CTV6|Q5CTV6_CRYPI	Q96NH3	[[205, 214]]	[[1169, 1178]]	1
tr|Q5CTV6|Q5CTV6_CRYPI	Q92496	[[422, 432]]	[[94, 104]]	1
tr|Q5CTV8|Q5CTV8_CRYPI	Q9NWS1	[[129, 139]]	[[402, 412]]	1
tr|Q5CTV9|Q5CTV9_CRYPI	Q9HCM2	[[413, 423]]	[[226, 236]]	1
tr|Q5CTW0|Q5CTW0_CRYPI	P17980	[[67, 79], [421, 442], [379, 396], [187, 202], [205, 227], [169, 182], [295, 313]]	[[45, 57], [399, 420], [358, 375], [166, 181], [184, 206], [148, 161], [274, 292]]	7
tr|Q5CTW1|Q5CTW1_CRYPI	O15230	[[569, 578]]	[[1074, 1083]]	1
tr|Q5CTW1|Q5CTW1_CRYPI	Q15619	[[98, 108]]	[[127, 137]]	1
tr|Q5CTW2|Q5CTW2_CRYPI	Q96EY1	[[101, 112]]	[[114, 125]]	1
tr|Q5CTW2|Q5CTW2_CRYPI	Q8NHS0	[[126, 137]]	[[51, 62]]	1
tr|Q5CTW2|Q5CTW2_CRYPI	Q9UBS4	[[127, 139]]	[[73, 85]]	1
tr|Q5CTW2|Q5CTW2_CRYPI	P78344	[[340, 352]]	[[746, 758]]	1
tr|Q5CTW2|Q5CTW2_CRYPI	Q9Y2G8	[[79, 91]]	[[28, 40]]	1
tr|Q5CTW2|Q5CTW2_CRYPI	Q9H819	[[81, 97]]	[[83, 99]]	1
tr|Q5CTW3|Q5CTW3_CRYPI	Q96R67	[[147, 158]]	[[9, 20]]	1
tr|Q5CTW3|Q5CTW3_CRYPI	B4DYI2	[[276, 285]]	[[37, 46]]	1
tr|Q5CTW4|Q5CTW4_CRYPI	Q09013	[[248, 260]]	[[137, 149]]	1
tr|Q5CTW4|Q5CTW4_CRYPI	O75582	[[411, 424], [303, 315]]	[[285, 298], [542, 554]]	2
tr|Q5CTW4|Q5CTW4_CRYPI	Q15208	[[357, 369]]	[[298, 310]]	1
tr|Q5CTW4|Q5CTW4_CRYPI	Q9HBH9	[[361, 373]]	[[275, 287]]	1
tr|Q5CTW4|Q5CTW4_CRYPI	Q9C098	[[364, 376]]	[[536, 548]]	1
tr|Q5CTW4|Q5CTW4_CRYPI	Q5VT25	[[407, 419]]	[[309, 321]]	1
tr|Q5CTW4|Q5CTW4_CRYPI	Q9UBE8	[[422, 434]]	[[410, 422]]	1
tr|Q5CTW4|Q5CTW4_CRYPI	P53355	[[430, 440]]	[[266, 276]]	1
tr|Q5CTW4|Q5CTW4_CRYPI	Q6NUK1	[[497, 509]]	[[26, 38]]	1
tr|Q5CTW4|Q5CTW4_CRYPI	O14829	[[617, 628]]	[[622, 633]]	1
tr|Q5CTW5|Q5CTW5_CRYPI	O94759	[[86, 95]]	[[59, 68]]	1
tr|Q5CTW6|Q5CTW6_CRYPI	O94830	[[430, 442]]	[[533, 545]]	1
tr|Q5CTW6|Q5CTW6_CRYPI	Q8NEL9	[[432, 447]]	[[656, 671]]	1
tr|Q5CTW7|Q5CTW7_CRYPI	P27449	[[395, 407]]	[[90, 102]]	1
tr|Q5CTW8|Q5CTW8_CRYPI	Q8NDV3	[[77, 86]]	[[761, 770]]	1
tr|Q5CTW9|Q5CTW9_CRYPI	O95238	[[448, 458]]	[[299, 309]]	1
tr|Q5CTW9|Q5CTW9_CRYPI	P33991	[[548, 570], [517, 533], [577, 627], [756, 765]]	[[531, 553], [500, 516], [560, 610], [730, 739]]	4
tr|Q5CTW9|Q5CTW9_CRYPI	P49736	[[574, 587]]	[[570, 583]]	1
tr|Q5CTX0|Q5CTX0_CRYPI	Q15811	[[209, 221]]	[[268, 280]]	1
tr|Q5CTX1|Q5CTX1_CRYPI	Q969I3	[[544, 554]]	[[250, 260]]	1
tr|Q5CTX3|Q5CTX3_CRYPI	P53804	[[39, 51]]	[[751, 763]]	1
tr|Q5CTX3|Q5CTX3_CRYPI	Q86TN4	[[72, 82]]	[[98, 108]]	1
tr|Q5CTX5|Q5CTX5_CRYPI	P47972	[[105, 114]]	[[395, 404]]	1
tr|Q5CTX6|Q5CTX6_CRYPI	O75312	[[15, 25], [168, 180]]	[[44, 54], [196, 208]]	2
tr|Q5CTX6|Q5CTX6_CRYPI	Q96DE9	[[238, 246]]	[[145, 153]]	1
tr|Q5CTX7|Q5CTX7_CRYPI	Q9Y262	[[134, 147], [218, 228], [309, 329]]	[[130, 143], [185, 195], [268, 288]]	3
tr|Q5CTX8|Q5CTX8_CRYPI	Q13277	[[255, 267]]	[[224, 236]]	1
tr|Q5CTY0|Q5CTY0_CRYPI	O95396	[[208, 223]]	[[211, 226]]	1
tr|Q5CTY0|Q5CTY0_CRYPI	Q8TBC4	[[80, 91]]	[[70, 81]]	1
tr|Q5CTY1|Q5CTY1_CRYPI	P49736	[[503, 521], [793, 815], [400, 418], [651, 692], [318, 330], [553, 568]]	[[474, 492], [756, 778], [371, 389], [621, 662], [301, 313], [523, 538]]	6
tr|Q5CTY1|Q5CTY1_CRYPI	Q8WU79	[[380, 389]]	[[27, 36]]	1
tr|Q5CTY1|Q5CTY1_CRYPI	P25205	[[541, 553]]	[[333, 345]]	1
tr|Q5CTY1|Q5CTY1_CRYPI	Q9UJA3	[[548, 560]]	[[449, 461]]	1
tr|Q5CTY1|Q5CTY1_CRYPI	P33991	[[574, 588], [804, 819]]	[[531, 545], [734, 749]]	2
tr|Q5CTY1|Q5CTY1_CRYPI	P33992	[[578, 590]]	[[406, 418]]	1
tr|Q5CTY1|Q5CTY1_CRYPI	Q4JDL3	[[758, 766]]	[[334, 342]]	1
tr|Q5CTY1|Q5CTY1_CRYPI	Q969H0	[[889, 900]]	[[28, 39]]	1
tr|Q5CTY4|Q5CTY4_CRYPI	P62851	[[19, 32]]	[[26, 39]]	1
tr|Q5CTY5|Q5CTY5_CRYPI	Q14289	[[248, 260]]	[[476, 488]]	1
tr|Q5CTY5|Q5CTY5_CRYPI	Q96QS6	[[280, 293]]	[[142, 155]]	1
tr|Q5CTY5|Q5CTY5_CRYPI	P57059	[[310, 322]]	[[138, 150]]	1
tr|Q5CTY5|Q5CTY5_CRYPI	P49137	[[373, 391]]	[[238, 256]]	1
tr|Q5CTY5|Q5CTY5_CRYPI	Q96C19	[[689, 699]]	[[133, 143]]	1
tr|Q5CTY5|Q5CTY5_CRYPI	Q9NZT1	[[698, 710]]	[[58, 70]]	1
tr|Q5CTY5|Q5CTY5_CRYPI	Q5VZP5	[[83, 95]]	[[695, 707]]	1
tr|Q5CTY6|Q5CTY6_CRYPI	Q8NG31	[[296, 308]]	[[625, 637]]	1
tr|Q5CTY6|Q5CTY6_CRYPI	Q9H3F6	[[305, 315]]	[[286, 296]]	1
tr|Q5CTY7|Q5CTY7_CRYPI	Q9UNM6	[[357, 367]]	[[304, 314]]	1
tr|Q5CTY8|Q5CTY8_CRYPI	Q02040	[[135, 146]]	[[570, 581]]	1
tr|Q5CTY8|Q5CTY8_CRYPI	Q8N684	[[198, 210]]	[[240, 252]]	1
tr|Q5CTY8|Q5CTY8_CRYPI	O95319	[[366, 378], [321, 332]]	[[461, 473], [417, 428]]	2
tr|Q5CTY8|Q5CTY8_CRYPI	O15054	[[548, 560]]	[[751, 763]]	1
tr|Q5CTY9|Q5CTY9_CRYPI	Q6IA69	[[34, 43]]	[[34, 43]]	1
tr|Q5CTY9|Q5CTY9_CRYPI	Q9H974	[[546, 555]]	[[358, 367]]	1
tr|Q5CTY9|Q5CTY9_CRYPI	A2RU49	[[66, 75]]	[[70, 79]]	1
tr|Q5CTZ1|Q5CTZ1_CRYPI	Q702N8	[[61, 70]]	[[871, 880]]	1
tr|Q5CTZ2|Q5CTZ2_CRYPI	Q5M775	[[326, 336]]	[[177, 187]]	1
tr|Q5CTZ4|Q5CTZ4_CRYPI	P06748	[[227, 239]]	[[172, 184]]	1
tr|Q5CTZ5|Q5CTZ5_CRYPI	P14735	[[140, 154], [837, 848], [125, 136], [311, 323]]	[[179, 193], [822, 833], [164, 175], [338, 350]]	4
tr|Q5CTZ5|Q5CTZ5_CRYPI	A0AVT1	[[54, 64]]	[[344, 354]]	1
tr|Q5CTZ5|Q5CTZ5_CRYPI	P08697	[[74, 86]]	[[427, 439]]	1
tr|Q5CTZ6|Q5CTZ6_CRYPI	P55345	[[11, 21]]	[[193, 203]]	1
tr|Q5CTZ6|Q5CTZ6_CRYPI	P14735	[[202, 215]]	[[239, 252]]	1
tr|Q5CTZ7|Q5CTZ7_CRYPI	P50990	[[315, 327], [535, 558], [38, 56], [70, 85], [17, 29]]	[[313, 325], [514, 537], [42, 60], [74, 89], [21, 33]]	5
tr|Q5CTZ7|Q5CTZ7_CRYPI	P78371	[[375, 387]]	[[373, 385]]	1
tr|Q5CTZ8|Q5CTZ8_CRYPI	Q8TEB1	[[175, 187]]	[[232, 244]]	1
tr|Q5CTZ9|Q5CTZ9_CRYPI	O14576	[[22, 31]]	[[23, 32]]	1
tr|Q5CTZ9|Q5CTZ9_CRYPI	O60841	[[24, 36]]	[[374, 386]]	1
tr|Q5CU00|Q5CU00_CRYPI	P28072	[[175, 187]]	[[158, 170]]	1
tr|Q5CU02|Q5CU02_CRYPI	Q9BXT8	[[132, 141]]	[[1369, 1378]]	1
tr|Q5CU03|Q5CU03_CRYPI	A6NH52	[[93, 119]]	[[68, 94]]	1
tr|Q5CU04|Q5CU04_CRYPI	P41567	[[57, 72]]	[[58, 73]]	1
tr|Q5CU06|Q5CU06_CRYPI	Q9H0B8	[[1192, 1201]]	[[328, 337]]	1
tr|Q5CU06|Q5CU06_CRYPI	O75342	[[249, 259]]	[[79, 89]]	1
tr|Q5CU06|Q5CU06_CRYPI	Q86WZ0	[[670, 682]]	[[82, 94]]	1
tr|Q5CU06|Q5CU06_CRYPI	Q8N8Z6	[[725, 741]]	[[199, 215]]	1
tr|Q5CU10|Q5CU10_CRYPI	P78406	[[282, 292]]	[[251, 261]]	1
tr|Q5CU11|Q5CU11_CRYPI	Q9Y608	[[189, 199]]	[[404, 414]]	1
tr|Q5CU12|Q5CU12_CRYPI	Q86W92	[[89, 100]]	[[218, 229]]	1
tr|Q5CU13|Q5CU13_CRYPI	Q9P2I0	[[155, 165]]	[[548, 558]]	1
tr|Q5CU14|Q5CU14_CRYPI	Q5VWG9	[[584, 600]]	[[545, 560]]	1
tr|Q5CU14|Q5CU14_CRYPI	Q5T200	[[611, 621]]	[[278, 288]]	1
tr|Q5CU14|Q5CU14_CRYPI	P54278	[[735, 748]]	[[677, 690]]	1
tr|Q5CU14|Q5CU14_CRYPI	Q9BYE7	[[916, 927]]	[[82, 93]]	1
tr|Q5CU14|Q5CU14_CRYPI	Q96JN2	[[918, 929]]	[[21, 32]]	1
tr|Q5CU14|Q5CU14_CRYPI	Q7L0X2	[[918, 930]]	[[28, 40]]	1
tr|Q5CU14|Q5CU14_CRYPI	Q00722	[[919, 931]]	[[505, 517]]	1
tr|Q5CU14|Q5CU14_CRYPI	Q86YN6	[[921, 933]]	[[433, 445]]	1
tr|Q5CU15|Q5CU15_CRYPI	P42166	[[1136, 1147]]	[[184, 195]]	1
tr|Q5CU15|Q5CU15_CRYPI	Q8IWW6	[[383, 392]]	[[670, 679]]	1
tr|Q5CU15|Q5CU15_CRYPI	P55197	[[592, 602]]	[[268, 278]]	1
tr|Q5CU15|Q5CU15_CRYPI	Q9NZ56	[[604, 612]]	[[854, 862]]	1
tr|Q5CU15|Q5CU15_CRYPI	O15083	[[905, 917]]	[[917, 929]]	1
tr|Q5CU16|Q5CU16_CRYPI	Q96CW5	[[118, 129]]	[[558, 569]]	1
tr|Q5CU19|Q5CU19_CRYPI	Q96JM4	[[207, 218]]	[[966, 977]]	1
tr|Q5CU22|Q5CU22_CRYPI	Q9NR30	[[110, 123]]	[[103, 116]]	1
tr|Q5CU23|Q5CU23_CRYPI	P17987	[[533, 553], [278, 309], [414, 430], [30, 56], [116, 128], [435, 448], [320, 332], [80, 98]]	[[509, 529], [273, 304], [408, 424], [26, 52], [112, 124], [429, 442], [315, 327], [76, 94]]	8
tr|Q5CU23|Q5CU23_CRYPI	Q9NZ56	[[268, 280]]	[[726, 738]]	1
tr|Q5CU23|Q5CU23_CRYPI	P30049	[[302, 313]]	[[95, 106]]	1
tr|Q5CU24|Q5CU24_CRYPI	O60676	[[160, 170]]	[[4, 14]]	1
tr|Q5CU24|Q5CU24_CRYPI	Q9H2V7	[[242, 252]]	[[323, 333]]	1
tr|Q5CU24|Q5CU24_CRYPI	Q96NI6	[[279, 289]]	[[532, 542]]	1
tr|Q5CU25|Q5CU25_CRYPI	Q9UBN1	[[193, 202]]	[[79, 88]]	1
tr|Q5CU25|Q5CU25_CRYPI	P33527	[[5, 12]]	[[358, 365]]	1
tr|Q5CU25|Q5CU25_CRYPI	Q6YHU6	[[306, 315]]	[[153, 162]]	1
tr|Q5CU25|Q5CU25_CRYPI	Q9Y5Y9	[[492, 503]]	[[1316, 1327]]	1
tr|Q5CU25|Q5CU25_CRYPI	Q8TC20	[[508, 520]]	[[272, 284]]	1
tr|Q5CU26|Q5CU26_CRYPI	Q96MC2	[[1611, 1621]]	[[130, 140]]	1
tr|Q5CU26|Q5CU26_CRYPI	Q9P2N5	[[161, 172]]	[[256, 267]]	1
tr|Q5CU28|Q5CU28_CRYPI	O14497	[[125, 137]]	[[609, 621]]	1
tr|Q5CU28|Q5CU28_CRYPI	Q14185	[[131, 142]]	[[1758, 1769]]	1
tr|Q5CU28|Q5CU28_CRYPI	P23246	[[168, 180]]	[[69, 81]]	1
tr|Q5CU28|Q5CU28_CRYPI	Q96S82	[[193, 205]]	[[241, 253]]	1
tr|Q5CU28|Q5CU28_CRYPI	Q8N531	[[24, 37]]	[[90, 103]]	1
tr|Q5CU28|Q5CU28_CRYPI	Q13164	[[26, 50]]	[[586, 599]]	1
tr|Q5CU28|Q5CU28_CRYPI	Q8NC67	[[271, 283]]	[[380, 392]]	1
tr|Q5CU28|Q5CU28_CRYPI	Q9UKB5	[[289, 298]]	[[285, 294]]	1
tr|Q5CU28|Q5CU28_CRYPI	P51606	[[28, 52]]	[[410, 422]]	1
tr|Q5CU28|Q5CU28_CRYPI	Q14160	[[31, 51]]	[[1538, 1550]]	1
tr|Q5CU28|Q5CU28_CRYPI	Q6ZT62	[[33, 57]]	[[517, 529]]	1
tr|Q5CU28|Q5CU28_CRYPI	Q9BXK1	[[46, 58]]	[[238, 250]]	1
tr|Q5CU28|Q5CU28_CRYPI	P78357	[[47, 71]]	[[1355, 1367]]	1
tr|Q5CU28|Q5CU28_CRYPI	Q92830	[[49, 62]]	[[28, 51]]	1
tr|Q5CU28|Q5CU28_CRYPI	Q5H9F3	[[51, 63]]	[[376, 388]]	1
tr|Q5CU28|Q5CU28_CRYPI	Q9UGL9	[[57, 69]]	[[21, 33]]	1
tr|Q5CU28|Q5CU28_CRYPI	Q4VCS5	[[63, 74]]	[[1010, 1021]]	1
tr|Q5CU28|Q5CU28_CRYPI	Q6SPF0	[[64, 76]]	[[128, 140]]	1
tr|Q5CU28|Q5CU28_CRYPI	Q96T58	[[67, 77]]	[[3241, 3251]]	1
tr|Q5CU28|Q5CU28_CRYPI	Q6ZRS2	[[72, 81]]	[[1791, 1800]]	1
tr|Q5CU29|Q5CU29_CRYPI	P49720	[[101, 113], [0, 24]]	[[101, 113], [1, 25]]	2
tr|Q5CU29|Q5CU29_CRYPI	P20618	[[93, 105]]	[[122, 134]]	1
tr|Q5CU30|Q5CU30_CRYPI	Q00325	[[291, 303], [244, 257], [129, 148]]	[[317, 329], [276, 289], [165, 184]]	3
tr|Q5CU31|Q5CU31_CRYPI	Q9P2W1	[[186, 197]]	[[21, 32]]	1
tr|Q5CU31|Q5CU31_CRYPI	O43663	[[253, 264]]	[[66, 77]]	1
tr|Q5CU31|Q5CU31_CRYPI	Q86YS3	[[262, 274]]	[[283, 295]]	1
tr|Q5CU31|Q5CU31_CRYPI	A6H8Y1	[[54, 66]]	[[1872, 1884]]	1
tr|Q5CU31|Q5CU31_CRYPI	P19338	[[75, 87]]	[[250, 262]]	1
tr|Q5CU31|Q5CU31_CRYPI	O60524	[[97, 109]]	[[906, 918]]	1
tr|Q5CU32|Q5CU32_CRYPI	Q8N0V5	[[1, 12]]	[[24, 35]]	1
tr|Q5CU32|Q5CU32_CRYPI	Q5VWG9	[[236, 247]]	[[726, 737]]	1
tr|Q5CU32|Q5CU32_CRYPI	Q99460	[[238, 248]]	[[844, 854]]	1
tr|Q5CU33|Q5CU33_CRYPI	Q13201	[[18, 28]]	[[993, 1003]]	1
tr|Q5CU33|Q5CU33_CRYPI	P08F94	[[230, 240]]	[[2876, 2886]]	1
tr|Q5CU33|Q5CU33_CRYPI	P12270	[[241, 250]]	[[1949, 1958]]	1
tr|Q5CU33|Q5CU33_CRYPI	P17480	[[241, 253]]	[[731, 743]]	1
tr|Q5CU33|Q5CU33_CRYPI	Q6SPF0	[[242, 252]]	[[329, 339]]	1
tr|Q5CU33|Q5CU33_CRYPI	Q9ULT8	[[243, 254]]	[[1684, 1695]]	1
tr|Q5CU33|Q5CU33_CRYPI	Q9UPW5	[[79, 89]]	[[843, 853]]	1
tr|Q5CU35|Q5CU35_CRYPI	Q17R98	[[1020, 1032]]	[[964, 976]]	1
tr|Q5CU35|Q5CU35_CRYPI	O60293	[[1122, 1133]]	[[561, 572]]	1
tr|Q5CU35|Q5CU35_CRYPI	Q9H1Q7	[[1128, 1139]]	[[310, 321]]	1
tr|Q5CU35|Q5CU35_CRYPI	Q6NYC8	[[1129, 1140]]	[[424, 435]]	1
tr|Q5CU35|Q5CU35_CRYPI	Q9P2D7	[[1176, 1187]]	[[58, 69]]	1
tr|Q5CU35|Q5CU35_CRYPI	Q8TF30	[[1179, 1188]]	[[635, 644]]	1
tr|Q5CU35|Q5CU35_CRYPI	Q9H5I5	[[204, 214]]	[[1640, 1650]]	1
tr|Q5CU35|Q5CU35_CRYPI	P32856	[[515, 523]]	[[226, 234]]	1
tr|Q5CU35|Q5CU35_CRYPI	Q7L523	[[765, 774]]	[[226, 235]]	1
tr|Q5CU39|Q5CU39_CRYPI	Q9UK59	[[28, 44], [0, 12], [93, 106], [69, 87], [221, 236]]	[[30, 46], [2, 14], [95, 108], [71, 89], [211, 226]]	5
tr|Q5CU39|Q5CU39_CRYPI	Q5T8I9	[[219, 227]]	[[129, 137]]	1
tr|Q5CU40|Q5CU40_CRYPI	Q8IYD8	[[17, 29]]	[[1046, 1058]]	1
tr|Q5CU40|Q5CU40_CRYPI	Q9H343	[[6, 16]]	[[214, 224]]	1
tr|Q5CU42|Q5CU42_CRYPI	P09884	[[60, 73], [854, 878], [784, 797], [616, 626], [412, 425], [996, 1012]]	[[79, 92], [854, 878], [783, 796], [629, 639], [469, 482], [995, 1011]]	6
tr|Q5CU42|Q5CU42_CRYPI	Q8NHP6	[[604, 613]]	[[503, 512]]	1
tr|Q5CU42|Q5CU42_CRYPI	Q9NPJ1	[[907, 916]]	[[210, 219]]	1
tr|Q5CU42|Q5CU42_CRYPI	O95382	[[973, 985]]	[[745, 757]]	1
tr|Q5CU43|Q5CU43_CRYPI	Q9BZC7	[[6, 15]]	[[1939, 1948]]	1
tr|Q5CU44|Q5CU44_CRYPI	O43847	[[71, 83]]	[[110, 122]]	1
tr|Q5CU45|Q5CU45_CRYPI	O43847	[[67, 79]]	[[110, 122]]	1
tr|Q5CU46|Q5CU46_CRYPI	O14613	[[621, 630]]	[[19, 28]]	1
tr|Q5CU47|Q5CU47_CRYPI	Q12864	[[430, 440]]	[[562, 572]]	1
tr|Q5CU47|Q5CU47_CRYPI	O43847	[[72, 83]]	[[229, 240]]	1
tr|Q5CU48|Q5CU48_CRYPI	Q8IZF6	[[275, 286]]	[[131, 142]]	1
tr|Q5CU48|Q5CU48_CRYPI	Q8N7Z5	[[471, 481]]	[[1073, 1083]]	1
tr|Q5CU49|Q5CU49_CRYPI	Q5MIZ7	[[737, 748]]	[[739, 750]]	1
tr|Q5CU49|Q5CU49_CRYPI	Q8N127	[[895, 906]]	[[299, 310]]	1
tr|Q5CU50|Q5CU50_CRYPI	P14735	[[277, 289]]	[[242, 254]]	1
tr|Q5CU50|Q5CU50_CRYPI	Q9P2D7	[[496, 506]]	[[447, 457]]	1
tr|Q5CU50|Q5CU50_CRYPI	Q9UJT0	[[552, 562]]	[[40, 50]]	1
tr|Q5CU51|Q5CU51_CRYPI	P28827	[[1190, 1199]]	[[1429, 1438]]	1
tr|Q5CU51|Q5CU51_CRYPI	O43847	[[163, 173]]	[[112, 122]]	1
tr|Q5CU51|Q5CU51_CRYPI	Q96N11	[[293, 304]]	[[63, 74]]	1
tr|Q5CU53|Q5CU53_CRYPI	P06727	[[588, 600]]	[[377, 389]]	1
tr|Q5CU53|Q5CU53_CRYPI	Q9Y2H5	[[605, 615]]	[[983, 993]]	1
tr|Q5CU54|Q5CU54_CRYPI	Q02386	[[26, 37]]	[[166, 177]]	1
tr|Q5CU54|Q5CU54_CRYPI	Q9NR09	[[310, 321]]	[[1300, 1311]]	1
tr|Q5CU54|Q5CU54_CRYPI	O43847	[[67, 77]]	[[112, 122]]	1
tr|Q5CU55|Q5CU55_CRYPI	Q8N567	[[222, 232]]	[[184, 194]]	1
tr|Q5CU55|Q5CU55_CRYPI	Q7Z6E9	[[251, 260]]	[[160, 169]]	1
tr|Q5CU55|Q5CU55_CRYPI	P55265	[[99, 111]]	[[696, 708]]	1
tr|Q5CU56|Q5CU56_CRYPI	Q9H7F0	[[677, 686], [457, 468], [1111, 1124]]	[[495, 504], [315, 326], [878, 891]]	3
tr|Q5CU56|Q5CU56_CRYPI	Q4VNC1	[[1118, 1130]]	[[850, 862]]	1
tr|Q5CU56|Q5CU56_CRYPI	P32245	[[1398, 1409]]	[[192, 203]]	1
tr|Q5CU56|Q5CU56_CRYPI	Q4VNC0	[[454, 466]]	[[303, 315]]	1
tr|Q5CU56|Q5CU56_CRYPI	Q8TD57	[[590, 600]]	[[4041, 4051]]	1
tr|Q5CU56|Q5CU56_CRYPI	Q9NQ11	[[671, 684]]	[[504, 517]]	1
tr|Q5CU56|Q5CU56_CRYPI	Q9HD20	[[677, 688]]	[[530, 541]]	1
tr|Q5CU59|Q5CU59_CRYPI	Q4L180	[[618, 630]]	[[180, 192]]	1
tr|Q5CU60|Q5CU60_CRYPI	O95478	[[97, 123], [134, 194], [199, 260], [83, 95], [0, 19]]	[[97, 123], [134, 194], [199, 260], [83, 95], [0, 19]]	5
tr|Q5CU60|Q5CU60_CRYPI	Q9Y2D8	[[127, 136]]	[[250, 259]]	1
tr|Q5CU61|Q5CU61_CRYPI	Q969P5	[[1734, 1744]]	[[141, 151]]	1
tr|Q5CU61|Q5CU61_CRYPI	Q6UVK1	[[2364, 2373]]	[[541, 550]]	1
tr|Q5CU62|Q5CU62_CRYPI	O94888	[[182, 191]]	[[196, 205]]	1
tr|Q5CU63|Q5CU63_CRYPI	Q8TD20	[[140, 152]]	[[153, 165]]	1
tr|Q5CU64|Q5CU64_CRYPI	P19801	[[491, 502]]	[[274, 285]]	1
tr|Q5CU64|Q5CU64_CRYPI	P57071	[[903, 911]]	[[887, 895]]	1
tr|Q5CU64|Q5CU64_CRYPI	P0DO97	[[936, 946]]	[[99, 109]]	1
tr|Q5CU66|Q5CU66_CRYPI	P49750	[[90, 113]]	[[14, 25]]	1
tr|Q5CU66|Q5CU66_CRYPI	Q05215	[[194, 204]]	[[172, 182]]	1
tr|Q5CU66|Q5CU66_CRYPI	A6NNE9	[[196, 204]]	[[29, 37]]	1
tr|Q5CU67|Q5CU67_CRYPI	Q969X1	[[145, 156]]	[[202, 213]]	1
tr|Q5CU67|Q5CU67_CRYPI	Q9BWQ8	[[146, 163]]	[[207, 224]]	1
tr|Q5CU69|Q5CU69_CRYPI	Q9HB71	[[214, 236], [83, 100]]	[[194, 216], [74, 91]]	2
tr|Q5CU69|Q5CU69_CRYPI	Q96NN9	[[5, 15]]	[[534, 544]]	1
tr|Q5CU70|Q5CU70_CRYPI	Q15746	[[70, 81]]	[[1500, 1511]]	1
tr|Q5CU71|Q5CU71_CRYPI	Q9BSW2	[[469, 480]]	[[240, 251]]	1
tr|Q5CU72|Q5CU72_CRYPI	P50747	[[299, 310]]	[[40, 51]]	1
tr|Q5CU72|Q5CU72_CRYPI	A4D2P6	[[303, 314]]	[[476, 487]]	1
tr|Q5CU72|Q5CU72_CRYPI	Q14137	[[304, 316]]	[[22, 34]]	1
tr|Q5CU72|Q5CU72_CRYPI	P18627	[[306, 318]]	[[500, 512]]	1
tr|Q5CU72|Q5CU72_CRYPI	Q6QNY0	[[308, 319]]	[[61, 72]]	1
tr|Q5CU72|Q5CU72_CRYPI	P36021	[[310, 321]]	[[31, 42]]	1
tr|Q5CU72|Q5CU72_CRYPI	Q9NP92	[[312, 327], [342, 356]]	[[123, 135], [123, 135]]	2
tr|Q5CU72|Q5CU72_CRYPI	O94885	[[343, 359], [313, 327]]	[[10, 22], [10, 22]]	2
tr|Q5CU72|Q5CU72_CRYPI	P21817	[[349, 363], [317, 331]]	[[4488, 4500], [4488, 4502]]	2
tr|Q5CU72|Q5CU72_CRYPI	Q14028	[[333, 345]]	[[28, 40]]	1
tr|Q5CU72|Q5CU72_CRYPI	P49711	[[339, 350]]	[[629, 640]]	1
tr|Q5CU72|Q5CU72_CRYPI	Q86XK7	[[340, 351]]	[[356, 367]]	1
tr|Q5CU72|Q5CU72_CRYPI	P14317	[[340, 352]]	[[360, 372]]	1
tr|Q5CU72|Q5CU72_CRYPI	Q13283	[[348, 359]]	[[192, 203]]	1
tr|Q5CU72|Q5CU72_CRYPI	P09619	[[353, 365]]	[[1069, 1081]]	1
tr|Q5CU72|Q5CU72_CRYPI	O94911	[[444, 455]]	[[21, 32]]	1
tr|Q5CU72|Q5CU72_CRYPI	Q5CZC0	[[68, 78]]	[[6219, 6229]]	1
tr|Q5CU73|Q5CU73_CRYPI	A0A3B3IRV3	[[78, 88], [101, 119], [157, 174]]	[[79, 89], [102, 120], [158, 175]]	3
tr|Q5CU73|Q5CU73_CRYPI	Q9ULC4	[[71, 88]]	[[72, 89]]	1
tr|Q5CU75|Q5CU75_CRYPI	Q9HDC5	[[427, 438]]	[[530, 541]]	1
tr|Q5CU76|Q5CU76_CRYPI	P46776	[[34, 46], [52, 66], [76, 91]]	[[26, 38], [44, 58], [68, 83]]	3
tr|Q5CU77|Q5CU77_CRYPI	Q92838	[[261, 271]]	[[200, 210]]	1
tr|Q5CU79|Q5CU79_CRYPI	P62888	[[62, 76]]	[[60, 74]]	1
tr|Q5CU80|Q5CU80_CRYPI	P13639	[[218, 230]]	[[59, 71]]	1
tr|Q5CU80|Q5CU80_CRYPI	Q15029	[[851, 864], [246, 262], [796, 808], [461, 473], [316, 328], [4, 14], [428, 441], [943, 956], [601, 617], [658, 673]]	[[780, 793], [198, 214], [726, 738], [399, 411], [268, 280], [3, 13], [366, 379], [872, 885], [538, 554], [592, 607]]	10
tr|Q5CU80|Q5CU80_CRYPI	Q7Z2Z2	[[301, 312]]	[[141, 152]]	1
tr|Q5CU82|Q5CU82_CRYPI	Q9UQE7	[[296, 308]]	[[326, 338]]	1
tr|Q5CU83|Q5CU83_CRYPI	O60832	[[341, 359], [152, 164], [128, 141], [227, 253], [380, 392], [72, 86], [197, 223], [171, 187], [256, 267]]	[[358, 376], [169, 181], [145, 158], [244, 270], [397, 409], [89, 103], [214, 240], [188, 204], [273, 284]]	9
tr|Q5CU83|Q5CU83_CRYPI	Q9H9J4	[[508, 520]]	[[1237, 1249]]	1
tr|Q5CU85|Q5CU85_CRYPI	P05546	[[380, 391]]	[[337, 348]]	1
tr|Q5CU85|Q5CU85_CRYPI	P18858	[[455, 469], [613, 624], [633, 649], [744, 758], [768, 794], [689, 702], [527, 542]]	[[563, 577], [716, 727], [736, 752], [840, 854], [864, 890], [792, 805], [631, 646]]	7
tr|Q5CU87|Q5CU87_CRYPI	Q9NVX2	[[440, 451]]	[[215, 226]]	1
tr|Q5CU88|Q5CU88_CRYPI	P84098	[[32, 48], [98, 114]]	[[34, 50], [100, 116]]	2
tr|Q5CU89|Q5CU89_CRYPI	Q13608	[[633, 644]]	[[776, 787]]	1
tr|Q5CU90|Q5CU90_CRYPI	Q14568	[[134, 157]]	[[137, 160]]	1
tr|Q5CU90|Q5CU90_CRYPI	Q58FF7	[[302, 316], [146, 169]]	[[252, 266], [123, 146]]	2
tr|Q5CU90|Q5CU90_CRYPI	Q92688	[[232, 244]]	[[164, 176]]	1
tr|Q5CU90|Q5CU90_CRYPI	Q9UMN6	[[233, 244]]	[[362, 373]]	1
tr|Q5CU90|Q5CU90_CRYPI	Q6ZQQ6	[[234, 246]]	[[2264, 2276]]	1
tr|Q5CU90|Q5CU90_CRYPI	O15213	[[240, 251]]	[[160, 171]]	1
tr|Q5CU90|Q5CU90_CRYPI	P08238	[[390, 410], [426, 440], [443, 457], [317, 337], [359, 381]]	[[398, 418], [434, 448], [451, 465], [325, 345], [367, 389]]	5
tr|Q5CU90|Q5CU90_CRYPI	P07900	[[468, 480], [400, 413], [500, 517], [415, 428], [438, 449], [349, 370]]	[[484, 496], [416, 429], [516, 533], [431, 444], [454, 465], [365, 386]]	6
tr|Q5CU90|Q5CU90_CRYPI	Q58FF6	[[506, 525], [48, 64]]	[[422, 441], [22, 38]]	2
tr|Q5CU91|Q5CU91_CRYPI	A8K855	[[114, 126]]	[[148, 160]]	1
tr|Q5CU91|Q5CU91_CRYPI	Q96H78	[[52, 62]]	[[57, 67]]	1
tr|Q5CU92|Q5CU92_CRYPI	Q86X52	[[80, 92]]	[[600, 612]]	1
tr|Q5CU95|Q5CU95_CRYPI	Q9BXY5	[[397, 408]]	[[202, 213]]	1
tr|Q5CU96|Q5CU96_CRYPI	Q13591	[[646, 657]]	[[299, 310]]	1
tr|Q5CU96|Q5CU96_CRYPI	Q9HD67	[[686, 704]]	[[824, 836]]	1
tr|Q5CU96|Q5CU96_CRYPI	P07900	[[687, 698]]	[[554, 565]]	1
tr|Q5CU96|Q5CU96_CRYPI	Q9HCJ0	[[690, 701]]	[[5, 16]]	1
tr|Q5CU97|Q5CU97_CRYPI	Q6P3X8	[[13, 25]]	[[84, 96]]	1
tr|Q5CU97|Q5CU97_CRYPI	Q4G0A6	[[387, 399]]	[[600, 612]]	1
tr|Q5CU98|Q5CU98_CRYPI	P67870	[[91, 109], [47, 62], [133, 144]]	[[75, 93], [28, 43], [117, 128]]	3
tr|Q5CUA3|Q5CUA3_CRYPI	Q9UK99	[[1090, 1102]]	[[418, 430]]	1
tr|Q5CUA3|Q5CUA3_CRYPI	Q8WXI2	[[1093, 1105]]	[[874, 886]]	1
tr|Q5CUA3|Q5CUA3_CRYPI	Q5JTH9	[[1094, 1106]]	[[1052, 1064]]	1
tr|Q5CUA3|Q5CUA3_CRYPI	Q86YN6	[[1097, 1110], [870, 882]]	[[433, 446], [434, 446]]	2
tr|Q5CUA3|Q5CUA3_CRYPI	Q9BWU0	[[1099, 1113], [882, 895]]	[[595, 609], [595, 608]]	2
tr|Q5CUA3|Q5CUA3_CRYPI	P07196	[[1104, 1116]]	[[476, 488]]	1
tr|Q5CUA3|Q5CUA3_CRYPI	P30203	[[1175, 1182]]	[[0, 7]]	1
tr|Q5CUA3|Q5CUA3_CRYPI	Q14789	[[174, 185]]	[[128, 139]]	1
tr|Q5CUA3|Q5CUA3_CRYPI	P16109	[[476, 487]]	[[79, 90]]	1
tr|Q5CUA3|Q5CUA3_CRYPI	Q8N128	[[858, 869]]	[[140, 151]]	1
tr|Q5CUA3|Q5CUA3_CRYPI	P46100	[[860, 872], [877, 890]]	[[1448, 1460], [1445, 1458]]	2
tr|Q5CUA3|Q5CUA3_CRYPI	Q8WYB5	[[865, 878]]	[[1359, 1372]]	1
tr|Q5CUA3|Q5CUA3_CRYPI	Q1XH10	[[868, 880]]	[[411, 423]]	1
tr|Q5CUA3|Q5CUA3_CRYPI	P15692	[[872, 884]]	[[92, 104]]	1
tr|Q5CUA3|Q5CUA3_CRYPI	Q9HAW4	[[875, 887]]	[[659, 671]]	1
tr|Q5CUA4|Q5CUA4_CRYPI	P30101	[[280, 291]]	[[162, 173]]	1
tr|Q5CUA4|Q5CUA4_CRYPI	Q9ULA0	[[400, 415], [83, 94], [335, 347]]	[[418, 433], [101, 112], [353, 365]]	3
tr|Q5CUA4|Q5CUA4_CRYPI	Q99698	[[68, 79]]	[[2408, 2419]]	1
tr|Q5CUA5|Q5CUA5_CRYPI	Q92521	[[30, 46], [51, 59]]	[[79, 95], [100, 108]]	2
tr|Q5CUA6|Q5CUA6_CRYPI	Q9Y295	[[108, 122], [3, 23], [235, 261], [334, 362], [268, 280], [288, 306]]	[[107, 121], [4, 24], [234, 260], [333, 361], [267, 279], [287, 305]]	6
tr|Q5CUA6|Q5CUA6_CRYPI	P04264	[[41, 53]]	[[511, 523]]	1
tr|Q5CUA6|Q5CUA6_CRYPI	Q52LJ0	[[43, 54]]	[[342, 353]]	1
tr|Q5CUA7|Q5CUA7_CRYPI	A1A4F0	[[1015, 1023]]	[[23, 31]]	1
tr|Q5CUA7|Q5CUA7_CRYPI	Q6V1P9	[[384, 392]]	[[3005, 3013]]	1
tr|Q5CUA7|Q5CUA7_CRYPI	Q9HA82	[[886, 898]]	[[265, 277]]	1
tr|Q5CUA9|Q5CUA9_CRYPI	Q96NI6	[[718, 727]]	[[696, 705]]	1
tr|Q5CUA9|Q5CUA9_CRYPI	O43323	[[775, 784]]	[[366, 375]]	1
tr|Q5CUB3|Q5CUB3_CRYPI	O14979	[[229, 241]]	[[184, 196]]	1
tr|Q5CUB5|Q5CUB5_CRYPI	Q8NDI1	[[1921, 1933]]	[[186, 198]]	1
tr|Q5CUB5|Q5CUB5_CRYPI	Q969K3	[[1924, 1935]]	[[221, 232]]	1
tr|Q5CUB5|Q5CUB5_CRYPI	Q9BXN1	[[1925, 1935]]	[[44, 54]]	1
tr|Q5CUB5|Q5CUB5_CRYPI	Q07075	[[1945, 1954]]	[[852, 861]]	1
tr|Q5CUB5|Q5CUB5_CRYPI	Q96QZ7	[[2424, 2433]]	[[1362, 1371]]	1
tr|Q5CUB5|Q5CUB5_CRYPI	Q96BN6	[[2541, 2551]]	[[456, 466]]	1
tr|Q5CUB5|Q5CUB5_CRYPI	Q9HA65	[[2544, 2555]]	[[603, 614]]	1
tr|Q5CUB5|Q5CUB5_CRYPI	O94915	[[356, 364]]	[[2832, 2840]]	1
tr|Q5CUB5|Q5CUB5_CRYPI	P28332	[[94, 106]]	[[56, 68]]	1
tr|Q5CUB6|Q5CUB6_CRYPI	P49281	[[126, 138]]	[[52, 64]]	1
tr|Q5CUB6|Q5CUB6_CRYPI	P12004	[[208, 227]]	[[206, 225]]	1
tr|Q5CUB7|Q5CUB7_CRYPI	Q9Y2K1	[[158, 166]]	[[535, 543]]	1
tr|Q5CUB7|Q5CUB7_CRYPI	Q8N143	[[157, 167]]	[[412, 422]]	1
tr|Q5CUB7|Q5CUB7_CRYPI	Q96PQ1	[[367, 378]]	[[544, 555]]	1
tr|Q5CUB7|Q5CUB7_CRYPI	Q14934	[[381, 392]]	[[65, 76]]	1
tr|Q5CUB7|Q5CUB7_CRYPI	Q15262	[[527, 538]]	[[774, 785]]	1
tr|Q5CUB9|Q5CUB9_CRYPI	P38646	[[238, 255], [459, 475], [485, 501], [400, 412], [433, 450], [146, 156], [108, 128]]	[[240, 257], [461, 477], [487, 503], [402, 414], [435, 452], [148, 158], [110, 130]]	7
tr|Q5CUB9|Q5CUB9_CRYPI	P17066	[[183, 196]]	[[140, 153]]	1
tr|Q5CUB9|Q5CUB9_CRYPI	P54652	[[431, 443]]	[[392, 404]]	1
tr|Q5CUB9|Q5CUB9_CRYPI	P11142	[[528, 539]]	[[486, 497]]	1
tr|Q5CUC0|Q5CUC0_CRYPI	Q6GMV2	[[1182, 1193]]	[[388, 399]]	1
tr|Q5CUC0|Q5CUC0_CRYPI	Q9UJA5	[[1408, 1417]]	[[46, 55]]	1
tr|Q5CUC0|Q5CUC0_CRYPI	Q9BY89	[[55, 66]]	[[1431, 1442]]	1
tr|Q5CUC2|Q5CUC2_CRYPI	Q2M1K9	[[852, 860]]	[[59, 67]]	1
tr|Q5CUC4|Q5CUC4_CRYPI	Q8NGY9	[[1112, 1122]]	[[24, 34]]	1
tr|Q5CUC4|Q5CUC4_CRYPI	Q68CK6	[[1123, 1135]]	[[258, 270]]	1
tr|Q5CUC4|Q5CUC4_CRYPI	Q9P2H5	[[1225, 1237]]	[[522, 534]]	1
tr|Q5CUC4|Q5CUC4_CRYPI	Q96QK1	[[592, 603]]	[[739, 750]]	1
tr|Q5CUC4|Q5CUC4_CRYPI	P31785	[[954, 965]]	[[249, 260]]	1
tr|Q5CUC5|Q5CUC5_CRYPI	Q8TBZ8	[[378, 386]]	[[457, 465]]	1
tr|Q5CUC5|Q5CUC5_CRYPI	Q9H8H2	[[90, 101]]	[[306, 317]]	1
tr|Q5CUC5|Q5CUC5_CRYPI	Q9NUL7	[[92, 101]]	[[206, 215]]	1
tr|Q5CUC5|Q5CUC5_CRYPI	Q96GQ7	[[92, 104]]	[[261, 273]]	1
tr|Q5CUC7|Q5CUC7_CRYPI	O15259	[[20, 32]]	[[189, 201]]	1
tr|Q5CUC9|Q5CUC9_CRYPI	O43929	[[546, 556]]	[[3, 13]]	1
tr|Q5CUD0|Q5CUD0_CRYPI	Q5I0G3	[[204, 214]]	[[371, 381]]	1
tr|Q5CUD0|Q5CUD0_CRYPI	Q7Z5P9	[[668, 679]]	[[785, 796]]	1
tr|Q5CUD1|Q5CUD1_CRYPI	Q15327	[[166, 178]]	[[85, 97]]	1
tr|Q5CUD1|Q5CUD1_CRYPI	Q9Y285	[[377, 403], [481, 499], [334, 352], [266, 294]]	[[349, 375], [453, 471], [316, 334], [251, 279]]	4
tr|Q5CUD2|Q5CUD2_CRYPI	Q9H0G5	[[264, 275]]	[[408, 419]]	1
tr|Q5CUD2|Q5CUD2_CRYPI	Q96L12	[[265, 278]]	[[348, 361]]	1
tr|Q5CUD2|Q5CUD2_CRYPI	Q96C34	[[270, 281]]	[[19, 30]]	1
tr|Q5CUD2|Q5CUD2_CRYPI	Q7Z5L7	[[270, 282]]	[[596, 608]]	1
tr|Q5CUD2|Q5CUD2_CRYPI	P46100	[[272, 284]]	[[1448, 1460]]	1
tr|Q5CUD2|Q5CUD2_CRYPI	Q8WYN3	[[283, 297]]	[[373, 387]]	1
tr|Q5CUD2|Q5CUD2_CRYPI	Q96C00	[[286, 298]]	[[212, 224]]	1
tr|Q5CUD2|Q5CUD2_CRYPI	O00213	[[288, 301]]	[[157, 170]]	1
tr|Q5CUD2|Q5CUD2_CRYPI	P35659	[[291, 303]]	[[34, 46]]	1
tr|Q5CUD2|Q5CUD2_CRYPI	Q5JTC6	[[293, 305]]	[[375, 387]]	1
tr|Q5CUD2|Q5CUD2_CRYPI	Q9P1Z9	[[294, 306]]	[[768, 780]]	1
tr|Q5CUD2|Q5CUD2_CRYPI	Q96GW7	[[296, 308]]	[[462, 474]]	1
tr|Q5CUD2|Q5CUD2_CRYPI	Q9NUL5	[[298, 308]]	[[272, 282]]	1
tr|Q5CUD2|Q5CUD2_CRYPI	Q3V6T2	[[451, 463]]	[[502, 514]]	1
tr|Q5CUD3|Q5CUD3_CRYPI	Q9Y3C7	[[18, 36], [42, 60]]	[[16, 34], [40, 58]]	2
tr|Q5CUD5|Q5CUD5_CRYPI	Q66GS9	[[12, 24]]	[[518, 530]]	1
tr|Q5CUD5|Q5CUD5_CRYPI	Q2NKQ1	[[261, 271]]	[[148, 158]]	1
tr|Q5CUD6|Q5CUD6_CRYPI	P51530	[[10, 21]]	[[644, 655]]	1
tr|Q5CUD6|Q5CUD6_CRYPI	Q15645	[[13, 25]]	[[178, 190]]	1
tr|Q5CUD8|Q5CUD8_CRYPI	Q8TB03	[[273, 281]]	[[227, 235]]	1
tr|Q5CUE0|Q5CUE0_CRYPI	Q12769	[[1277, 1287]]	[[378, 388]]	1
tr|Q5CUE0|Q5CUE0_CRYPI	P42702	[[144, 153]]	[[900, 909]]	1
tr|Q5CUE0|Q5CUE0_CRYPI	Q9P2K8	[[420, 429], [338, 353]]	[[796, 805], [642, 657]]	2
tr|Q5CUE0|Q5CUE0_CRYPI	P15924	[[431, 443]]	[[2527, 2539]]	1
tr|Q5CUE0|Q5CUE0_CRYPI	O94804	[[460, 474]]	[[144, 158]]	1
tr|Q5CUE0|Q5CUE0_CRYPI	O14965	[[464, 476]]	[[247, 259]]	1
tr|Q5CUE0|Q5CUE0_CRYPI	P19525	[[469, 481]]	[[410, 422]]	1
tr|Q5CUE0|Q5CUE0_CRYPI	Q9Y572	[[497, 508]]	[[155, 166]]	1
tr|Q5CUE0|Q5CUE0_CRYPI	O15075	[[498, 510]]	[[529, 541]]	1
tr|Q5CUE1|Q5CUE1_CRYPI	P59998	[[141, 155]]	[[106, 120]]	1
tr|Q5CUE2|Q5CUE2_CRYPI	Q92831	[[315, 327], [380, 392]]	[[549, 561], [614, 626]]	2
tr|Q5CUE2|Q5CUE2_CRYPI	Q12830	[[620, 628]]	[[2999, 3007]]	1
tr|Q5CUE3|Q5CUE3_CRYPI	Q09013	[[482, 494]]	[[192, 204]]	1
tr|Q5CUE4|Q5CUE4_CRYPI	P35250	[[10, 20], [80, 97]]	[[34, 44], [104, 121]]	2
tr|Q5CUE4|Q5CUE4_CRYPI	P40937	[[167, 178], [76, 87], [180, 198], [231, 243]]	[[146, 157], [85, 96], [159, 177], [210, 222]]	4
tr|Q5CUE6|Q5CUE6_CRYPI	P51157	[[121, 132]]	[[123, 134]]	1
tr|Q5CUE6|Q5CUE6_CRYPI	Q86YS6	[[14, 26]]	[[19, 31]]	1
tr|Q5CUE6|Q5CUE6_CRYPI	Q9NX57	[[153, 164]]	[[179, 190]]	1
tr|Q5CUE6|Q5CUE6_CRYPI	Q5JT25	[[154, 164]]	[[171, 181]]	1
tr|Q5CUE6|Q5CUE6_CRYPI	Q9NRW1	[[155, 168]]	[[154, 167]]	1
tr|Q5CUE6|Q5CUE6_CRYPI	P51148	[[36, 50], [58, 73], [84, 98]]	[[44, 58], [65, 80], [91, 105]]	3
tr|Q5CUE6|Q5CUE6_CRYPI	Q53S08	[[87, 99]]	[[86, 98]]	1
tr|Q5CUE6|Q5CUE6_CRYPI	P20339	[[88, 100]]	[[94, 106]]	1
tr|Q5CUE6|Q5CUE6_CRYPI	P61020	[[89, 101]]	[[95, 107]]	1
tr|Q5CUE9|Q5CUE9_CRYPI	Q8NI35	[[109, 120]]	[[1101, 1112]]	1
tr|Q5CUE9|Q5CUE9_CRYPI	O43916	[[253, 262]]	[[134, 143]]	1
tr|Q5CUE9|Q5CUE9_CRYPI	Q96J94	[[386, 397]]	[[570, 581]]	1
tr|Q5CUE9|Q5CUE9_CRYPI	Q7Z4K8	[[391, 403]]	[[185, 197]]	1
tr|Q5CUF1|Q5CUF1_CRYPI	Q9BZV3	[[60, 71]]	[[911, 922]]	1
tr|Q5CUF1|Q5CUF1_CRYPI	Q8N5Y8	[[603, 615]]	[[120, 132]]	1
tr|Q5CUF2|Q5CUF2_CRYPI	P43034	[[329, 340]]	[[126, 137]]	1
tr|Q5CUF3|Q5CUF3_CRYPI	Q9NPY3	[[2, 12]]	[[141, 151]]	1
tr|Q5CUF3|Q5CUF3_CRYPI	O14980	[[1197, 1209], [579, 594], [633, 662], [612, 624], [163, 174]]	[[1016, 1028], [493, 508], [547, 576], [526, 538], [170, 181]]	5
tr|Q5CUF3|Q5CUF3_CRYPI	Q9HAZ2	[[1252, 1264]]	[[1119, 1131]]	1
tr|Q5CUF3|Q5CUF3_CRYPI	Q9BQ16	[[1254, 1265]]	[[410, 421]]	1
tr|Q5CUF3|Q5CUF3_CRYPI	Q9NZ08	[[192, 202]]	[[829, 839]]	1
tr|Q5CUF7|Q5CUF7_CRYPI	Q9Y2M5	[[526, 534]]	[[180, 188]]	1
tr|Q5CUF8|Q5CUF8_CRYPI	Q16659	[[119, 130]]	[[450, 461]]	1
tr|Q5CUF8|Q5CUF8_CRYPI	O14746	[[179, 189]]	[[835, 845]]	1
tr|Q5CUF9|Q5CUF9_CRYPI	Q9NXC5	[[1109, 1121], [1153, 1164]]	[[777, 789], [822, 833]]	2
tr|Q5CUF9|Q5CUF9_CRYPI	A3KN83	[[935, 944]]	[[154, 163]]	1
tr|Q5CUG0|Q5CUG0_CRYPI	Q5H8C1	[[453, 463]]	[[1308, 1318]]	1
tr|Q5CUG0|Q5CUG0_CRYPI	Q502W6	[[814, 826]]	[[933, 945]]	1
tr|Q5CUG1|Q5CUG1_CRYPI	Q7Z7G8	[[1111, 1121]]	[[3496, 3506]]	1
tr|Q5CUG1|Q5CUG1_CRYPI	Q86SF2	[[115, 125]]	[[240, 250]]	1
tr|Q5CUG1|Q5CUG1_CRYPI	Q96FL9	[[115, 127]]	[[144, 156]]	1
tr|Q5CUG1|Q5CUG1_CRYPI	Q5VU97	[[1602, 1614]]	[[543, 555]]	1
tr|Q5CUG1|Q5CUG1_CRYPI	Q8WXH2	[[255, 265]]	[[349, 359]]	1
tr|Q5CUG2|Q5CUG2_CRYPI	Q13601	[[167, 188], [208, 230], [43, 59], [101, 132]]	[[168, 189], [209, 231], [47, 63], [105, 136]]	4
tr|Q5CUG4|Q5CUG4_CRYPI	Q96PF2	[[369, 379]]	[[160, 170]]	1
tr|Q5CUG6|Q5CUG6_CRYPI	O15554	[[52, 63]]	[[286, 297]]	1
tr|Q5CUG7|Q5CUG7_CRYPI	Q6P2Q9	[[1405, 1418], [1861, 1884], [975, 989], [1732, 1756], [2078, 2094], [528, 565], [631, 645], [2249, 2263], [168, 180], [821, 849], [1612, 1624], [1247, 1262], [2343, 2358], [66, 87], [1630, 1644], [277, 292], [1975, 1991], [931, 952], [297, 313], [1149, 1180], [107, 149], [913, 927], [470, 498], [752, 798], [1111, 1130], [1836, 1859], [1906, 1956], [876, 899], [2125, 2137], [1266, 1285], [1008, 1029], [1450, 1469], [1367, 1380], [1666, 1731], [1787, 1801], [250, 263], [674, 689], [1960, 1972], [1994, 2045], [1389, 1403], [1580, 1607]]	[[1398, 1411], [1851, 1874], [985, 999], [1722, 1746], [2061, 2077], [538, 575], [641, 655], [2213, 2227], [180, 192], [831, 859], [1605, 1617], [1241, 1256], [2303, 2318], [78, 99], [1623, 1637], [288, 303], [1965, 1981], [941, 962], [308, 324], [1158, 1189], [119, 161], [923, 937], [480, 508], [762, 808], [1120, 1139], [1826, 1849], [1896, 1946], [886, 909], [2103, 2115], [1260, 1279], [1018, 1039], [1443, 1462], [1360, 1373], [1656, 1721], [1777, 1791], [261, 274], [684, 699], [1950, 1962], [1984, 2035], [1382, 1396], [1573, 1600]]	41
tr|Q5CUG7|Q5CUG7_CRYPI	Q2WGJ9	[[1085, 1097]]	[[1379, 1391]]	1
tr|Q5CUG7|Q5CUG7_CRYPI	Q8IUD2	[[2035, 2045]]	[[778, 788]]	1
tr|Q5CUG7|Q5CUG7_CRYPI	Q8TBJ5	[[205, 215]]	[[369, 379]]	1
tr|Q5CUG9|Q5CUG9_CRYPI	Q4G176	[[299, 311]]	[[198, 210]]	1
tr|Q5CUG9|Q5CUG9_CRYPI	O60488	[[301, 312]]	[[276, 287]]	1
tr|Q5CUH0|Q5CUH0_CRYPI	Q96RT1	[[445, 456]]	[[557, 568]]	1
tr|Q5CUH3|Q5CUH3_CRYPI	Q96RP9	[[1, 12]]	[[188, 199]]	1
tr|Q5CUH4|Q5CUH4_CRYPI	Q9UQ35	[[56, 68]]	[[2020, 2032]]	1
tr|Q5CUH4|Q5CUH4_CRYPI	Q96MF4	[[94, 103]]	[[148, 157]]	1
tr|Q5CUH6|Q5CUH6_CRYPI	O14964	[[106, 116]]	[[334, 344]]	1
tr|Q5CUH7|Q5CUH7_CRYPI	Q96DT5	[[143, 154]]	[[1017, 1028]]	1
tr|Q5CUH7|Q5CUH7_CRYPI	Q9Y371	[[38, 47]]	[[117, 126]]	1
tr|Q5CUH7|Q5CUH7_CRYPI	O60741	[[574, 586]]	[[131, 143]]	1
tr|Q5CUH8|Q5CUH8_CRYPI	Q68CK6	[[196, 204]]	[[481, 489]]	1
tr|Q5CUH9|Q5CUH9_CRYPI	Q9BY66	[[203, 213]]	[[99, 109]]	1
tr|Q5CUI0|Q5CUI0_CRYPI	Q9UKN1	[[208, 217]]	[[5195, 5204]]	1
tr|Q5CUI3|Q5CUI3_CRYPI	Q9BSC4	[[105, 115]]	[[222, 232]]	1
tr|Q5CUI3|Q5CUI3_CRYPI	Q9Y2G3	[[144, 156]]	[[151, 163]]	1
tr|Q5CUI3|Q5CUI3_CRYPI	Q9NTI2	[[827, 845], [163, 176]]	[[827, 845], [200, 213]]	2
tr|Q5CUI3|Q5CUI3_CRYPI	O94823	[[165, 177]]	[[202, 214]]	1
tr|Q5CUI3|Q5CUI3_CRYPI	P98198	[[241, 253]]	[[246, 258]]	1
tr|Q5CUI3|Q5CUI3_CRYPI	Q8TF62	[[792, 805], [698, 710], [244, 255]]	[[786, 799], [672, 684], [230, 241]]	3
tr|Q5CUI3|Q5CUI3_CRYPI	O60312	[[37, 51]]	[[68, 82]]	1
tr|Q5CUI3|Q5CUI3_CRYPI	Q8NB49	[[391, 403], [42, 52]]	[[396, 408], [57, 67]]	2
tr|Q5CUI3|Q5CUI3_CRYPI	P98196	[[97, 107], [408, 420], [797, 808], [392, 404]]	[[112, 122], [415, 427], [800, 811], [399, 411]]	4
tr|Q5CUI3|Q5CUI3_CRYPI	Q92674	[[473, 484]]	[[106, 117]]	1
tr|Q5CUI3|Q5CUI3_CRYPI	Q9P241	[[693, 708]]	[[913, 928]]	1
tr|Q5CUI4|Q5CUI4_CRYPI	Q96AQ8	[[402, 413]]	[[272, 283]]	1
tr|Q5CUI5|Q5CUI5_CRYPI	Q96KC8	[[113, 124]]	[[79, 90]]	1
tr|Q5CUI5|Q5CUI5_CRYPI	Q13217	[[116, 128]]	[[411, 423]]	1
tr|Q5CUI5|Q5CUI5_CRYPI	Q8NHS0	[[119, 132]]	[[23, 36]]	1
tr|Q5CUI5|Q5CUI5_CRYPI	P25686	[[125, 133]]	[[29, 37]]	1
tr|Q5CUI5|Q5CUI5_CRYPI	Q9Y2G8	[[143, 156]]	[[72, 85]]	1
tr|Q5CUI5|Q5CUI5_CRYPI	Q8TBM8	[[97, 108]]	[[106, 117]]	1
tr|Q5CUI7|Q5CUI7_CRYPI	P63146	[[55, 67], [95, 109], [110, 125], [28, 41]]	[[60, 72], [100, 114], [115, 130], [33, 46]]	4
tr|Q5CUI7|Q5CUI7_CRYPI	P49459	[[47, 68]]	[[52, 73]]	1
tr|Q5CUI8|Q5CUI8_CRYPI	P56199	[[102, 112]]	[[99, 109]]	1
tr|Q5CUI9|Q5CUI9_CRYPI	Q9Y2Q0	[[100, 112]]	[[337, 349]]	1
tr|Q5CUI9|Q5CUI9_CRYPI	Q96N67	[[1046, 1058]]	[[559, 571]]	1
tr|Q5CUI9|Q5CUI9_CRYPI	O00429	[[1711, 1723]]	[[100, 112]]	1
tr|Q5CUJ1|Q5CUJ1_CRYPI	Q8WUM4	[[133, 143]]	[[248, 258]]	1
tr|Q5CUJ1|Q5CUJ1_CRYPI	P52429	[[438, 455], [218, 230]]	[[305, 322], [155, 167]]	2
tr|Q5CUJ1|Q5CUJ1_CRYPI	O75912	[[349, 361], [439, 453]]	[[374, 386], [457, 471]]	2
tr|Q5CUJ1|Q5CUJ1_CRYPI	P52824	[[350, 362]]	[[587, 599]]	1
tr|Q5CUJ1|Q5CUJ1_CRYPI	Q6IPT4	[[361, 372]]	[[265, 276]]	1
tr|Q5CUJ1|Q5CUJ1_CRYPI	P23743	[[407, 419], [434, 448]]	[[428, 440], [452, 466]]	2
tr|Q5CUJ1|Q5CUJ1_CRYPI	O15111	[[551, 561]]	[[480, 490]]	1
tr|Q5CUJ2|Q5CUJ2_CRYPI	P24928	[[1406, 1418], [1095, 1105], [1855, 1868], [825, 845], [1811, 1825], [1684, 1801], [86, 104], [1829, 1849], [1831, 1844], [1827, 1847], [353, 368], [1802, 1822], [1431, 1449], [1495, 1515], [110, 126], [565, 580], [1805, 1826], [1112, 1126]]	[[1363, 1375], [1063, 1073], [1842, 1855], [813, 833], [1772, 1786], [1743, 1755], [80, 98], [1742, 1755], [1772, 1785], [1628, 1641], [366, 381], [1742, 1755], [1388, 1406], [1452, 1472], [104, 120], [576, 591], [1626, 1641], [1080, 1094]]	18
tr|Q5CUJ2|Q5CUJ2_CRYPI	B4DU55	[[1350, 1358]]	[[144, 152]]	1
tr|Q5CUJ2|Q5CUJ2_CRYPI	P17302	[[1564, 1575]]	[[272, 283]]	1
tr|Q5CUJ2|Q5CUJ2_CRYPI	Q9P0K1	[[48, 60]]	[[820, 832]]	1
tr|Q5CUJ2|Q5CUJ2_CRYPI	O95602	[[780, 792]]	[[896, 908]]	1
tr|Q5CUJ2|Q5CUJ2_CRYPI	O14802	[[889, 906]]	[[888, 905]]	1
tr|Q5CUJ4|Q5CUJ4_CRYPI	Q92753	[[267, 279]]	[[136, 148]]	1
tr|Q5CUJ4|Q5CUJ4_CRYPI	Q38SD2	[[345, 356]]	[[1993, 2004]]	1
tr|Q5CUJ7|Q5CUJ7_CRYPI	Q8WUA7	[[125, 146]]	[[302, 323]]	1
tr|Q5CUJ7|Q5CUJ7_CRYPI	Q9NU19	[[234, 246]]	[[399, 411]]	1
tr|Q5CUJ7|Q5CUJ7_CRYPI	Q8NH79	[[291, 299]]	[[167, 175]]	1
tr|Q5CUJ9|Q5CUJ9_CRYPI	P0DPK2	[[105, 121]]	[[105, 121]]	1
tr|Q5CUJ9|Q5CUJ9_CRYPI	Q16695	[[79, 96], [25, 47], [48, 71]]	[[79, 96], [25, 47], [48, 71]]	3
tr|Q5CUJ9|Q5CUJ9_CRYPI	Q71DI3	[[86, 98]]	[[86, 98]]	1
tr|Q5CUK0|Q5CUK0_CRYPI	Q99436	[[127, 137]]	[[129, 139]]	1
tr|Q5CUK0|Q5CUK0_CRYPI	P40306	[[65, 76]]	[[63, 74]]	1
tr|Q5CUK3|Q5CUK3_CRYPI	Q9H7B2	[[185, 193]]	[[251, 259]]	1
tr|Q5CUK5|Q5CUK5_CRYPI	Q9Y2G1	[[454, 464]]	[[698, 708]]	1
tr|Q5CUK6|Q5CUK6_CRYPI	Q5SWL7	[[139, 148]]	[[149, 158]]	1
tr|Q5CUK7|Q5CUK7_CRYPI	O94983	[[492, 500]]	[[1054, 1062]]	1
tr|Q5CUK8|Q5CUK8_CRYPI	P62269	[[84, 96], [107, 142]]	[[83, 95], [106, 141]]	2
tr|Q5CUL0|Q5CUL0_CRYPI	P46939	[[795, 803]]	[[206, 214]]	1
tr|Q5CUL0|Q5CUL0_CRYPI	O94941	[[966, 976]]	[[257, 267]]	1
tr|Q5CUL1|Q5CUL1_CRYPI	O75319	[[20, 31]]	[[135, 146]]	1
tr|Q5CUL1|Q5CUL1_CRYPI	A6NIV6	[[317, 325]]	[[493, 501]]	1
tr|Q5CUL1|Q5CUL1_CRYPI	Q86SE5	[[622, 631]]	[[131, 140]]	1
tr|Q5CUL2|Q5CUL2_CRYPI	Q9UQ80	[[108, 127], [81, 93], [188, 203]]	[[99, 118], [71, 83], [182, 197]]	3
tr|Q5CUL4|Q5CUL4_CRYPI	P52948	[[1038, 1050], [1541, 1553]]	[[872, 884], [1559, 1571]]	2
tr|Q5CUL4|Q5CUL4_CRYPI	P18564	[[1708, 1718]]	[[360, 370]]	1
tr|Q5CUL4|Q5CUL4_CRYPI	Q13237	[[865, 877]]	[[671, 683]]	1
tr|Q5CUL5|Q5CUL5_CRYPI	P53611	[[271, 286]]	[[237, 252]]	1
tr|Q5CUL6|Q5CUL6_CRYPI	Q96FX2	[[79, 91]]	[[49, 61]]	1
tr|Q5CUL7|Q5CUL7_CRYPI	O00462	[[184, 193]]	[[522, 531]]	1
tr|Q5CUL9|Q5CUL9_CRYPI	Q9HCK1	[[387, 397]]	[[1357, 1367]]	1
tr|Q5CUM0|Q5CUM0_CRYPI	Q8TDJ6	[[246, 258]]	[[2999, 3011]]	1
tr|Q5CUM2|Q5CUM2_CRYPI	P61513	[[0, 24]]	[[7, 31]]	1
tr|Q5CUM4|Q5CUM4_CRYPI	Q8N5F7	[[150, 174]]	[[350, 374]]	1
tr|Q5CUM6|Q5CUM6_CRYPI	P25788	[[114, 139]]	[[114, 139]]	1
tr|Q5CUM6|Q5CUM6_CRYPI	Q9NPR9	[[196, 207]]	[[382, 393]]	1
tr|Q5CUM7|Q5CUM7_CRYPI	Q8WTU0	[[173, 185]]	[[213, 225]]	1
tr|Q5CUM7|Q5CUM7_CRYPI	Q5TDH0	[[291, 303], [194, 207], [214, 243]]	[[323, 335], [226, 239], [246, 275]]	3
tr|Q5CUM8|Q5CUM8_CRYPI	Q969S0	[[1001, 1009]]	[[9, 17]]	1
tr|Q5CUM8|Q5CUM8_CRYPI	P49327	[[1073, 1085]]	[[177, 189]]	1
tr|Q5CUM8|Q5CUM8_CRYPI	Q15413	[[4993, 5001]]	[[1356, 1364]]	1
tr|Q5CUM9|Q5CUM9_CRYPI	P60900	[[9, 31]]	[[9, 31]]	1
tr|Q5CUM9|Q5CUM9_CRYPI	Q14DG7	[[185, 196]]	[[1005, 1016]]	1
tr|Q5CUN0|Q5CUN0_CRYPI	Q9H040	[[154, 171], [48, 65], [88, 109], [129, 140]]	[[172, 189], [65, 82], [106, 127], [147, 158]]	4
tr|Q5CUN2|Q5CUN2_CRYPI	P54762	[[225, 237]]	[[872, 884]]	1
tr|Q5CUN4|Q5CUN4_CRYPI	A6NIV6	[[1061, 1074]]	[[507, 520]]	1
tr|Q5CUN4|Q5CUN4_CRYPI	Q9H095	[[1065, 1076]]	[[400, 411]]	1
tr|Q5CUN4|Q5CUN4_CRYPI	A8MSI8	[[1071, 1083]]	[[7, 19]]	1
tr|Q5CUN4|Q5CUN4_CRYPI	Q15506	[[1120, 1130]]	[[117, 127]]	1
tr|Q5CUN4|Q5CUN4_CRYPI	Q8IZT6	[[1128, 1137]]	[[3090, 3099]]	1
tr|Q5CUN4|Q5CUN4_CRYPI	O95714	[[1437, 1450]]	[[4269, 4282]]	1
tr|Q5CUN4|Q5CUN4_CRYPI	Q96T58	[[1472, 1482]]	[[783, 793]]	1
tr|Q5CUN4|Q5CUN4_CRYPI	Q8NDN9	[[1501, 1513]]	[[134, 146]]	1
tr|Q5CUN4|Q5CUN4_CRYPI	Q9P258	[[1668, 1678]]	[[173, 183]]	1
tr|Q5CUN4|Q5CUN4_CRYPI	P08519	[[260, 268]]	[[1054, 1062]]	1
tr|Q5CUN5|Q5CUN5_CRYPI	P13805	[[102, 112]]	[[246, 256]]	1
tr|Q5CUN5|Q5CUN5_CRYPI	Q9Y2X3	[[294, 333], [340, 350], [170, 182], [187, 203], [236, 256]]	[[288, 327], [334, 344], [167, 179], [184, 200], [230, 250]]	5
tr|Q5CUN5|Q5CUN5_CRYPI	O00567	[[269, 281], [317, 328]]	[[273, 285], [321, 332]]	2
tr|Q5CUN6|Q5CUN6_CRYPI	P08865	[[101, 113], [116, 131], [156, 168]]	[[100, 112], [115, 130], [155, 167]]	3
tr|Q5CUN7|Q5CUN7_CRYPI	P23786	[[1395, 1403]]	[[33, 41]]	1
tr|Q5CUN7|Q5CUN7_CRYPI	Q96HP0	[[151, 160]]	[[591, 600]]	1
tr|Q5CUN7|Q5CUN7_CRYPI	P50391	[[428, 438]]	[[159, 169]]	1
tr|Q5CUN7|Q5CUN7_CRYPI	Q96T54	[[462, 478]]	[[211, 227]]	1
tr|Q5CUN7|Q5CUN7_CRYPI	Q9H3M0	[[466, 477]]	[[364, 375]]	1
tr|Q5CUN7|Q5CUN7_CRYPI	Q5JUK3	[[468, 480]]	[[291, 303]]	1
tr|Q5CUN7|Q5CUN7_CRYPI	Q9UPC5	[[489, 501]]	[[269, 281]]	1
tr|Q5CUN9|Q5CUN9_CRYPI	Q86TM6	[[273, 283]]	[[306, 316]]	1
tr|Q5CUN9|Q5CUN9_CRYPI	Q9P0P0	[[273, 286], [292, 308]]	[[93, 106], [112, 128]]	2
tr|Q5CUN9|Q5CUN9_CRYPI	Q9BV68	[[281, 297]]	[[254, 270]]	1
tr|Q5CUP1|Q5CUP1_CRYPI	Q96Q11	[[188, 198]]	[[149, 159]]	1
tr|Q5CUP3|Q5CUP3_CRYPI	O15355	[[322, 334], [37, 51]]	[[340, 352], [29, 43]]	2
tr|Q5CUP3|Q5CUP3_CRYPI	P35813	[[415, 431], [33, 45]]	[[232, 248], [22, 34]]	2
tr|Q5CUP3|Q5CUP3_CRYPI	Q5SGD2	[[338, 350]]	[[221, 233]]	1
tr|Q5CUP3|Q5CUP3_CRYPI	O75688	[[412, 425]]	[[233, 246]]	1
tr|Q5CUP4|Q5CUP4_CRYPI	Q9NZJ0	[[265, 276]]	[[236, 247]]	1
tr|Q5CUP4|Q5CUP4_CRYPI	O95294	[[508, 520]]	[[593, 605]]	1
tr|Q5CUP4|Q5CUP4_CRYPI	Q6ZTK2	[[535, 546]]	[[2402, 2413]]	1
tr|Q5CUP5|Q5CUP5_CRYPI	P48735	[[165, 175]]	[[434, 444]]	1
tr|Q5CUP6|Q5CUP6_CRYPI	Q9BX66	[[341, 353]]	[[193, 205]]	1
tr|Q5CUP8|Q5CUP8_CRYPI	Q5T6F2	[[271, 283]]	[[134, 146]]	1
tr|Q5CUQ0|Q5CUQ0_CRYPI	Q13625	[[129, 141]]	[[212, 224]]	1
tr|Q5CUQ0|Q5CUQ0_CRYPI	Q6PIF2	[[165, 175]]	[[54, 64]]	1
tr|Q5CUQ1|Q5CUQ1_CRYPI	Q8NAV1	[[53, 65]]	[[60, 72]]	1
tr|Q5CUQ2|Q5CUQ2_CRYPI	Q13480	[[99, 110]]	[[175, 186]]	1
tr|Q5CUQ3|Q5CUQ3_CRYPI	Q7Z3V4	[[65, 76]]	[[522, 533]]	1
tr|Q5CUQ4|Q5CUQ4_CRYPI	Q9HBL0	[[332, 342], [181, 193]]	[[284, 294], [137, 149]]	2
tr|Q5CUQ4|Q5CUQ4_CRYPI	Q6XPS3	[[276, 291], [182, 194], [204, 212]]	[[313, 328], [219, 231], [241, 249]]	3
tr|Q5CUQ4|Q5CUQ4_CRYPI	Q99884	[[42, 51]]	[[224, 233]]	1
tr|Q5CUQ4|Q5CUQ4_CRYPI	Q8IWG1	[[485, 496]]	[[452, 463]]	1
tr|Q5CUQ5|Q5CUQ5_CRYPI	Q14676	[[110, 120]]	[[458, 468]]	1
tr|Q5CUQ5|Q5CUQ5_CRYPI	P60602	[[1097, 1105]]	[[43, 51]]	1
tr|Q5CUQ6|Q5CUQ6_CRYPI	Q9NXL2	[[123, 131]]	[[391, 399]]	1
tr|Q5CUQ6|Q5CUQ6_CRYPI	P36954	[[4, 15], [21, 35]]	[[13, 24], [30, 44]]	2
tr|Q5CUQ7|Q5CUQ7_CRYPI	O94813	[[154, 163]]	[[1142, 1151]]	1
tr|Q5CUQ7|Q5CUQ7_CRYPI	O75093	[[154, 166]]	[[1066, 1078]]	1
tr|Q5CUQ7|Q5CUQ7_CRYPI	Q07954	[[172, 181]]	[[3820, 3829]]	1
tr|Q5CUQ7|Q5CUQ7_CRYPI	Q14767	[[173, 182]]	[[619, 628]]	1
tr|Q5CUQ7|Q5CUQ7_CRYPI	Q75N90	[[299, 313], [361, 374], [209, 222], [386, 395]]	[[1966, 1980], [544, 557], [1229, 1242], [1109, 1118]]	4
tr|Q5CUQ7|Q5CUQ7_CRYPI	Q96RW7	[[215, 227]]	[[5269, 5281]]	1
tr|Q5CUQ7|Q5CUQ7_CRYPI	O15232	[[224, 235]]	[[354, 365]]	1
tr|Q5CUQ7|Q5CUQ7_CRYPI	Q8IX30	[[228, 240]]	[[327, 339]]	1
tr|Q5CUQ7|Q5CUQ7_CRYPI	P35556	[[241, 251], [404, 416], [231, 243], [254, 266], [387, 401], [438, 446], [503, 513], [296, 306]]	[[2195, 2205], [2668, 2680], [1129, 1141], [2051, 2063], [1847, 1861], [807, 815], [2546, 2556], [312, 322]]	8
tr|Q5CUQ7|Q5CUQ7_CRYPI	P35555	[[232, 245], [343, 353], [462, 473], [234, 247], [477, 488]]	[[925, 938], [762, 772], [785, 796], [782, 795], [1439, 1450]]	5
tr|Q5CUQ7|Q5CUQ7_CRYPI	Q12805	[[236, 248]]	[[193, 205]]	1
tr|Q5CUQ7|Q5CUQ7_CRYPI	Q4LDE5	[[237, 249]]	[[1250, 1262]]	1
tr|Q5CUQ7|Q5CUQ7_CRYPI	Q8IUX8	[[255, 263]]	[[215, 223]]	1
tr|Q5CUQ7|Q5CUQ7_CRYPI	P07225	[[275, 287]]	[[216, 228]]	1
tr|Q5CUQ7|Q5CUQ7_CRYPI	Q04721	[[277, 288]]	[[199, 210]]	1
tr|Q5CUQ7|Q5CUQ7_CRYPI	Q9Y219	[[279, 290]]	[[365, 376]]	1
tr|Q5CUQ7|Q5CUQ7_CRYPI	Q9NQ36	[[282, 293]]	[[424, 435]]	1
tr|Q5CUQ7|Q5CUQ7_CRYPI	P98095	[[343, 355]]	[[1022, 1034]]	1
tr|Q5CUQ7|Q5CUQ7_CRYPI	Q14766	[[385, 394], [466, 475]]	[[1239, 1248], [1185, 1194]]	2
tr|Q5CUQ7|Q5CUQ7_CRYPI	Q99435	[[403, 414]]	[[497, 508]]	1
tr|Q5CUQ7|Q5CUQ7_CRYPI	O75095	[[409, 421]]	[[390, 402]]	1
tr|Q5CUQ7|Q5CUQ7_CRYPI	Q9NS15	[[480, 489], [411, 422]]	[[699, 708], [682, 693]]	2
tr|Q5CUQ7|Q5CUQ7_CRYPI	P49747	[[457, 467]]	[[196, 206]]	1
tr|Q5CUQ7|Q5CUQ7_CRYPI	Q14114	[[463, 475]]	[[356, 368]]	1
tr|Q5CUQ8|Q5CUQ8_CRYPI	Q8N8U2	[[110, 121]]	[[136, 147]]	1
tr|Q5CUR1|Q5CUR1_CRYPI	Q15436	[[736, 756], [11, 29], [180, 190], [708, 721], [509, 521]]	[[741, 761], [15, 33], [184, 194], [716, 729], [518, 530]]	5
tr|Q5CUR1|Q5CUR1_CRYPI	Q15437	[[662, 680], [712, 723], [151, 166], [507, 522], [180, 195], [525, 538]]	[[672, 690], [722, 733], [155, 170], [518, 533], [184, 199], [536, 549]]	6
tr|Q5CUR4|Q5CUR4_CRYPI	Q14137	[[172, 185]]	[[21, 34]]	1
tr|Q5CUR4|Q5CUR4_CRYPI	Q86XK7	[[175, 187]]	[[356, 368]]	1
tr|Q5CUR4|Q5CUR4_CRYPI	P36021	[[177, 185]]	[[37, 45]]	1
tr|Q5CUR4|Q5CUR4_CRYPI	Q9NPG3	[[81, 92]]	[[209, 220]]	1
tr|Q5CUR4|Q5CUR4_CRYPI	Q9BPX6	[[83, 95]]	[[97, 109]]	1
tr|Q5CUR5|Q5CUR5_CRYPI	Q9Y6H5	[[175, 187]]	[[674, 686]]	1
tr|Q5CUR7|Q5CUR7_CRYPI	Q9NRZ5	[[145, 155]]	[[180, 190]]	1
tr|Q5CUR9|Q5CUR9_CRYPI	Q86XP1	[[148, 157]]	[[549, 558]]	1
tr|Q5CUS2|Q5CUS2_CRYPI	Q14766	[[561, 571]]	[[1668, 1678]]	1
tr|Q5CUS2|Q5CUS2_CRYPI	Q9NR34	[[638, 649]]	[[77, 88]]	1
tr|Q5CUS6|Q5CUS6_CRYPI	P41091	[[277, 306], [312, 354], [127, 209], [249, 266], [406, 420], [442, 462]]	[[275, 304], [310, 352], [125, 207], [247, 264], [403, 417], [439, 459]]	6
tr|Q5CUT0|Q5CUT0_CRYPI	P23921	[[754, 765]]	[[656, 667]]	1
tr|Q5CUT1|Q5CUT1_CRYPI	Q8WY07	[[323, 336]]	[[277, 290]]	1
tr|Q5CUT1|Q5CUT1_CRYPI	Q70CQ2	[[399, 411]]	[[747, 759]]	1
tr|Q5CUT1|Q5CUT1_CRYPI	Q13627	[[400, 412]]	[[608, 620]]	1
tr|Q5CUT1|Q5CUT1_CRYPI	Q8NHW3	[[401, 412]]	[[198, 209]]	1
tr|Q5CUT1|Q5CUT1_CRYPI	Q9BYZ6	[[402, 412]]	[[325, 335]]	1
tr|Q5CUT1|Q5CUT1_CRYPI	Q5JU85	[[403, 416]]	[[1239, 1252]]	1
tr|Q5CUT1|Q5CUT1_CRYPI	P23327	[[407, 415]]	[[230, 238]]	1
tr|Q5CUT2|Q5CUT2_CRYPI	Q96GQ7	[[204, 217]]	[[331, 344]]	1
tr|Q5CUT2|Q5CUT2_CRYPI	Q8NHQ9	[[233, 246], [209, 228]]	[[191, 204], [167, 186]]	2
tr|Q5CUT2|Q5CUT2_CRYPI	Q9UHI6	[[408, 419]]	[[361, 372]]	1
tr|Q5CUT2|Q5CUT2_CRYPI	Q8TDD1	[[412, 423]]	[[394, 405]]	1
tr|Q5CUT2|Q5CUT2_CRYPI	Q9NVP1	[[416, 430]]	[[485, 499]]	1
tr|Q5CUT2|Q5CUT2_CRYPI	A6NFD8	[[6, 15]]	[[3, 12]]	1
tr|Q5CUT2|Q5CUT2_CRYPI	A2VDF0	[[554, 565]]	[[116, 127]]	1
tr|Q5CUT2|Q5CUT2_CRYPI	P17844	[[74, 84]]	[[139, 149]]	1
tr|Q5CUT2|Q5CUT2_CRYPI	Q13206	[[75, 87]]	[[115, 127]]	1
tr|Q5CUT3|Q5CUT3_CRYPI	Q14697	[[673, 687], [395, 406], [1140, 1150], [908, 918]]	[[539, 553], [276, 287], [839, 849], [703, 713]]	4
tr|Q5CUT3|Q5CUT3_CRYPI	O95198	[[1268, 1281]]	[[508, 521]]	1
tr|Q5CUT3|Q5CUT3_CRYPI	Q8TET4	[[564, 578], [628, 638], [524, 536], [799, 813], [700, 713]]	[[429, 443], [464, 474], [389, 401], [563, 577], [535, 548]]	5
tr|Q5CUT3|Q5CUT3_CRYPI	Q92783	[[580, 592]]	[[380, 392]]	1
tr|Q5CUT3|Q5CUT3_CRYPI	Q2M2H8	[[671, 681]]	[[1370, 1380]]	1
tr|Q5CUT3|Q5CUT3_CRYPI	P14410	[[671, 683]]	[[1389, 1401]]	1
tr|Q5CUT3|Q5CUT3_CRYPI	Q8WU67	[[931, 939]]	[[259, 267]]	1
tr|Q5CUT4|Q5CUT4_CRYPI	Q2VWA4	[[137, 148]]	[[690, 701]]	1
tr|Q5CUT4|Q5CUT4_CRYPI	Q9C0D6	[[139, 150]]	[[54, 65]]	1
tr|Q5CUT4|Q5CUT4_CRYPI	Q96T25	[[139, 151]]	[[136, 148]]	1
tr|Q5CUT4|Q5CUT4_CRYPI	Q5VUA4	[[147, 159]]	[[1445, 1457]]	1
tr|Q5CUT4|Q5CUT4_CRYPI	Q9H2G4	[[149, 161]]	[[24, 36]]	1
tr|Q5CUT4|Q5CUT4_CRYPI	Q8WUP2	[[150, 160]]	[[104, 114]]	1
tr|Q5CUT4|Q5CUT4_CRYPI	Q8TF74	[[152, 161]]	[[324, 333]]	1
tr|Q5CUT4|Q5CUT4_CRYPI	Q96DR7	[[153, 161]]	[[137, 145]]	1
tr|Q5CUT5|Q5CUT5_CRYPI	Q9Y4H2	[[439, 448]]	[[20, 29]]	1
tr|Q5CUT5|Q5CUT5_CRYPI	O14594	[[448, 461]]	[[1282, 1295]]	1
tr|Q5CUT6|Q5CUT6_CRYPI	Q9BY67	[[1427, 1439]]	[[342, 354]]	1
tr|Q5CUT6|Q5CUT6_CRYPI	O15054	[[1429, 1441]]	[[752, 764]]	1
tr|Q5CUT6|Q5CUT6_CRYPI	P51816	[[1430, 1441]]	[[1014, 1025]]	1
tr|Q5CUT6|Q5CUT6_CRYPI	Q53EL9	[[1432, 1443]]	[[223, 234]]	1
tr|Q5CUU1|Q5CUU1_CRYPI	Q6ZNJ1	[[186, 195]]	[[1042, 1051]]	1
tr|Q5CUU1|Q5CUU1_CRYPI	Q5JR12	[[530, 540]]	[[422, 432]]	1
tr|Q5CUU2|Q5CUU2_CRYPI	P28562	[[216, 227]]	[[253, 264]]	1
tr|Q5CUU2|Q5CUU2_CRYPI	Q16690	[[218, 237]]	[[260, 279]]	1
tr|Q5CUU4|Q5CUU4_CRYPI	P35250	[[129, 178], [109, 122], [55, 70], [84, 101]]	[[149, 198], [129, 142], [75, 90], [104, 121]]	4
tr|Q5CUU4|Q5CUU4_CRYPI	P35249	[[17, 29]]	[[39, 51]]	1
tr|Q5CUU4|Q5CUU4_CRYPI	P40937	[[82, 94], [49, 61]]	[[87, 99], [53, 65]]	2
tr|Q5CUU4|Q5CUU4_CRYPI	P35251	[[52, 64]]	[[647, 659]]	1
tr|Q5CUU4|Q5CUU4_CRYPI	Q9UKA2	[[79, 88]]	[[600, 609]]	1
tr|Q5CUU9|Q5CUU9_CRYPI	P0CG04	[[481, 489]]	[[71, 79]]	1
tr|Q5CUV0|Q5CUV0_CRYPI	Q96RL7	[[381, 392]]	[[2043, 2054]]	1
tr|Q5CUV0|Q5CUV0_CRYPI	Q08495	[[436, 448]]	[[126, 138]]	1
tr|Q5CUV1|Q5CUV1_CRYPI	Q9ULV0	[[314, 324]]	[[885, 895]]	1
tr|Q5CUV2|Q5CUV2_CRYPI	Q9Y4I1	[[301, 310]]	[[819, 828]]	1
tr|Q5CUV4|Q5CUV4_CRYPI	Q2KHR3	[[630, 639]]	[[1009, 1018]]	1
tr|Q5CUV4|Q5CUV4_CRYPI	P19022	[[788, 798]]	[[244, 254]]	1
tr|Q5CUV4|Q5CUV4_CRYPI	Q5H9R7	[[882, 892]]	[[487, 497]]	1
tr|Q5CUV5|Q5CUV5_CRYPI	Q96D46	[[267, 282], [194, 209], [81, 91], [119, 140], [101, 115], [141, 155]]	[[240, 255], [167, 182], [51, 61], [92, 113], [73, 87], [114, 128]]	6
tr|Q5CUV6|Q5CUV6_CRYPI	O15085	[[131, 140]]	[[147, 156]]	1
tr|Q5CUV6|Q5CUV6_CRYPI	A4UGR9	[[132, 143]]	[[2116, 2127]]	1
tr|Q5CUV6|Q5CUV6_CRYPI	Q5VWQ0	[[134, 144]]	[[143, 153]]	1
tr|Q5CUV6|Q5CUV6_CRYPI	Q7RTP6	[[150, 160]]	[[1454, 1464]]	1
tr|Q5CUV6|Q5CUV6_CRYPI	Q96T25	[[150, 166], [157, 169]]	[[133, 149], [390, 402]]	2
tr|Q5CUV6|Q5CUV6_CRYPI	Q86UP3	[[156, 168]]	[[2005, 2017]]	1
tr|Q5CUV6|Q5CUV6_CRYPI	Q9UKZ4	[[160, 172]]	[[193, 205]]	1
tr|Q5CUV6|Q5CUV6_CRYPI	O94985	[[504, 514]]	[[921, 931]]	1
tr|Q5CUV8|Q5CUV8_CRYPI	O94804	[[156, 167]]	[[636, 647]]	1
tr|Q5CUV9|Q5CUV9_CRYPI	P30050	[[63, 79]]	[[59, 75]]	1
tr|Q5CUW0|Q5CUW0_CRYPI	P31946	[[113, 132]]	[[86, 105]]	1
tr|Q5CUW0|Q5CUW0_CRYPI	P62258	[[186, 211], [143, 165], [124, 136]]	[[161, 186], [117, 139], [98, 110]]	3
tr|Q5CUW0|Q5CUW0_CRYPI	P27348	[[185, 196], [137, 150]]	[[157, 168], [108, 121]]	2
tr|Q5CUW0|Q5CUW0_CRYPI	P61981	[[188, 200]]	[[165, 177]]	1
tr|Q5CUW0|Q5CUW0_CRYPI	P31947	[[246, 259], [194, 209], [233, 245]]	[[220, 233], [168, 183], [207, 219]]	3
tr|Q5CUW1|Q5CUW1_CRYPI	Q0ZGT2	[[45, 53]]	[[108, 116]]	1
tr|Q5CUW2|Q5CUW2_CRYPI	Q99675	[[224, 235]]	[[284, 295]]	1
tr|Q5CUW2|Q5CUW2_CRYPI	Q96PX1	[[226, 238]]	[[289, 301]]	1
tr|Q5CUW4|Q5CUW4_CRYPI	P21579	[[185, 196]]	[[149, 160]]	1
tr|Q5CUW4|Q5CUW4_CRYPI	Q9Y6Q6	[[220, 231]]	[[417, 428]]	1
tr|Q5CUW5|Q5CUW5_CRYPI	P47974	[[246, 257]]	[[205, 216]]	1
tr|Q5CUW7|Q5CUW7_CRYPI	Q9H8M5	[[105, 123]]	[[351, 369]]	1
tr|Q5CUW8|Q5CUW8_CRYPI	O15212	[[82, 94]]	[[74, 86]]	1
tr|Q5CUX0|Q5CUX0_CRYPI	Q8IYB3	[[152, 164]]	[[278, 290]]	1
tr|Q5CUX0|Q5CUX0_CRYPI	Q08170	[[153, 178], [179, 189]]	[[465, 478], [219, 229]]	2
tr|Q5CUX0|Q5CUX0_CRYPI	Q01130	[[156, 166]]	[[147, 157]]	1
tr|Q5CUX0|Q5CUX0_CRYPI	Q5T8P6	[[158, 169]]	[[198, 209]]	1
tr|Q5CUX0|Q5CUX0_CRYPI	P30414	[[162, 173]]	[[545, 556]]	1
tr|Q5CUX0|Q5CUX0_CRYPI	P62995	[[168, 184]]	[[44, 60]]	1
tr|Q5CUX0|Q5CUX0_CRYPI	Q7L014	[[176, 188]]	[[10, 22]]	1
tr|Q5CUX5|Q5CUX5_CRYPI	Q9Y6A2	[[1105, 1116]]	[[129, 140]]	1
tr|Q5CUX5|Q5CUX5_CRYPI	Q15034	[[1364, 1373]]	[[410, 419]]	1
tr|Q5CUX5|Q5CUX5_CRYPI	O60825	[[2325, 2334]]	[[279, 288]]	1
tr|Q5CUX5|Q5CUX5_CRYPI	Q9P2C4	[[2326, 2338]]	[[193, 205]]	1
tr|Q5CUX5|Q5CUX5_CRYPI	Q99218	[[3038, 3049]]	[[167, 178]]	1
tr|Q5CUX5|Q5CUX5_CRYPI	Q9Y2F5	[[3041, 3051]]	[[1629, 1639]]	1
tr|Q5CUX5|Q5CUX5_CRYPI	Q13057	[[3047, 3057]]	[[96, 106]]	1
tr|Q5CUX7|Q5CUX7_CRYPI	B1ANS9	[[204, 214]]	[[340, 350]]	1
tr|Q5CUX7|Q5CUX7_CRYPI	Q96J01	[[210, 222]]	[[123, 135]]	1
tr|Q5CUX7|Q5CUX7_CRYPI	Q13216	[[249, 258]]	[[118, 127]]	1
tr|Q5CUX7|Q5CUX7_CRYPI	Q86TI4	[[288, 299]]	[[31, 42]]	1
tr|Q5CUX7|Q5CUX7_CRYPI	O43818	[[425, 443]]	[[436, 454]]	1
tr|Q5CUX7|Q5CUX7_CRYPI	P12270	[[61, 73]]	[[1964, 1976]]	1
tr|Q5CUX7|Q5CUX7_CRYPI	Q01105	[[64, 74]]	[[244, 254]]	1
tr|Q5CUX7|Q5CUX7_CRYPI	Q9H1I8	[[64, 75]]	[[655, 666]]	1
tr|Q5CUX9|Q5CUX9_CRYPI	Q9BV40	[[32, 44]]	[[63, 75]]	1
tr|Q5CUY1|Q5CUY1_CRYPI	O60602	[[1166, 1177]]	[[549, 560]]	1
tr|Q5CUY1|Q5CUY1_CRYPI	P37288	[[13, 24]]	[[324, 335]]	1
tr|Q5CUY3|Q5CUY3_CRYPI	Q5W0A0	[[45, 57]]	[[102, 114]]	1
tr|Q5CUY3|Q5CUY3_CRYPI	Q5HYW3	[[47, 59]]	[[338, 350]]	1
tr|Q5CUY5|Q5CUY5_CRYPI	Q8TDI7	[[132, 141]]	[[251, 260]]	1
tr|Q5CUY6|Q5CUY6_CRYPI	Q3KRA9	[[110, 125]]	[[109, 124]]	1
tr|Q5CUY9|Q5CUY9_CRYPI	Q9Y6M4	[[418, 428]]	[[295, 305]]	1
tr|Q5CUY9|Q5CUY9_CRYPI	Q15003	[[672, 682]]	[[461, 471]]	1
tr|Q5CUZ1|Q5CUZ1_CRYPI	Q8N8X9	[[34, 44]]	[[306, 316]]	1
tr|Q5CUZ1|Q5CUZ1_CRYPI	Q8TBM8	[[86, 98]]	[[158, 170]]	1
tr|Q5CUZ3|Q5CUZ3_CRYPI	O95359	[[113, 123]]	[[2796, 2806]]	1
tr|Q5CUZ4|Q5CUZ4_CRYPI	Q9UET6	[[189, 200], [258, 271], [223, 236], [152, 176], [62, 83]]	[[149, 160], [232, 245], [183, 196], [112, 136], [41, 62]]	5
tr|Q5CUZ6|Q5CUZ6_CRYPI	P84077	[[17, 33], [55, 75], [89, 113], [133, 148], [154, 180]]	[[11, 27], [49, 69], [83, 107], [127, 142], [148, 174]]	5
tr|Q5CUZ6|Q5CUZ6_CRYPI	P36406	[[170, 183], [52, 66]]	[[552, 565], [433, 447]]	2
tr|Q5CUZ6|Q5CUZ6_CRYPI	P62330	[[76, 88]]	[[66, 78]]	1
tr|Q5CUZ8|Q5CUZ8_CRYPI	P35557	[[21, 32]]	[[269, 280]]	1
tr|Q5CV00|Q5CV00_CRYPI	Q6UY09	[[104, 116]]	[[441, 453]]	1
tr|Q5CV00|Q5CV00_CRYPI	Q8N9I0	[[131, 141]]	[[79, 89]]	1
tr|Q5CV01|Q5CV01_CRYPI	A4FU69	[[426, 437]]	[[726, 737]]	1
tr|Q5CV01|Q5CV01_CRYPI	Q96MH7	[[471, 482]]	[[566, 577]]	1
tr|Q5CV01|Q5CV01_CRYPI	Q96Q15	[[476, 488]]	[[2974, 2986]]	1
tr|Q5CV02|Q5CV02_CRYPI	O95707	[[130, 148]]	[[95, 113]]	1
tr|Q5CV03|Q5CV03_CRYPI	Q9C0D4	[[72, 84]]	[[968, 980]]	1
tr|Q5CV04|Q5CV04_CRYPI	Q12874	[[234, 244]]	[[374, 384]]	1
tr|Q5CV07|Q5CV07_CRYPI	Q9H6F2	[[285, 293]]	[[211, 219]]	1
tr|Q5CV08|Q5CV08_CRYPI	Q7L211	[[164, 182]]	[[114, 132]]	1
tr|Q5CV09|Q5CV09_CRYPI	P16989	[[10309, 10318]]	[[5, 14]]	1
tr|Q5CV09|Q5CV09_CRYPI	Q5S007	[[2086, 2098]]	[[2447, 2459]]	1
tr|Q5CV09|Q5CV09_CRYPI	P48634	[[2638, 2646]]	[[742, 750]]	1
tr|Q5CV09|Q5CV09_CRYPI	P02766	[[2923, 2933]]	[[89, 99]]	1
tr|Q5CV09|Q5CV09_CRYPI	P56975	[[3498, 3507]]	[[127, 136]]	1
tr|Q5CV09|Q5CV09_CRYPI	Q13233	[[4149, 4160], [4784, 4795], [3502, 3513]]	[[941, 952], [941, 952], [941, 952]]	3
tr|Q5CV09|Q5CV09_CRYPI	P04070	[[3765, 3776]]	[[227, 238]]	1
tr|Q5CV09|Q5CV09_CRYPI	Q12955	[[4776, 4788], [6061, 6074], [6721, 6733], [4130, 4143], [5408, 5419]]	[[3965, 3977], [3964, 3977], [3965, 3977], [3964, 3977], [3965, 3976]]	5
tr|Q5CV09|Q5CV09_CRYPI	Q5SY80	[[4287, 4298]]	[[785, 796]]	1
tr|Q5CV09|Q5CV09_CRYPI	O95847	[[5344, 5355]]	[[306, 317]]	1
tr|Q5CV09|Q5CV09_CRYPI	E2RYF6	[[5415, 5427]]	[[194, 206]]	1
tr|Q5CV09|Q5CV09_CRYPI	Q9H040	[[5670, 5682]]	[[320, 332]]	1
tr|Q5CV09|Q5CV09_CRYPI	P05067	[[6719, 6729]]	[[270, 280]]	1
tr|Q5CV09|Q5CV09_CRYPI	P24386	[[806, 817]]	[[561, 572]]	1
tr|Q5CV09|Q5CV09_CRYPI	Q00610	[[8206, 8217]]	[[924, 935]]	1
tr|Q5CV09|Q5CV09_CRYPI	Q9UG22	[[8584, 8595]]	[[54, 65]]	1
tr|Q5CV09|Q5CV09_CRYPI	Q9UKB5	[[9024, 9034]]	[[218, 228]]	1
tr|Q5CV09|Q5CV09_CRYPI	Q4G0P3	[[9547, 9558]]	[[4809, 4820]]	1
tr|Q5CV09|Q5CV09_CRYPI	Q9H7U1	[[9664, 9675]]	[[802, 813]]	1
tr|Q5CV09|Q5CV09_CRYPI	Q53EL9	[[9723, 9735]]	[[224, 236]]	1
tr|Q5CV10|Q5CV10_CRYPI	Q9BS26	[[837, 847]]	[[75, 85]]	1
tr|Q5CV11|Q5CV11_CRYPI	Q96J66	[[1347, 1359]]	[[1168, 1180]]	1
tr|Q5CV11|Q5CV11_CRYPI	P13569	[[1349, 1361], [636, 653]]	[[1239, 1251], [547, 564]]	2
tr|Q5CV11|Q5CV11_CRYPI	Q96J65	[[1350, 1362]]	[[1150, 1162]]	1
tr|Q5CV11|Q5CV11_CRYPI	P33527	[[1416, 1427]]	[[1388, 1399]]	1
tr|Q5CV11|Q5CV11_CRYPI	Q2NKX8	[[177, 189]]	[[502, 514]]	1
tr|Q5CV11|Q5CV11_CRYPI	A0A075B734	[[853, 861]]	[[64, 72]]	1
tr|Q5CV12|Q5CV12_CRYPI	Q9Y493	[[112, 121]]	[[2160, 2169]]	1
tr|Q5CV12|Q5CV12_CRYPI	Q8N4C6	[[24, 36]]	[[319, 331]]	1
tr|Q5CV13|Q5CV13_CRYPI	Q5M9Q1	[[562, 574]]	[[201, 213]]	1
tr|Q5CV13|Q5CV13_CRYPI	Q9NZW4	[[564, 576]]	[[571, 583]]	1
tr|Q5CV13|Q5CV13_CRYPI	Q9NZ56	[[592, 601]]	[[1627, 1636]]	1
tr|Q5CV15|Q5CV15_CRYPI	Q15036	[[225, 236]]	[[247, 258]]	1
tr|Q5CV15|Q5CV15_CRYPI	P0C7M7	[[252, 263]]	[[225, 236]]	1
tr|Q5CV15|Q5CV15_CRYPI	Q53FZ2	[[254, 264]]	[[233, 243]]	1
tr|Q5CV15|Q5CV15_CRYPI	Q9UKU0	[[254, 270]]	[[274, 290]]	1
tr|Q5CV15|Q5CV15_CRYPI	Q9ULC5	[[535, 561], [300, 312]]	[[535, 561], [303, 315]]	2
tr|Q5CV15|Q5CV15_CRYPI	P33121	[[551, 563], [655, 664]]	[[566, 578], [666, 675]]	2
tr|Q5CV15|Q5CV15_CRYPI	Q9ULE3	[[65, 76]]	[[435, 446]]	1
tr|Q5CV16|Q5CV16_CRYPI	O75376	[[154, 167]]	[[528, 541]]	1
tr|Q5CV16|Q5CV16_CRYPI	Q9BYP7	[[161, 172]]	[[121, 132]]	1
tr|Q5CV16|Q5CV16_CRYPI	P29374	[[230, 242]]	[[289, 301]]	1
tr|Q5CV16|Q5CV16_CRYPI	Q14839	[[232, 244]]	[[1658, 1670]]	1
tr|Q5CV16|Q5CV16_CRYPI	P07900	[[239, 251]]	[[554, 566]]	1
tr|Q5CV16|Q5CV16_CRYPI	Q8NCQ7	[[288, 298]]	[[242, 252]]	1
tr|Q5CV17|Q5CV17_CRYPI	O75023	[[204, 214]]	[[466, 476]]	1
tr|Q5CV17|Q5CV17_CRYPI	Q8TBB6	[[205, 217]]	[[568, 580]]	1
tr|Q5CV17|Q5CV17_CRYPI	Q6ZMQ8	[[45, 55]]	[[3, 13]]	1
tr|Q5CV17|Q5CV17_CRYPI	Q8NGB8	[[61, 72]]	[[247, 258]]	1
tr|Q5CV17|Q5CV17_CRYPI	Q14542	[[83, 96]]	[[366, 379]]	1
tr|Q5CV18|Q5CV18_CRYPI	Q8NFD5	[[345, 354]]	[[1408, 1417]]	1
tr|Q5CV20|Q5CV20_CRYPI	P04114	[[45, 56]]	[[627, 638]]	1
tr|Q5CV22|Q5CV22_CRYPI	Q9H9J4	[[430, 442]]	[[1230, 1242]]	1
tr|Q5CV23|Q5CV23_CRYPI	Q9UGU0	[[136, 147]]	[[1811, 1822]]	1
tr|Q5CV26|Q5CV26_CRYPI	A4D161	[[1153, 1163]]	[[232, 242]]	1
tr|Q5CV26|Q5CV26_CRYPI	Q86SQ4	[[1721, 1733]]	[[631, 643]]	1
tr|Q5CV26|Q5CV26_CRYPI	A6NM62	[[1732, 1743]]	[[706, 717]]	1
tr|Q5CV26|Q5CV26_CRYPI	Q02040	[[188, 199]]	[[677, 688]]	1
tr|Q5CV26|Q5CV26_CRYPI	Q96S94	[[197, 209]]	[[462, 474]]	1
tr|Q5CV26|Q5CV26_CRYPI	Q13243	[[198, 210]]	[[194, 206]]	1
tr|Q5CV26|Q5CV26_CRYPI	O95218	[[199, 211]]	[[220, 232]]	1
tr|Q5CV26|Q5CV26_CRYPI	P62995	[[203, 213]]	[[45, 55]]	1
tr|Q5CV26|Q5CV26_CRYPI	Q13823	[[2175, 2187]]	[[501, 513]]	1
tr|Q5CV26|Q5CV26_CRYPI	Q9NPC8	[[2236, 2248]]	[[187, 199]]	1
tr|Q5CV27|Q5CV27_CRYPI	Q658L1	[[42, 53]]	[[106, 117]]	1
tr|Q5CV27|Q5CV27_CRYPI	P22459	[[575, 585]]	[[620, 630]]	1
tr|Q5CV30|Q5CV30_CRYPI	Q8NGA0	[[127, 138]]	[[63, 74]]	1
tr|Q5CV31|Q5CV31_CRYPI	O75494	[[279, 291]]	[[170, 182]]	1
tr|Q5CV32|Q5CV32_CRYPI	Q9HCH5	[[233, 242]]	[[788, 797]]	1
tr|Q5CV33|Q5CV33_CRYPI	P36969	[[141, 156]]	[[159, 174]]	1
tr|Q5CV35|Q5CV35_CRYPI	Q9HCJ0	[[120, 133]]	[[964, 977]]	1
tr|Q5CV36|Q5CV36_CRYPI	Q5T1B0	[[2322, 2332]]	[[111, 121]]	1
tr|Q5CV36|Q5CV36_CRYPI	Q6U736	[[2701, 2713]]	[[37, 49]]	1
tr|Q5CV36|Q5CV36_CRYPI	O43548	[[3367, 3377]]	[[477, 487]]	1
tr|Q5CV36|Q5CV36_CRYPI	Q9HB90	[[3744, 3756]]	[[24, 36]]	1
tr|Q5CV36|Q5CV36_CRYPI	P23497	[[3750, 3763]]	[[865, 878]]	1
tr|Q5CV36|Q5CV36_CRYPI	Q8TD26	[[3750, 3761]]	[[1865, 1876]]	1
tr|Q5CV36|Q5CV36_CRYPI	Q9Y4B6	[[3753, 3765]]	[[1404, 1416]]	1
tr|Q5CV36|Q5CV36_CRYPI	P13667	[[3754, 3765]]	[[40, 51]]	1
tr|Q5CV36|Q5CV36_CRYPI	Q5TAH2	[[3794, 3802]]	[[620, 628]]	1
tr|Q5CV36|Q5CV36_CRYPI	A5PL33	[[4350, 4360]]	[[461, 471]]	1
tr|Q5CV36|Q5CV36_CRYPI	O43462	[[4351, 4361]]	[[109, 119]]	1
tr|Q5CV36|Q5CV36_CRYPI	Q13029	[[4355, 4367]]	[[1057, 1069]]	1
tr|Q5CV37|Q5CV37_CRYPI	Q4JDL3	[[639, 650]]	[[289, 300]]	1
tr|Q5CV37|Q5CV37_CRYPI	P23945	[[727, 739]]	[[62, 74]]	1
tr|Q5CV38|Q5CV38_CRYPI	O15439	[[1105, 1118]]	[[811, 824]]	1
tr|Q5CV38|Q5CV38_CRYPI	Q92576	[[1302, 1312]]	[[1395, 1405]]	1
tr|Q5CV38|Q5CV38_CRYPI	O15440	[[1392, 1403]]	[[1222, 1233]]	1
tr|Q5CV38|Q5CV38_CRYPI	Q9UQC2	[[1561, 1573]]	[[449, 461]]	1
tr|Q5CV38|Q5CV38_CRYPI	Q8N573	[[228, 238]]	[[274, 284]]	1
tr|Q5CV38|Q5CV38_CRYPI	P28472	[[367, 375]]	[[90, 98]]	1
tr|Q5CV38|Q5CV38_CRYPI	O14627	[[498, 510]]	[[49, 61]]	1
tr|Q5CV38|Q5CV38_CRYPI	Q5S007	[[638, 651]]	[[1337, 1350]]	1
tr|Q5CV38|Q5CV38_CRYPI	Q92887	[[699, 711]]	[[725, 737]]	1
tr|Q5CV38|Q5CV38_CRYPI	P13569	[[734, 747]]	[[547, 560]]	1
tr|Q5CV39|Q5CV39_CRYPI	Q02224	[[646, 656]]	[[760, 770]]	1
tr|Q5CV39|Q5CV39_CRYPI	Q8WXF8	[[96, 107]]	[[40, 51]]	1
tr|Q5CV40|Q5CV40_CRYPI	O94762	[[428, 441], [166, 179], [452, 465]]	[[318, 331], [71, 84], [342, 355]]	3
tr|Q5CV40|Q5CV40_CRYPI	Q14191	[[258, 274]]	[[665, 681]]	1
tr|Q5CV40|Q5CV40_CRYPI	P54132	[[295, 307], [425, 460]]	[[829, 841], [945, 980]]	2
tr|Q5CV40|Q5CV40_CRYPI	P46063	[[419, 432]]	[[364, 377]]	1
tr|Q5CV40|Q5CV40_CRYPI	Q8WZ42	[[83, 94]]	[[8005, 8016]]	1
tr|Q5CV41|Q5CV41_CRYPI	Q14590	[[825, 836]]	[[160, 171]]	1
tr|Q5CV41|Q5CV41_CRYPI	Q6ZNA1	[[944, 955]]	[[734, 745]]	1
tr|Q5CV42|Q5CV42_CRYPI	Q9HCH3	[[13, 22]]	[[287, 296]]	1
tr|Q5CV44|Q5CV44_CRYPI	Q9UIV1	[[163, 173], [41, 53]]	[[159, 169], [35, 47]]	2
tr|Q5CV44|Q5CV44_CRYPI	Q70CQ4	[[202, 214]]	[[68, 80]]	1
tr|Q5CV44|Q5CV44_CRYPI	Q9UDY8	[[211, 222]]	[[671, 682]]	1
tr|Q5CV44|Q5CV44_CRYPI	Q9UFF9	[[224, 236], [42, 56]]	[[218, 230], [36, 50]]	2
tr|Q5CV46|Q5CV46_CRYPI	O60551	[[111, 132], [151, 167], [176, 203]]	[[181, 202], [221, 237], [246, 273]]	3
tr|Q5CV47|Q5CV47_CRYPI	Q6ZN16	[[1145, 1154]]	[[481, 490]]	1
tr|Q5CV47|Q5CV47_CRYPI	Q15034	[[172, 183]]	[[90, 101]]	1
tr|Q5CV47|Q5CV47_CRYPI	O95714	[[635, 645], [232, 244], [633, 645], [178, 191]]	[[3176, 3186], [4262, 4274], [626, 638], [3165, 3178]]	4
tr|Q5CV47|Q5CV47_CRYPI	O95199	[[235, 247]]	[[273, 285]]	1
tr|Q5CV47|Q5CV47_CRYPI	Q8TD19	[[292, 304]]	[[670, 682]]	1
tr|Q5CV47|Q5CV47_CRYPI	Q7L5D6	[[295, 306]]	[[131, 142]]	1
tr|Q5CV47|Q5CV47_CRYPI	Q5GLZ8	[[54, 65], [508, 521]]	[[98, 109], [157, 170]]	2
tr|Q5CV47|Q5CV47_CRYPI	Q9UGK8	[[509, 521]]	[[17, 29]]	1
tr|Q5CV47|Q5CV47_CRYPI	Q15751	[[636, 648]]	[[4211, 4223]]	1
tr|Q5CV49|Q5CV49_CRYPI	Q9UQ90	[[99, 111]]	[[121, 133]]	1
tr|Q5CV49|Q5CV49_CRYPI	P21675	[[200, 210]]	[[1448, 1458]]	1
tr|Q5CV49|Q5CV49_CRYPI	Q9NUG4	[[47, 58]]	[[213, 224]]	1
tr|Q5CV49|Q5CV49_CRYPI	P0C5Y9	[[76, 87]]	[[7, 18]]	1
tr|Q5CV49|Q5CV49_CRYPI	Q8NEJ9	[[89, 99]]	[[140, 150]]	1
tr|Q5CV49|Q5CV49_CRYPI	Q92688	[[88, 100]]	[[216, 228]]	1
tr|Q5CV49|Q5CV49_CRYPI	Q13438	[[92, 106]]	[[416, 430]]	1
tr|Q5CV51|Q5CV51_CRYPI	Q9NY64	[[11, 20]]	[[448, 457]]	1
tr|Q5CV51|Q5CV51_CRYPI	Q96KN8	[[63, 72]]	[[51, 60]]	1
tr|Q5CV52|Q5CV52_CRYPI	Q07890	[[119, 130]]	[[1200, 1211]]	1
tr|Q5CV53|Q5CV53_CRYPI	Q8N9I9	[[97, 112]]	[[139, 154]]	1
tr|Q5CV53|Q5CV53_CRYPI	Q6P9B9	[[115, 127]]	[[260, 272]]	1
tr|Q5CV53|Q5CV53_CRYPI	Q8NHW3	[[213, 224]]	[[193, 204]]	1
tr|Q5CV53|Q5CV53_CRYPI	Q92570	[[218, 230]]	[[100, 112]]	1
tr|Q5CV53|Q5CV53_CRYPI	Q9H329	[[221, 237]]	[[503, 517]]	1
tr|Q5CV53|Q5CV53_CRYPI	P50222	[[233, 245]]	[[69, 81]]	1
tr|Q5CV53|Q5CV53_CRYPI	Q9Y561	[[244, 252]]	[[472, 480]]	1
tr|Q5CV53|Q5CV53_CRYPI	Q8TF50	[[88, 99]]	[[178, 189]]	1
tr|Q5CV53|Q5CV53_CRYPI	Q6ZMT1	[[88, 100]]	[[69, 81]]	1
tr|Q5CV53|Q5CV53_CRYPI	O94983	[[91, 102]]	[[462, 473]]	1
tr|Q5CV53|Q5CV53_CRYPI	A0MZ66	[[93, 105]]	[[352, 364]]	1
tr|Q5CV53|Q5CV53_CRYPI	A6NJZ7	[[96, 106]]	[[325, 335]]	1
tr|Q5CV53|Q5CV53_CRYPI	Q9C0F0	[[97, 108]]	[[2035, 2046]]	1
tr|Q5CV55|Q5CV55_CRYPI	Q68EM7	[[202, 211]]	[[797, 806]]	1
tr|Q5CV56|Q5CV56_CRYPI	Q9NR09	[[126, 138]]	[[3891, 3903]]	1
tr|Q5CV56|Q5CV56_CRYPI	Q96M20	[[185, 196]]	[[463, 474]]	1
tr|Q5CV56|Q5CV56_CRYPI	Q8NEE6	[[269, 279]]	[[697, 707]]	1
tr|Q5CV56|Q5CV56_CRYPI	Q99570	[[281, 292]]	[[1017, 1028]]	1
tr|Q5CV56|Q5CV56_CRYPI	Q6PCB5	[[435, 447]]	[[256, 268]]	1
tr|Q5CV56|Q5CV56_CRYPI	Q9H172	[[633, 644]]	[[448, 459]]	1
tr|Q5CV57|Q5CV57_CRYPI	P41208	[[132, 144]]	[[66, 78]]	1
tr|Q5CV57|Q5CV57_CRYPI	Q9NPG3	[[612, 622]]	[[678, 688]]	1
tr|Q5CV59|Q5CV59_CRYPI	P51812	[[284, 294]]	[[598, 608]]	1
tr|Q5CV59|Q5CV59_CRYPI	Q9Y2U5	[[75, 86]]	[[465, 476]]	1
tr|Q5CV59|Q5CV59_CRYPI	O43293	[[75, 87]]	[[121, 133]]	1
tr|Q5CV60|Q5CV60_CRYPI	Q9ULZ2	[[266, 277]]	[[5, 16]]	1
tr|Q5CV60|Q5CV60_CRYPI	O43736	[[500, 511]]	[[90, 101]]	1
tr|Q5CV60|Q5CV60_CRYPI	Q08188	[[628, 639]]	[[284, 295]]	1
tr|Q5CV60|Q5CV60_CRYPI	Q9H228	[[67, 78]]	[[307, 318]]	1
tr|Q5CV60|Q5CV60_CRYPI	Q9ULE0	[[794, 806]]	[[397, 409]]	1
tr|Q5CV60|Q5CV60_CRYPI	A6NNS2	[[806, 815]]	[[137, 146]]	1
tr|Q5CV61|Q5CV61_CRYPI	O94972	[[36, 48]]	[[528, 540]]	1
tr|Q5CV61|Q5CV61_CRYPI	O14686	[[431, 441]]	[[4406, 4416]]	1
tr|Q5CV61|Q5CV61_CRYPI	P32241	[[746, 756]]	[[14, 24]]	1
tr|Q5CV62|Q5CV62_CRYPI	O60566	[[159, 170]]	[[448, 459]]	1
tr|Q5CV62|Q5CV62_CRYPI	Q6ZW13	[[2064, 2076]]	[[148, 160]]	1
tr|Q5CV62|Q5CV62_CRYPI	Q66PJ3	[[2066, 2077]]	[[109, 120]]	1
tr|Q5CV62|Q5CV62_CRYPI	A2A2Z9	[[2069, 2080]]	[[279, 290]]	1
tr|Q5CV62|Q5CV62_CRYPI	O15066	[[658, 669]]	[[401, 412]]	1
tr|Q5CV62|Q5CV62_CRYPI	Q9UPU5	[[796, 805]]	[[71, 80]]	1
tr|Q5CV62|Q5CV62_CRYPI	Q8IZU1	[[926, 935]]	[[251, 260]]	1
tr|Q5CV63|Q5CV63_CRYPI	Q9BZE2	[[143, 155]]	[[217, 229]]	1
tr|Q5CV65|Q5CV65_CRYPI	P08240	[[351, 364], [376, 396], [427, 447], [490, 516], [458, 472], [401, 414]]	[[424, 437], [448, 468], [512, 532], [579, 605], [543, 557], [486, 499]]	6
tr|Q5CV66|Q5CV66_CRYPI	Q8NHY6	[[168, 176]]	[[534, 542]]	1
tr|Q5CV66|Q5CV66_CRYPI	Q9ULJ3	[[168, 178]]	[[576, 586]]	1
tr|Q5CV67|Q5CV67_CRYPI	Q01081	[[149, 160]]	[[142, 153]]	1
tr|Q5CV68|Q5CV68_CRYPI	P62805	[[55, 75], [78, 100]]	[[55, 75], [78, 100]]	2
tr|Q5CV70|Q5CV70_CRYPI	P19838	[[21, 33]]	[[70, 82]]	1
tr|Q5CV70|Q5CV70_CRYPI	Q8NC01	[[578, 587]]	[[243, 252]]	1
tr|Q5CV70|Q5CV70_CRYPI	Q5SZL2	[[617, 627]]	[[578, 588]]	1
tr|Q5CV70|Q5CV70_CRYPI	Q9UGU5	[[715, 727]]	[[316, 328]]	1
tr|Q5CV70|Q5CV70_CRYPI	Q7Z6E9	[[717, 729]]	[[1766, 1778]]	1
tr|Q5CV70|Q5CV70_CRYPI	Q12802	[[720, 732]]	[[1758, 1770]]	1
tr|Q5CV72|Q5CV72_CRYPI	O95359	[[295, 305]]	[[2040, 2050]]	1
tr|Q5CV72|Q5CV72_CRYPI	P51587	[[475, 486], [515, 526], [595, 604], [595, 606], [515, 524]]	[[2057, 2068], [2057, 2068], [1977, 1986], [2057, 2068], [1977, 1986]]	5
tr|Q5CV73|Q5CV73_CRYPI	Q659A1	[[167, 178]]	[[194, 205]]	1
tr|Q5CV75|Q5CV75_CRYPI	Q9Y2L1	[[417, 426]]	[[500, 509]]	1
tr|Q5CV75|Q5CV75_CRYPI	Q8IYB7	[[773, 789]]	[[689, 705]]	1
tr|Q5CV76|Q5CV76_CRYPI	Q96QC0	[[116, 125]]	[[408, 417]]	1
tr|Q5CV79|Q5CV79_CRYPI	Q9UJT0	[[157, 168]]	[[215, 226]]	1
tr|Q5CV80|Q5CV80_CRYPI	Q96PN7	[[245, 256]]	[[259, 270]]	1
tr|Q5CV80|Q5CV80_CRYPI	Q9HAV4	[[91, 100]]	[[1134, 1143]]	1
tr|Q5CV81|Q5CV81_CRYPI	Q8IZF6	[[19, 30]]	[[2916, 2927]]	1
tr|Q5CV85|Q5CV85_CRYPI	Q08999	[[19, 28]]	[[301, 310]]	1
tr|Q5CV87|Q5CV87_CRYPI	Q6NSI3	[[211, 220]]	[[305, 314]]	1
tr|Q5CV87|Q5CV87_CRYPI	Q5H9L4	[[226, 238]]	[[334, 346]]	1
tr|Q5CV87|Q5CV87_CRYPI	Q969K3	[[230, 242]]	[[223, 235]]	1
tr|Q5CV87|Q5CV87_CRYPI	P19338	[[232, 243]]	[[240, 251]]	1
tr|Q5CV87|Q5CV87_CRYPI	Q92973	[[234, 247]]	[[362, 375]]	1
tr|Q5CV90|Q5CV90_CRYPI	Q32M45	[[355, 365]]	[[55, 65]]	1
tr|Q5CV90|Q5CV90_CRYPI	Q8TD57	[[713, 725]]	[[512, 524]]	1
tr|Q5CV91|Q5CV91_CRYPI	P49760	[[294, 306]]	[[111, 123]]	1
tr|Q5CV92|Q5CV92_CRYPI	Q9BXL5	[[250, 259]]	[[71, 80]]	1
tr|Q5CV92|Q5CV92_CRYPI	O94761	[[482, 494]]	[[499, 511]]	1
tr|Q5CV92|Q5CV92_CRYPI	Q14191	[[511, 523], [602, 617], [483, 497]]	[[593, 605], [666, 681], [569, 583]]	3
tr|Q5CV92|Q5CV92_CRYPI	P46063	[[514, 524]]	[[138, 148]]	1
tr|Q5CV92|Q5CV92_CRYPI	O94762	[[606, 618], [805, 817]]	[[159, 171], [313, 325]]	2
tr|Q5CV93|Q5CV93_CRYPI	Q0JRZ9	[[1096, 1108]]	[[508, 520]]	1
tr|Q5CV93|Q5CV93_CRYPI	Q13029	[[1114, 1127]]	[[1055, 1068]]	1
tr|Q5CV93|Q5CV93_CRYPI	Q9Y620	[[329, 341]]	[[526, 538]]	1
tr|Q5CV93|Q5CV93_CRYPI	Q9UPN3	[[748, 760]]	[[7312, 7324]]	1
tr|Q5CV94|Q5CV94_CRYPI	Q7Z6M4	[[126, 136]]	[[346, 356]]	1
tr|Q5CV94|Q5CV94_CRYPI	Q9UBS4	[[179, 190]]	[[36, 47]]	1
tr|Q5CV94|Q5CV94_CRYPI	Q9UDY4	[[181, 192]]	[[17, 28]]	1
tr|Q5CV94|Q5CV94_CRYPI	P25686	[[182, 192]]	[[17, 27]]	1
tr|Q5CV95|Q5CV95_CRYPI	Q5T5C0	[[171, 185]]	[[211, 225]]	1
tr|Q5CV96|Q5CV96_CRYPI	Q504Q3	[[1784, 1801], [1010, 1021]]	[[1036, 1053], [549, 560]]	2
tr|Q5CV96|Q5CV96_CRYPI	P82987	[[1458, 1467]]	[[1662, 1671]]	1
tr|Q5CV99|Q5CV99_CRYPI	Q02447	[[165, 176]]	[[17, 28]]	1
tr|Q5CV99|Q5CV99_CRYPI	O75179	[[166, 177]]	[[93, 104]]	1
tr|Q5CV99|Q5CV99_CRYPI	Q9HCJ5	[[167, 179]]	[[27, 39]]	1
tr|Q5CV99|Q5CV99_CRYPI	P35637	[[168, 180]]	[[222, 234]]	1
tr|Q5CV99|Q5CV99_CRYPI	O15405	[[315, 327]]	[[554, 566]]	1
tr|Q5CV99|Q5CV99_CRYPI	P01042	[[352, 363]]	[[492, 503]]	1
tr|Q5CV99|Q5CV99_CRYPI	P33527	[[380, 391]]	[[415, 426]]	1
tr|Q5CVA1|Q5CVA1_CRYPI	Q9BSG5	[[1492, 1504]]	[[217, 229]]	1
tr|Q5CVA1|Q5CVA1_CRYPI	Q99932	[[1496, 1511]]	[[169, 184]]	1
tr|Q5CVA1|Q5CVA1_CRYPI	Q8N7U7	[[1502, 1511]]	[[306, 315]]	1
tr|Q5CVA1|Q5CVA1_CRYPI	Q15768	[[1765, 1777]]	[[272, 284]]	1
tr|Q5CVA1|Q5CVA1_CRYPI	Q96IK1	[[1790, 1801]]	[[23, 34]]	1
tr|Q5CVA1|Q5CVA1_CRYPI	Q2VWA4	[[2117, 2128]]	[[361, 372]]	1
tr|Q5CVA1|Q5CVA1_CRYPI	Q96RK0	[[2143, 2153]]	[[1700, 1710]]	1
tr|Q5CVA1|Q5CVA1_CRYPI	Q8NE35	[[2152, 2164]]	[[271, 282]]	1
tr|Q5CVA1|Q5CVA1_CRYPI	P0DTL6	[[2154, 2163]]	[[22, 31]]	1
tr|Q5CVA1|Q5CVA1_CRYPI	P48431	[[2156, 2168]]	[[141, 153]]	1
tr|Q5CVA1|Q5CVA1_CRYPI	P0CG23	[[2351, 2363]]	[[218, 230]]	1
tr|Q5CVA1|Q5CVA1_CRYPI	Q92932	[[299, 308]]	[[867, 876]]	1
tr|Q5CVA1|Q5CVA1_CRYPI	P17509	[[940, 952]]	[[134, 146]]	1
tr|Q5CVA2|Q5CVA2_CRYPI	Q9ULD9	[[219, 231]]	[[166, 178]]	1
tr|Q5CVA4|Q5CVA4_CRYPI	Q9C0F1	[[250, 261]]	[[293, 304]]	1
tr|Q5CVA4|Q5CVA4_CRYPI	Q9NXL2	[[517, 529]]	[[97, 109]]	1
tr|Q5CVA4|Q5CVA4_CRYPI	Q92736	[[747, 756]]	[[3701, 3710]]	1
tr|Q5CVA4|Q5CVA4_CRYPI	Q9UQL6	[[747, 758]]	[[589, 600]]	1
tr|Q5CVA4|Q5CVA4_CRYPI	O95751	[[747, 759]]	[[133, 145]]	1
tr|Q5CVA4|Q5CVA4_CRYPI	Q92973	[[749, 761]]	[[357, 369]]	1
tr|Q5CVA4|Q5CVA4_CRYPI	Q13029	[[750, 762]]	[[275, 287]]	1
tr|Q5CVA5|Q5CVA5_CRYPI	O60337	[[295, 306]]	[[29, 40]]	1
tr|Q5CVA6|Q5CVA6_CRYPI	Q99437	[[115, 125]]	[[140, 150]]	1
tr|Q5CVA7|Q5CVA7_CRYPI	Q96QE3	[[1082, 1092]]	[[1258, 1268]]	1
tr|Q5CVA7|Q5CVA7_CRYPI	Q86U17	[[147, 158]]	[[223, 234]]	1
tr|Q5CVA7|Q5CVA7_CRYPI	Q9UKN8	[[24, 36]]	[[481, 493]]	1
tr|Q5CVA7|Q5CVA7_CRYPI	P08575	[[341, 351]]	[[350, 360]]	1
tr|Q5CVA7|Q5CVA7_CRYPI	Q5JVF3	[[619, 627]]	[[176, 184]]	1
tr|Q5CVA8|Q5CVA8_CRYPI	Q8TD57	[[1443, 1454]]	[[4032, 4043]]	1
tr|Q5CVA9|Q5CVA9_CRYPI	Q99873	[[59, 88], [165, 177], [32, 48], [127, 143]]	[[82, 111], [188, 200], [55, 71], [150, 166]]	4
tr|Q5CVB0|Q5CVB0_CRYPI	Q9UHL0	[[315, 329], [121, 138]]	[[303, 317], [106, 123]]	2
tr|Q5CVB0|Q5CVB0_CRYPI	Q9NUU7	[[319, 331], [455, 471], [127, 143]]	[[301, 313], [417, 433], [106, 122]]	3
tr|Q5CVB0|Q5CVB0_CRYPI	Q7L014	[[226, 238]]	[[494, 506]]	1
tr|Q5CVB0|Q5CVB0_CRYPI	Q8NHQ9	[[413, 424]]	[[324, 335]]	1
tr|Q5CVB0|Q5CVB0_CRYPI	P38919	[[421, 433]]	[[341, 353]]	1
tr|Q5CVB1|Q5CVB1_CRYPI	Q12768	[[228, 240]]	[[890, 902]]	1
tr|Q5CVB1|Q5CVB1_CRYPI	Q9UBC5	[[29, 40]]	[[836, 847]]	1
tr|Q5CVB3|Q5CVB3_CRYPI	Q13905	[[150, 158]]	[[672, 680]]	1
tr|Q5CVB3|Q5CVB3_CRYPI	P49591	[[245, 259], [289, 301], [267, 281]]	[[266, 280], [310, 322], [288, 302]]	3
tr|Q5CVB3|Q5CVB3_CRYPI	Q7Z5M5	[[48, 57]]	[[345, 354]]	1
tr|Q5CVB4|Q5CVB4_CRYPI	Q9UL54	[[355, 367]]	[[373, 385]]	1
tr|Q5CVB4|Q5CVB4_CRYPI	Q5JTH9	[[357, 375]]	[[1078, 1090]]	1
tr|Q5CVB4|Q5CVB4_CRYPI	P38570	[[360, 372]]	[[183, 195]]	1
tr|Q5CVB4|Q5CVB4_CRYPI	Q8WYR1	[[370, 382]]	[[319, 331]]	1
tr|Q5CVB4|Q5CVB4_CRYPI	Q13206	[[371, 382]]	[[582, 593]]	1
tr|Q5CVB4|Q5CVB4_CRYPI	Q5T3I0	[[585, 596]]	[[235, 246]]	1
tr|Q5CVB5|Q5CVB5_CRYPI	Q06520	[[225, 234]]	[[222, 231]]	1
tr|Q5CVB5|Q5CVB5_CRYPI	A0A0X1KG70	[[7, 16]]	[[27, 36]]	1
tr|Q5CVC1|Q5CVC1_CRYPI	Q9H5J4	[[171, 183]]	[[138, 150]]	1
tr|Q5CVC1|Q5CVC1_CRYPI	A1L3X0	[[77, 88]]	[[51, 62]]	1
tr|Q5CVC2|Q5CVC2_CRYPI	P28370	[[939, 954], [1012, 1024]]	[[514, 529], [587, 599]]	2
tr|Q5CVC2|Q5CVC2_CRYPI	Q9UPU5	[[1380, 1392]]	[[1781, 1793]]	1
tr|Q5CVC2|Q5CVC2_CRYPI	Q8IYW5	[[1514, 1526]]	[[163, 175]]	1
tr|Q5CVC2|Q5CVC2_CRYPI	Q15154	[[2044, 2054]]	[[1100, 1110]]	1
tr|Q5CVC2|Q5CVC2_CRYPI	P17017	[[22, 33]]	[[587, 598]]	1
tr|Q5CVC2|Q5CVC2_CRYPI	P51522	[[23, 32]]	[[150, 159]]	1
tr|Q5CVC2|Q5CVC2_CRYPI	Q8TD26	[[509, 520]]	[[622, 633]]	1
tr|Q5CVC2|Q5CVC2_CRYPI	Q6ZRS2	[[510, 521]]	[[771, 782]]	1
tr|Q5CVC2|Q5CVC2_CRYPI	O14646	[[986, 998], [512, 528]]	[[863, 875], [641, 657]]	2
tr|Q5CVC2|Q5CVC2_CRYPI	O43918	[[78, 90]]	[[310, 322]]	1
tr|Q5CVC2|Q5CVC2_CRYPI	O60264	[[938, 950]]	[[510, 522]]	1
tr|Q5CVC2|Q5CVC2_CRYPI	Q9P2D1	[[983, 996]]	[[1362, 1375]]	1
tr|Q5CVC2|Q5CVC2_CRYPI	Q9H4L7	[[988, 1000]]	[[930, 942]]	1
tr|Q5CVC3|Q5CVC3_CRYPI	Q96QH8	[[33, 41]]	[[71, 79]]	1
tr|Q5CVC6|Q5CVC6_CRYPI	Q8TBZ0	[[181, 192]]	[[480, 491]]	1
tr|Q5CVD1|Q5CVD1_CRYPI	Q86SQ7	[[1407, 1417]]	[[121, 131]]	1
tr|Q5CVD1|Q5CVD1_CRYPI	Q8TC21	[[1475, 1487]]	[[6, 18]]	1
tr|Q5CVD1|Q5CVD1_CRYPI	Q99759	[[630, 641]]	[[343, 354]]	1
tr|Q5CVD1|Q5CVD1_CRYPI	Q6PI25	[[698, 706]]	[[98, 106]]	1
tr|Q5CVD2|Q5CVD2_CRYPI	O15405	[[158, 169]]	[[557, 568]]	1
tr|Q5CVD2|Q5CVD2_CRYPI	Q96MM7	[[162, 176]]	[[534, 548]]	1
tr|Q5CVD2|Q5CVD2_CRYPI	Q92504	[[203, 216], [202, 213], [211, 222], [211, 226], [232, 242]]	[[72, 85], [104, 115], [55, 66], [242, 252], [242, 252]]	5
tr|Q5CVD2|Q5CVD2_CRYPI	Q5JU85	[[205, 217]]	[[1240, 1252]]	1
tr|Q5CVD2|Q5CVD2_CRYPI	Q9ULF5	[[207, 226], [229, 246]]	[[472, 483], [472, 483]]	2
tr|Q5CVD2|Q5CVD2_CRYPI	P01042	[[231, 243]]	[[492, 504]]	1
tr|Q5CVD2|Q5CVD2_CRYPI	P50458	[[32, 42]]	[[103, 113]]	1
tr|Q5CVD2|Q5CVD2_CRYPI	Q5TF21	[[585, 597]]	[[231, 243]]	1
tr|Q5CVD2|Q5CVD2_CRYPI	Q2M3V2	[[688, 699]]	[[0, 11]]	1
tr|Q5CVD2|Q5CVD2_CRYPI	Q9BQ04	[[696, 708]]	[[232, 244]]	1
tr|Q5CVD3|Q5CVD3_CRYPI	P42356	[[973, 985]]	[[1965, 1977]]	1
tr|Q5CVD4|Q5CVD4_CRYPI	Q01344	[[411, 421]]	[[135, 145]]	1
tr|Q5CVD5|Q5CVD5_CRYPI	O75443	[[122, 130]]	[[55, 63]]	1
tr|Q5CVD5|Q5CVD5_CRYPI	A0A494C1I1	[[385, 397]]	[[28, 40]]	1
tr|Q5CVD5|Q5CVD5_CRYPI	P20908	[[477, 487], [429, 439], [425, 437], [455, 465]]	[[1320, 1330], [959, 969], [685, 697], [1320, 1330]]	4
tr|Q5CVD5|Q5CVD5_CRYPI	Q86Y22	[[426, 438], [454, 466]]	[[319, 331], [319, 331]]	2
tr|Q5CVD5|Q5CVD5_CRYPI	Q96A83	[[427, 439], [477, 489]]	[[313, 325], [313, 325]]	2
tr|Q5CVD5|Q5CVD5_CRYPI	P39060	[[428, 440]]	[[1400, 1412]]	1
tr|Q5CVD5|Q5CVD5_CRYPI	Q9UMD9	[[455, 467]]	[[859, 871]]	1
tr|Q5CVD5|Q5CVD5_CRYPI	P50552	[[512, 523]]	[[168, 179]]	1
tr|Q5CVD5|Q5CVD5_CRYPI	Q9HD15	[[514, 528]]	[[59, 73]]	1
tr|Q5CVD7|Q5CVD7_CRYPI	Q8N7X0	[[16, 26]]	[[1403, 1413]]	1
tr|Q5CVD7|Q5CVD7_CRYPI	Q6P7N7	[[252, 264]]	[[6, 18]]	1
tr|Q5CVD7|Q5CVD7_CRYPI	P11215	[[322, 333]]	[[863, 874]]	1
tr|Q5CVD7|Q5CVD7_CRYPI	Q16819	[[516, 528]]	[[729, 741]]	1
tr|Q5CVD8|Q5CVD8_CRYPI	P20042	[[150, 161]]	[[270, 281]]	1
tr|Q5CVD8|Q5CVD8_CRYPI	Q4ADV7	[[193, 203]]	[[1310, 1320]]	1
tr|Q5CVD9|Q5CVD9_CRYPI	Q8IYH5	[[108, 120]]	[[357, 369]]	1
tr|Q5CVE1|Q5CVE1_CRYPI	O75764	[[303, 315]]	[[318, 330]]	1
tr|Q5CVE1|Q5CVE1_CRYPI	Q9Y2Y1	[[306, 319]]	[[80, 93]]	1
tr|Q5CVE1|Q5CVE1_CRYPI	P23193	[[309, 331]]	[[277, 299]]	1
tr|Q5CVE3|Q5CVE3_CRYPI	Q13573	[[154, 172]]	[[243, 261]]	1
tr|Q5CVE4|Q5CVE4_CRYPI	Q7LGC8	[[240, 252]]	[[82, 94]]	1
tr|Q5CVE4|Q5CVE4_CRYPI	Q32M45	[[330, 341]]	[[932, 943]]	1
tr|Q5CVE4|Q5CVE4_CRYPI	Q712K3	[[363, 375]]	[[212, 224]]	1
tr|Q5CVE4|Q5CVE4_CRYPI	P06454	[[424, 436], [369, 381]]	[[65, 77], [70, 82]]	2
tr|Q5CVE4|Q5CVE4_CRYPI	Q8IZL8	[[371, 383]]	[[904, 916]]	1
tr|Q5CVE4|Q5CVE4_CRYPI	Q9HAW4	[[373, 385]]	[[624, 636]]	1
tr|Q5CVE4|Q5CVE4_CRYPI	Q9NY27	[[377, 389]]	[[298, 310]]	1
tr|Q5CVE4|Q5CVE4_CRYPI	Q8WYB5	[[379, 391]]	[[1073, 1085]]	1
tr|Q5CVE4|Q5CVE4_CRYPI	Q14028	[[381, 393]]	[[354, 366]]	1
tr|Q5CVE4|Q5CVE4_CRYPI	Q9Y3S2	[[406, 416]]	[[279, 289]]	1
tr|Q5CVE4|Q5CVE4_CRYPI	A0A1W2PR82	[[422, 432]]	[[41, 51]]	1
tr|Q5CVE4|Q5CVE4_CRYPI	P07199	[[422, 434]]	[[413, 425]]	1
tr|Q5CVE4|Q5CVE4_CRYPI	P0DMR3	[[429, 441]]	[[24, 36]]	1
tr|Q5CVE4|Q5CVE4_CRYPI	O75923	[[760, 770]]	[[318, 328]]	1
tr|Q5CVE4|Q5CVE4_CRYPI	Q7Z2Y8	[[834, 844]]	[[1393, 1403]]	1
tr|Q5CVE5|Q5CVE5_CRYPI	P62244	[[98, 114], [73, 85], [54, 68]]	[[91, 107], [66, 78], [47, 61]]	3
tr|Q5CVE6|Q5CVE6_CRYPI	P18124	[[208, 220]]	[[207, 219]]	1
tr|Q5CVE6|Q5CVE6_CRYPI	Q9Y2U5	[[37, 49]]	[[62, 74]]	1
tr|Q5CVE7|Q5CVE7_CRYPI	O94782	[[116, 126]]	[[87, 97]]	1
tr|Q5CVE7|Q5CVE7_CRYPI	Q9P2H5	[[116, 128]]	[[447, 459]]	1
tr|Q5CVE7|Q5CVE7_CRYPI	Q9P2E3	[[242, 251]]	[[1157, 1166]]	1
tr|Q5CVE7|Q5CVE7_CRYPI	Q9P275	[[268, 280]]	[[263, 275]]	1
tr|Q5CVE7|Q5CVE7_CRYPI	Q93008	[[323, 336]]	[[1787, 1800]]	1
tr|Q5CVE7|Q5CVE7_CRYPI	Q9UMW8	[[407, 417]]	[[326, 336]]	1
tr|Q5CVE7|Q5CVE7_CRYPI	P54136	[[60, 68]]	[[473, 481]]	1
tr|Q5CVE8|Q5CVE8_CRYPI	P22087	[[194, 223], [238, 263], [272, 296], [137, 186], [64, 81], [107, 131], [224, 237]]	[[213, 242], [257, 282], [291, 315], [156, 205], [85, 102], [126, 150], [243, 256]]	7
tr|Q5CVE8|Q5CVE8_CRYPI	Q9NY12	[[45, 56], [11, 27], [29, 38]]	[[168, 179], [173, 191], [176, 185]]	3
tr|Q5CVE8|Q5CVE8_CRYPI	A6NHQ2	[[82, 101], [213, 234]]	[[115, 134], [244, 265]]	2
tr|Q5CVE8|Q5CVE8_CRYPI	Q9P1Z0	[[23, 45]]	[[880, 891]]	1
tr|Q5CVE8|Q5CVE8_CRYPI	Q53LP3	[[36, 49]]	[[227, 240]]	1
tr|Q5CVE8|Q5CVE8_CRYPI	Q8ND56	[[41, 52]]	[[418, 429]]	1
tr|Q5CVE8|Q5CVE8_CRYPI	O43390	[[43, 54]]	[[499, 510]]	1
tr|Q5CVE8|Q5CVE8_CRYPI	P35637	[[43, 55]]	[[241, 253]]	1
tr|Q5CVE8|Q5CVE8_CRYPI	P19338	[[44, 55]]	[[664, 675]]	1
tr|Q5CVE8|Q5CVE8_CRYPI	Q52LJ0	[[46, 58]]	[[340, 352]]	1
tr|Q5CVE8|Q5CVE8_CRYPI	F5H4A9	[[8, 18]]	[[162, 172]]	1
tr|Q5CVE9|Q5CVE9_CRYPI	Q9Y4X5	[[108, 118]]	[[533, 543]]	1
tr|Q5CVF2|Q5CVF2_CRYPI	Q2YD98	[[69, 79]]	[[278, 288]]	1
tr|Q5CVF3|Q5CVF3_CRYPI	Q8TCB7	[[12, 34]]	[[39, 61]]	1
tr|Q5CVF3|Q5CVF3_CRYPI	Q96IZ6	[[189, 200]]	[[287, 298]]	1
tr|Q5CVF3|Q5CVF3_CRYPI	Q6P1Q9	[[190, 205]]	[[288, 303]]	1
tr|Q5CVF3|Q5CVF3_CRYPI	Q9NUY8	[[249, 259]]	[[617, 627]]	1
tr|Q5CVF5|Q5CVF5_CRYPI	Q15393	[[1263, 1281], [232, 249], [339, 351], [421, 432], [102, 147], [1067, 1079], [173, 186]]	[[1162, 1180], [234, 251], [344, 356], [426, 437], [101, 146], [967, 979], [170, 183]]	7
tr|Q5CVF6|Q5CVF6_CRYPI	Q13115	[[172, 182]]	[[301, 311]]	1
tr|Q5CVF6|Q5CVF6_CRYPI	Q4KMQ1	[[663, 675]]	[[600, 612]]	1
tr|Q5CVF6|Q5CVF6_CRYPI	Q9P1Z9	[[666, 677]]	[[770, 781]]	1
tr|Q5CVF6|Q5CVF6_CRYPI	Q14160	[[667, 676]]	[[657, 666]]	1
tr|Q5CVF6|Q5CVF6_CRYPI	Q9UN42	[[668, 677]]	[[59, 68]]	1
tr|Q5CVF6|Q5CVF6_CRYPI	Q9NYB0	[[669, 678]]	[[297, 306]]	1
tr|Q5CVF6|Q5CVF6_CRYPI	Q9Y2X3	[[670, 679]]	[[468, 477]]	1
tr|Q5CVF6|Q5CVF6_CRYPI	Q2LD37	[[98, 109]]	[[2639, 2650]]	1
tr|Q5CVF7|Q5CVF7_CRYPI	Q6PI47	[[198, 209]]	[[337, 348]]	1
tr|Q5CVF9|Q5CVF9_CRYPI	Q9NRC6	[[293, 303]]	[[3426, 3436]]	1
tr|Q5CVF9|Q5CVF9_CRYPI	Q14683	[[704, 716]]	[[38, 50]]	1
tr|Q5CVG0|Q5CVG0_CRYPI	O15397	[[169, 181]]	[[521, 533]]	1
tr|Q5CVG1|Q5CVG1_CRYPI	Q9UPT8	[[211, 223]]	[[502, 514]]	1
tr|Q5CVG2|Q5CVG2_CRYPI	Q14123	[[606, 617]]	[[609, 620]]	1
tr|Q5CVG2|Q5CVG2_CRYPI	P35716	[[662, 673]]	[[221, 232]]	1
tr|Q5CVG2|Q5CVG2_CRYPI	Q15029	[[665, 676]]	[[36, 47]]	1
tr|Q5CVG2|Q5CVG2_CRYPI	P0DME0	[[666, 676]]	[[245, 255]]	1
tr|Q5CVG2|Q5CVG2_CRYPI	Q9H4A6	[[669, 679]]	[[47, 57]]	1
tr|Q5CVG4|Q5CVG4_CRYPI	Q7Z460	[[317, 327]]	[[28, 38]]	1
tr|Q5CVG5|Q5CVG5_CRYPI	Q9UKL0	[[14, 26]]	[[105, 117]]	1
tr|Q5CVG5|Q5CVG5_CRYPI	Q13029	[[49, 61]]	[[1060, 1072]]	1
tr|Q5CVG6|Q5CVG6_CRYPI	Q15629	[[65, 76]]	[[151, 162]]	1
tr|Q5CVG8|Q5CVG8_CRYPI	Q92620	[[103, 115]]	[[589, 601]]	1
tr|Q5CVG8|Q5CVG8_CRYPI	Q14562	[[117, 129]]	[[636, 648]]	1
tr|Q5CVG8|Q5CVG8_CRYPI	O43143	[[295, 305], [322, 337], [409, 419], [475, 488], [566, 578], [630, 672], [159, 185], [136, 151]]	[[384, 394], [410, 425], [497, 507], [563, 576], [649, 661], [707, 749], [253, 279], [230, 245]]	8
tr|Q5CVG8|Q5CVG8_CRYPI	O60231	[[91, 104], [217, 231], [420, 434]]	[[445, 458], [565, 579], [761, 775]]	3
tr|Q5CVG8|Q5CVG8_CRYPI	Q9H6R0	[[326, 341]]	[[347, 362]]	1
tr|Q5CVG8|Q5CVG8_CRYPI	Q14147	[[331, 344]]	[[438, 451]]	1
tr|Q5CVG8|Q5CVG8_CRYPI	Q9H2U1	[[373, 386]]	[[591, 604]]	1
tr|Q5CVG8|Q5CVG8_CRYPI	Q8IYD8	[[379, 391]]	[[571, 583]]	1
tr|Q5CVG8|Q5CVG8_CRYPI	Q9H5Z1	[[391, 403]]	[[400, 412]]	1
tr|Q5CVG8|Q5CVG8_CRYPI	Q6ZWB6	[[632, 640]]	[[216, 224]]	1
tr|Q5CVG8|Q5CVG8_CRYPI	Q9H6S0	[[69, 82]]	[[216, 229]]	1
tr|Q5CVG8|Q5CVG8_CRYPI	Q08211	[[73, 85]]	[[415, 427]]	1
tr|Q5CVH0|Q5CVH0_CRYPI	O60336	[[255, 267]]	[[413, 425]]	1
tr|Q5CVH1|Q5CVH1_CRYPI	A8MV65	[[1000, 1012]]	[[64, 76]]	1
tr|Q5CVH1|Q5CVH1_CRYPI	Q52MB2	[[1001, 1013]]	[[135, 147]]	1
tr|Q5CVH1|Q5CVH1_CRYPI	Q16676	[[1524, 1534]]	[[66, 76]]	1
tr|Q5CVH1|Q5CVH1_CRYPI	O75054	[[1526, 1536]]	[[1015, 1025]]	1
tr|Q5CVH1|Q5CVH1_CRYPI	Q8IX15	[[1526, 1539]]	[[533, 546]]	1
tr|Q5CVH1|Q5CVH1_CRYPI	O94763	[[1530, 1542]]	[[304, 316]]	1
tr|Q5CVH1|Q5CVH1_CRYPI	P09429	[[999, 1010]]	[[189, 200]]	1
tr|Q5CVH2|Q5CVH2_CRYPI	O43242	[[301, 311]]	[[285, 295]]	1
tr|Q5CVH3|Q5CVH3_CRYPI	P62273	[[21, 51]]	[[13, 43]]	1
tr|Q5CVH4|Q5CVH4_CRYPI	Q96PC3	[[93, 106], [127, 141], [27, 39], [75, 86]]	[[74, 87], [108, 122], [8, 20], [56, 67]]	4
tr|Q5CVH4|Q5CVH4_CRYPI	P53680	[[30, 39]]	[[11, 20]]	1
tr|Q5CVH5|Q5CVH5_CRYPI	Q6ZS30	[[537, 549]]	[[1173, 1185]]	1
tr|Q5CVH5|Q5CVH5_CRYPI	Q9HC84	[[769, 778]]	[[3280, 3289]]	1
tr|Q5CVH6|Q5CVH6_CRYPI	Q05519	[[557, 567]]	[[267, 277]]	1
tr|Q5CVH7|Q5CVH7_CRYPI	Q9H583	[[310, 320]]	[[583, 593]]	1
tr|Q5CVH7|Q5CVH7_CRYPI	P12081	[[826, 838], [535, 574], [596, 632], [680, 693]]	[[382, 394], [86, 125], [147, 183], [229, 242]]	4
tr|Q5CVH7|Q5CVH7_CRYPI	P49590	[[771, 793], [563, 589], [797, 816]]	[[319, 341], [115, 141], [352, 371]]	3
tr|Q5CVH7|Q5CVH7_CRYPI	Q14565	[[705, 717]]	[[60, 72]]	1
tr|Q5CVH8|Q5CVH8_CRYPI	Q9H582	[[1181, 1191]]	[[266, 276]]	1
tr|Q5CVH8|Q5CVH8_CRYPI	Q13099	[[23, 34]]	[[716, 727]]	1
tr|Q5CVH8|Q5CVH8_CRYPI	P01880	[[641, 653], [557, 567], [591, 601], [622, 634]]	[[143, 155], [145, 155], [145, 155], [143, 155]]	4
tr|Q5CVH8|Q5CVH8_CRYPI	Q6NWY9	[[592, 602], [558, 572]]	[[471, 481], [471, 485]]	2
tr|Q5CVH8|Q5CVH8_CRYPI	Q9HD67	[[647, 656], [609, 620], [561, 574], [628, 639], [578, 589]]	[[832, 841], [832, 843], [832, 845], [832, 843], [832, 843]]	5
tr|Q5CVH8|Q5CVH8_CRYPI	Q9NWH9	[[653, 665], [652, 663], [566, 576], [567, 579]]	[[644, 656], [684, 695], [684, 694], [644, 656]]	4
tr|Q5CVH8|Q5CVH8_CRYPI	Q9UL16	[[616, 628], [598, 610], [566, 578], [635, 646]]	[[356, 368], [356, 368], [356, 368], [356, 367]]	4
tr|Q5CVH8|Q5CVH8_CRYPI	Q14028	[[571, 582]]	[[348, 359]]	1
tr|Q5CVH8|Q5CVH8_CRYPI	Q9UN42	[[573, 584]]	[[58, 69]]	1
tr|Q5CVH8|Q5CVH8_CRYPI	P54259	[[611, 622], [630, 641], [580, 591]]	[[812, 823], [812, 823], [812, 823]]	3
tr|Q5CVH8|Q5CVH8_CRYPI	O75376	[[581, 590], [612, 621]]	[[1720, 1729], [1720, 1729]]	2
tr|Q5CVH8|Q5CVH8_CRYPI	P53805	[[592, 604]]	[[220, 232]]	1
tr|Q5CVH8|Q5CVH8_CRYPI	Q96KM6	[[595, 605]]	[[576, 586]]	1
tr|Q5CVH8|Q5CVH8_CRYPI	Q9H3P7	[[595, 608]]	[[199, 212]]	1
tr|Q5CVH8|Q5CVH8_CRYPI	Q5CZC0	[[606, 617]]	[[5744, 5755]]	1
tr|Q5CVH8|Q5CVH8_CRYPI	P51826	[[795, 806]]	[[665, 676]]	1
tr|Q5CVH8|Q5CVH8_CRYPI	Q58F21	[[797, 809]]	[[637, 649]]	1
tr|Q5CVI0|Q5CVI0_CRYPI	Q9H0K6	[[152, 162]]	[[540, 550]]	1
tr|Q5CVI2|Q5CVI2_CRYPI	Q6WCQ1	[[365, 376]]	[[748, 759]]	1
tr|Q5CVI2|Q5CVI2_CRYPI	P20585	[[583, 594]]	[[892, 903]]	1
tr|Q5CVI2|Q5CVI2_CRYPI	P43246	[[696, 709], [666, 687], [583, 595], [604, 614]]	[[778, 791], [748, 769], [665, 677], [686, 696]]	4
tr|Q5CVI2|Q5CVI2_CRYPI	P52701	[[664, 676]]	[[1211, 1223]]	1
tr|Q5CVI3|Q5CVI3_CRYPI	Q9NR50	[[39, 51]]	[[28, 40]]	1
tr|Q5CVI4|Q5CVI4_CRYPI	O00462	[[159, 170]]	[[125, 136]]	1
tr|Q5CVI6|Q5CVI6_CRYPI	Q8NDX2	[[251, 262]]	[[250, 261]]	1
tr|Q5CVI7|Q5CVI7_CRYPI	O00148	[[404, 417], [83, 103], [267, 282], [253, 266], [173, 185], [238, 250], [380, 396]]	[[399, 412], [80, 100], [262, 277], [248, 261], [168, 180], [233, 245], [375, 391]]	7
tr|Q5CVI7|Q5CVI7_CRYPI	Q13838	[[410, 422], [221, 264]]	[[406, 418], [217, 260]]	2
tr|Q5CVI7|Q5CVI7_CRYPI	Q8IXL6	[[234, 242]]	[[335, 343]]	1
tr|Q5CVI8|Q5CVI8_CRYPI	Q96PB1	[[586, 596]]	[[323, 333]]	1
tr|Q5CVJ1|Q5CVJ1_CRYPI	P27105	[[469, 479]]	[[158, 168]]	1
tr|Q5CVJ2|Q5CVJ2_CRYPI	Q9Y385	[[118, 137], [80, 90]]	[[76, 95], [38, 48]]	2
tr|Q5CVJ2|Q5CVJ2_CRYPI	Q6UXB8	[[27, 39]]	[[335, 347]]	1
tr|Q5CVJ9|Q5CVJ9_CRYPI	Q9H665	[[128, 140]]	[[171, 183]]	1
tr|Q5CVK0|Q5CVK0_CRYPI	P31689	[[331, 344], [236, 248]]	[[298, 311], [203, 215]]	2
tr|Q5CVK0|Q5CVK0_CRYPI	O60884	[[339, 351]]	[[315, 327]]	1
tr|Q5CVK0|Q5CVK0_CRYPI	Q8IY22	[[46, 55]]	[[380, 389]]	1
tr|Q5CVK0|Q5CVK0_CRYPI	Q9UBS4	[[83, 95]]	[[72, 84]]	1
tr|Q5CVK0|Q5CVK0_CRYPI	Q9UDY4	[[92, 104]]	[[59, 71]]	1
tr|Q5CVK5|Q5CVK5_CRYPI	Q9UJX0	[[119, 128]]	[[343, 352]]	1
tr|Q5CVK6|Q5CVK6_CRYPI	Q5T8D3	[[242, 251]]	[[8, 17]]	1
tr|Q5CVK8|Q5CVK8_CRYPI	P83876	[[119, 142], [56, 74], [80, 101], [6, 22]]	[[119, 142], [56, 74], [80, 101], [6, 22]]	4
tr|Q5CVK9|Q5CVK9_CRYPI	O00763	[[2152, 2164], [409, 419], [373, 385], [219, 238], [329, 341], [2230, 2241], [102, 114], [45, 59], [2177, 2191], [2453, 2476], [436, 450], [2483, 2511], [2413, 2424], [2264, 2280]]	[[1824, 1836], [646, 656], [598, 610], [445, 464], [555, 567], [1901, 1912], [327, 339], [270, 284], [1849, 1863], [2124, 2147], [673, 687], [2154, 2182], [2084, 2095], [1935, 1951]]	14
tr|Q5CVK9|Q5CVK9_CRYPI	Q13085	[[299, 312], [2148, 2160], [375, 388], [2132, 2143], [2623, 2641], [2116, 2128], [2410, 2424], [442, 453], [2526, 2542]]	[[382, 395], [1709, 1721], [457, 470], [1693, 1704], [2178, 2196], [1677, 1689], [1970, 1984], [536, 547], [2086, 2102]]	9
tr|Q5CVK9|Q5CVK9_CRYPI	Q96RQ3	[[296, 309], [219, 229]]	[[277, 290], [196, 206]]	2
tr|Q5CVK9|Q5CVK9_CRYPI	P05165	[[272, 283], [330, 343], [220, 237]]	[[267, 278], [325, 338], [211, 228]]	3
tr|Q5CVK9|Q5CVK9_CRYPI	P11498	[[292, 306], [272, 285], [354, 368]]	[[262, 276], [242, 255], [323, 337]]	3
tr|Q5CVK9|Q5CVK9_CRYPI	Q6ZMY6	[[624, 636]]	[[330, 342]]	1
tr|Q5CVK9|Q5CVK9_CRYPI	Q9HC84	[[654, 663]]	[[5084, 5093]]	1
tr|Q5CVK9|Q5CVK9_CRYPI	P98088	[[653, 664]]	[[4929, 4940]]	1
tr|Q5CVL1|Q5CVL1_CRYPI	Q9Y2P8	[[240, 255], [33, 44]]	[[211, 226], [13, 24]]	2
tr|Q5CVL1|Q5CVL1_CRYPI	P55107	[[396, 408]]	[[171, 183]]	1
tr|Q5CVL2|Q5CVL2_CRYPI	Q92835	[[67, 76]]	[[569, 578]]	1
tr|Q5CVL2|Q5CVL2_CRYPI	Q4VNC1	[[7, 19]]	[[763, 775]]	1
tr|Q5CVL6|Q5CVL6_CRYPI	Q5SWL8	[[439, 449]]	[[231, 241]]	1
tr|Q5CVL7|Q5CVL7_CRYPI	Q6ZPD9	[[1, 13]]	[[240, 252]]	1
tr|Q5CVL7|Q5CVL7_CRYPI	Q09161	[[300, 311]]	[[716, 727]]	1
tr|Q5CVL8|Q5CVL8_CRYPI	Q14956	[[138, 150]]	[[246, 258]]	1
tr|Q5CVL8|Q5CVL8_CRYPI	Q96QD5	[[213, 225]]	[[480, 492]]	1
tr|Q5CVL8|Q5CVL8_CRYPI	Q8WUY9	[[214, 225]]	[[461, 472]]	1
tr|Q5CVL8|Q5CVL8_CRYPI	Q13427	[[219, 231]]	[[241, 253]]	1
tr|Q5CVL8|Q5CVL8_CRYPI	Q9BU76	[[218, 229]]	[[184, 195]]	1
tr|Q5CVM1|Q5CVM1_CRYPI	P29144	[[26, 37]]	[[460, 471]]	1
tr|Q5CVM2|Q5CVM2_CRYPI	Q8N201	[[230, 240]]	[[471, 481]]	1
tr|Q5CVM4|Q5CVM4_CRYPI	Q3LI59	[[1087, 1098]]	[[20, 31]]	1
tr|Q5CVM4|Q5CVM4_CRYPI	O43427	[[369, 381]]	[[249, 261]]	1
tr|Q5CVM4|Q5CVM4_CRYPI	Q9Y2S2	[[54, 65]]	[[95, 106]]	1
tr|Q5CVM4|Q5CVM4_CRYPI	P35556	[[686, 695]]	[[2023, 2032]]	1
tr|Q5CVM4|Q5CVM4_CRYPI	Q9H195	[[879, 890]]	[[2685, 2696]]	1
tr|Q5CVM4|Q5CVM4_CRYPI	Q4ZHG4	[[899, 911], [893, 905], [953, 963], [909, 927], [937, 991], [918, 942], [888, 898]]	[[1446, 1458], [1468, 1480], [1492, 1502], [1461, 1479], [1460, 1479], [1492, 1502], [1492, 1502]]	7
tr|Q5CVM4|Q5CVM4_CRYPI	Q96H15	[[894, 908]]	[[142, 156]]	1
tr|Q5CVM4|Q5CVM4_CRYPI	Q8TCZ2	[[907, 919]]	[[48, 60]]	1
tr|Q5CVM4|Q5CVM4_CRYPI	Q9BY67	[[985, 997]]	[[339, 351]]	1
tr|Q5CVM6|Q5CVM6_CRYPI	Q9UHG3	[[1257, 1269]]	[[373, 385]]	1
tr|Q5CVM6|Q5CVM6_CRYPI	Q9UHB6	[[1415, 1425]]	[[575, 585]]	1
tr|Q5CVM6|Q5CVM6_CRYPI	P30291	[[741, 752]]	[[375, 386]]	1
tr|Q5CVM8|Q5CVM8_CRYPI	Q8TAT5	[[39, 50]]	[[246, 257]]	1
tr|Q5CVM9|Q5CVM9_CRYPI	A8MPX8	[[14, 24]]	[[78, 88]]	1
tr|Q5CVM9|Q5CVM9_CRYPI	Q86TM6	[[407, 415]]	[[304, 312]]	1
tr|Q5CVM9|Q5CVM9_CRYPI	Q9BV68	[[407, 419]]	[[244, 256]]	1
tr|Q5CVM9|Q5CVM9_CRYPI	O00237	[[411, 423]]	[[640, 652]]	1
tr|Q5CVN0|Q5CVN0_CRYPI	Q96GW9	[[257, 269], [72, 86], [334, 348]]	[[276, 288], [85, 99], [344, 358]]	3
tr|Q5CVN0|Q5CVN0_CRYPI	P26640	[[334, 344]]	[[859, 869]]	1
tr|Q5CVN1|Q5CVN1_CRYPI	P18621	[[126, 139], [54, 69]]	[[126, 139], [54, 69]]	2
tr|Q5CVN2|Q5CVN2_CRYPI	Q92973	[[753, 763], [439, 453]]	[[733, 743], [422, 436]]	2
tr|Q5CVN2|Q5CVN2_CRYPI	O14787	[[753, 765]]	[[722, 734]]	1
tr|Q5CVN3|Q5CVN3_CRYPI	Q12959	[[825, 836]]	[[33, 44]]	1
tr|Q5CVN5|Q5CVN5_CRYPI	Q9UF56	[[119, 130]]	[[11, 22]]	1
tr|Q5CVN5|Q5CVN5_CRYPI	Q96KM6	[[204, 215]]	[[181, 192]]	1
tr|Q5CVN6|Q5CVN6_CRYPI	P62068	[[226, 238]]	[[28, 40]]	1
tr|Q5CVN6|Q5CVN6_CRYPI	Q9ULI1	[[42, 53]]	[[606, 617]]	1
tr|Q5CVN6|Q5CVN6_CRYPI	Q4G0N4	[[903, 913]]	[[370, 380]]	1
tr|Q5CVN7|Q5CVN7_CRYPI	Q08170	[[129, 140]]	[[115, 126]]	1
tr|Q5CVN7|Q5CVN7_CRYPI	Q9Y2I7	[[30, 40]]	[[1410, 1420]]	1
tr|Q5CVN7|Q5CVN7_CRYPI	Q9HC52	[[358, 370]]	[[151, 163]]	1
tr|Q5CVP0|Q5CVP0_CRYPI	Q5M775	[[202, 211]]	[[374, 383]]	1
tr|Q5CVP1|Q5CVP1_CRYPI	P47813	[[50, 76], [0, 38]]	[[50, 76], [0, 38]]	2
tr|Q5CVP1|Q5CVP1_CRYPI	O14602	[[40, 54]]	[[40, 54]]	1
tr|Q5CVP2|Q5CVP2_CRYPI	Q9NSD9	[[241, 256], [56, 68], [156, 182]]	[[224, 239], [24, 36], [139, 165]]	3
tr|Q5CVP3|Q5CVP3_CRYPI	Q9Y3A5	[[11, 25], [88, 100], [29, 58]]	[[5, 19], [82, 94], [23, 52]]	3
tr|Q5CVP4|Q5CVP4_CRYPI	Q99661	[[113, 125], [173, 183]]	[[340, 352], [395, 405]]	2
tr|Q5CVP4|Q5CVP4_CRYPI	Q8N4N8	[[116, 128]]	[[298, 310]]	1
tr|Q5CVP4|Q5CVP4_CRYPI	Q9HAQ2	[[120, 132]]	[[92, 104]]	1
tr|Q5CVP4|Q5CVP4_CRYPI	Q02224	[[122, 136]]	[[87, 101]]	1
tr|Q5CVP4|Q5CVP4_CRYPI	Q5T7B8	[[313, 325], [373, 385], [176, 192]]	[[477, 489], [536, 548], [356, 372]]	3
tr|Q5CVP4|Q5CVP4_CRYPI	Q96L93	[[240, 251]]	[[215, 226]]	1
tr|Q5CVP4|Q5CVP4_CRYPI	O00139	[[370, 383]]	[[540, 553]]	1
tr|Q5CVP5|Q5CVP5_CRYPI	Q96IZ6	[[213, 221]]	[[280, 288]]	1
tr|Q5CVP6|Q5CVP6_CRYPI	Q06432	[[194, 201]]	[[172, 179]]	1
tr|Q5CVP6|Q5CVP6_CRYPI	P31689	[[243, 255]]	[[4, 16]]	1
tr|Q5CVP6|Q5CVP6_CRYPI	O60884	[[268, 279]]	[[31, 42]]	1
tr|Q5CVP6|Q5CVP6_CRYPI	Q9BRR8	[[298, 309]]	[[508, 519]]	1
tr|Q5CVP6|Q5CVP6_CRYPI	P52888	[[600, 611]]	[[233, 244]]	1
tr|Q5CVP7|Q5CVP7_CRYPI	O00505	[[109, 119], [128, 141]]	[[361, 371], [126, 139]]	2
tr|Q5CVP7|Q5CVP7_CRYPI	O00629	[[138, 152]]	[[136, 150]]	1
tr|Q5CVP7|Q5CVP7_CRYPI	P52294	[[285, 297]]	[[272, 284]]	1
tr|Q5CVP7|Q5CVP7_CRYPI	O15131	[[360, 387], [437, 449], [287, 302], [97, 109], [478, 491]]	[[348, 375], [425, 437], [275, 290], [107, 119], [466, 479]]	5
tr|Q5CVP7|Q5CVP7_CRYPI	P52292	[[420, 433]]	[[404, 417]]	1
tr|Q5CVP7|Q5CVP7_CRYPI	O60684	[[430, 444]]	[[415, 429]]	1
tr|Q5CVP8|Q5CVP8_CRYPI	Q86VH2	[[193, 206]]	[[210, 223]]	1
tr|Q5CVP8|Q5CVP8_CRYPI	Q96D53	[[225, 254]]	[[214, 243]]	1
tr|Q5CVP8|Q5CVP8_CRYPI	Q3MIX3	[[240, 251]]	[[220, 231]]	1
tr|Q5CVP8|Q5CVP8_CRYPI	Q9HCE9	[[263, 271]]	[[442, 450]]	1
tr|Q5CVQ0|Q5CVQ0_CRYPI	Q6ZRS2	[[456, 468]]	[[314, 326]]	1
tr|Q5CVQ1|Q5CVQ1_CRYPI	Q9BRS8	[[41, 55]]	[[98, 112]]	1
tr|Q5CVQ4|Q5CVQ4_CRYPI	Q9P0L9	[[324, 336]]	[[532, 544]]	1
tr|Q5CVQ8|Q5CVQ8_CRYPI	Q9Y5Y2	[[107, 127], [205, 224]]	[[12, 32], [112, 131]]	2
tr|Q5CVQ8|Q5CVQ8_CRYPI	P53384	[[221, 241], [111, 125], [192, 214], [254, 273], [166, 184], [142, 158]]	[[167, 187], [56, 70], [138, 160], [200, 219], [112, 130], [88, 104]]	6
tr|Q5CVQ8|Q5CVQ8_CRYPI	Q8NDY4	[[126, 134]]	[[25, 33]]	1
tr|Q5CVQ8|Q5CVQ8_CRYPI	Q92619	[[164, 174]]	[[561, 571]]	1
tr|Q5CVR2|Q5CVR2_CRYPI	P26640	[[270, 294], [693, 712], [611, 629], [829, 839], [66, 89], [660, 678]]	[[532, 556], [941, 960], [859, 877], [1064, 1074], [341, 364], [908, 926]]	6
tr|Q5CVR2|Q5CVR2_CRYPI	Q5ST30	[[607, 622], [98, 110], [526, 552], [659, 670]]	[[651, 666], [175, 187], [576, 602], [703, 714]]	4
tr|Q5CVR3|Q5CVR3_CRYPI	P61289	[[169, 181], [117, 143]]	[[190, 202], [138, 164]]	2
tr|Q5CVR3|Q5CVR3_CRYPI	Q06323	[[119, 131]]	[[135, 147]]	1
tr|Q5CVR4|Q5CVR4_CRYPI	P58004	[[104, 114]]	[[156, 166]]	1
tr|Q5CVR4|Q5CVR4_CRYPI	Q6ZRS2	[[454, 532], [1059, 1074], [574, 586], [1112, 1127], [385, 409], [364, 382], [430, 451], [1153, 1170]]	[[734, 812], [2063, 2078], [853, 865], [2116, 2131], [665, 689], [644, 662], [710, 731], [2157, 2174]]	8
tr|Q5CVR4|Q5CVR4_CRYPI	P51532	[[1076, 1087], [552, 567], [488, 500], [356, 368]]	[[1117, 1128], [970, 985], [904, 916], [772, 784]]	4
tr|Q5CVR4|Q5CVR4_CRYPI	Q9ULG1	[[1125, 1137]]	[[1187, 1199]]	1
tr|Q5CVR4|Q5CVR4_CRYPI	Q8N987	[[1247, 1259]]	[[94, 106]]	1
tr|Q5CVR4|Q5CVR4_CRYPI	P51531	[[340, 353]]	[[726, 739]]	1
tr|Q5CVR4|Q5CVR4_CRYPI	Q96L91	[[350, 364], [434, 446]]	[[1103, 1117], [1187, 1199]]	2
tr|Q5CVR4|Q5CVR4_CRYPI	Q9H4L7	[[353, 366]]	[[512, 525]]	1
tr|Q5CVR4|Q5CVR4_CRYPI	O14646	[[363, 375]]	[[506, 518]]	1
tr|Q5CVR4|Q5CVR4_CRYPI	Q13111	[[70, 81]]	[[421, 432]]	1
tr|Q5CVR5|Q5CVR5_CRYPI	Q6IF63	[[480, 492]]	[[159, 171]]	1
tr|Q5CVR7|Q5CVR7_CRYPI	Q9HCK8	[[39, 50]]	[[2090, 2101]]	1
tr|Q5CVR8|Q5CVR8_CRYPI	Q5EE01	[[132, 141]]	[[21, 30]]	1
tr|Q5CVR9|Q5CVR9_CRYPI	P06681	[[219, 231]]	[[310, 322]]	1
tr|Q5CVS0|Q5CVS0_CRYPI	Q96J66	[[56, 67]]	[[546, 557]]	1
tr|Q5CVS0|Q5CVS0_CRYPI	Q9Y3R5	[[5, 17]]	[[235, 247]]	1
tr|Q5CVS0|Q5CVS0_CRYPI	Q92831	[[770, 781]]	[[664, 675]]	1
tr|Q5CVS0|Q5CVS0_CRYPI	Q9ULJ1	[[826, 837]]	[[606, 617]]	1
tr|Q5CVS2|Q5CVS2_CRYPI	Q86XA9	[[404, 413]]	[[917, 926]]	1
tr|Q5CVS3|Q5CVS3_CRYPI	Q9HCG8	[[404, 421], [446, 462], [496, 512], [337, 350]]	[[532, 549], [574, 590], [624, 640], [465, 478]]	4
tr|Q5CVS5|Q5CVS5_CRYPI	P35249	[[150, 175]]	[[178, 203]]	1
tr|Q5CVS6|Q5CVS6_CRYPI	P13639	[[4, 19], [175, 190], [422, 465], [683, 695], [158, 170], [334, 346], [822, 836], [39, 52], [131, 144]]	[[0, 15], [177, 192], [444, 487], [705, 717], [160, 172], [356, 368], [844, 858], [35, 48], [133, 146]]	9
tr|Q5CVS8|Q5CVS8_CRYPI	Q9NZM1	[[1205, 1217]]	[[1838, 1850]]	1
tr|Q5CVS8|Q5CVS8_CRYPI	Q13029	[[785, 795]]	[[276, 286]]	1
tr|Q5CVS8|Q5CVS8_CRYPI	Q9ULV3	[[785, 796]]	[[742, 753]]	1
tr|Q5CVS8|Q5CVS8_CRYPI	Q96C00	[[785, 797]]	[[213, 225]]	1
tr|Q5CVS8|Q5CVS8_CRYPI	P25490	[[786, 797]]	[[42, 53]]	1
tr|Q5CVS9|Q5CVS9_CRYPI	Q6BCY4	[[269, 280]]	[[263, 274]]	1
tr|Q5CVT0|Q5CVT0_CRYPI	O43583	[[20, 30], [122, 133]]	[[36, 46], [147, 158]]	2
tr|Q5CVT1|Q5CVT1_CRYPI	Q5TYW1	[[5, 15]]	[[153, 163]]	1
tr|Q5CVT2|Q5CVT2_CRYPI	P62906	[[121, 135], [102, 116]]	[[118, 132], [99, 113]]	2
tr|Q5CVT3|Q5CVT3_CRYPI	P31689	[[297, 308]]	[[33, 44]]	1
tr|Q5CVT4|Q5CVT4_CRYPI	Q9H0J9	[[170, 180]]	[[202, 212]]	1
tr|Q5CVT5|Q5CVT5_CRYPI	Q9UNW8	[[406, 414]]	[[277, 285]]	1
tr|Q5CVT6|Q5CVT6_CRYPI	Q6ZMV8	[[161, 169]]	[[180, 188]]	1
tr|Q5CVT6|Q5CVT6_CRYPI	Q9H3W5	[[168, 180]]	[[332, 344]]	1
tr|Q5CVT6|Q5CVT6_CRYPI	Q9HB75	[[243, 255]]	[[193, 205]]	1
tr|Q5CVT7|Q5CVT7_CRYPI	Q8WW22	[[71, 83]]	[[20, 32]]	1
tr|Q5CVT7|Q5CVT7_CRYPI	Q9H819	[[75, 89]]	[[100, 114]]	1
tr|Q5CVT8|Q5CVT8_CRYPI	Q9NWZ5	[[332, 344], [251, 266], [153, 174]]	[[411, 423], [331, 346], [220, 241]]	3
tr|Q5CVT8|Q5CVT8_CRYPI	Q96BW1	[[268, 283]]	[[134, 149]]	1
tr|Q5CVT8|Q5CVT8_CRYPI	Q9BZX2	[[39, 50]]	[[26, 37]]	1
tr|Q5CVT9|Q5CVT9_CRYPI	Q3T906	[[128, 139]]	[[460, 471]]	1
tr|Q5CVT9|Q5CVT9_CRYPI	Q13219	[[255, 263]]	[[1575, 1583]]	1
tr|Q5CVT9|Q5CVT9_CRYPI	Q12955	[[363, 379]]	[[3960, 3976]]	1
tr|Q5CVT9|Q5CVT9_CRYPI	O15054	[[403, 415]]	[[751, 763]]	1
tr|Q5CVT9|Q5CVT9_CRYPI	Q9BY67	[[404, 416]]	[[342, 354]]	1
tr|Q5CVU0|Q5CVU0_CRYPI	Q9BQ16	[[1435, 1447]]	[[406, 418]]	1
tr|Q5CVU0|Q5CVU0_CRYPI	P05026	[[2440, 2450]]	[[40, 50]]	1
tr|Q5CVU0|Q5CVU0_CRYPI	Q8WWB3	[[3636, 3646]]	[[76, 86]]	1
tr|Q5CVU0|Q5CVU0_CRYPI	Q7Z407	[[3881, 3893]]	[[1443, 1455]]	1
tr|Q5CVU0|Q5CVU0_CRYPI	Q69YH5	[[647, 658]]	[[601, 612]]	1
tr|Q5CVU0|Q5CVU0_CRYPI	P16581	[[960, 972]]	[[104, 116]]	1
tr|Q5CVU1|Q5CVU1_CRYPI	Q9H6S0	[[16, 25]]	[[1056, 1065]]	1
tr|Q5CVU2|Q5CVU2_CRYPI	P23467	[[1062, 1073]]	[[1476, 1487]]	1
tr|Q5CVU2|Q5CVU2_CRYPI	P21817	[[1235, 1245]]	[[1877, 1887]]	1
tr|Q5CVU2|Q5CVU2_CRYPI	Q1XH10	[[1235, 1257]]	[[411, 426]]	1
tr|Q5CVU2|Q5CVU2_CRYPI	Q12899	[[1236, 1248]]	[[386, 398]]	1
tr|Q5CVU2|Q5CVU2_CRYPI	P07199	[[1237, 1249]]	[[424, 436]]	1
tr|Q5CVU2|Q5CVU2_CRYPI	O43423	[[1238, 1251]]	[[183, 196]]	1
tr|Q5CVU2|Q5CVU2_CRYPI	Q7Z591	[[1244, 1256]]	[[778, 790]]	1
tr|Q5CVU2|Q5CVU2_CRYPI	Q8NCJ5	[[1247, 1259]]	[[370, 382]]	1
tr|Q5CVU2|Q5CVU2_CRYPI	P0C7V8	[[1248, 1260]]	[[124, 136]]	1
tr|Q5CVU2|Q5CVU2_CRYPI	Q8WYN3	[[1255, 1269]]	[[373, 387]]	1
tr|Q5CVU2|Q5CVU2_CRYPI	O75054	[[1259, 1271]]	[[1013, 1025]]	1
tr|Q5CVU2|Q5CVU2_CRYPI	Q8IX15	[[1261, 1273]]	[[533, 545]]	1
tr|Q5CVU2|Q5CVU2_CRYPI	Q6AI12	[[1262, 1274]]	[[95, 107]]	1
tr|Q5CVU2|Q5CVU2_CRYPI	P23327	[[1263, 1275]]	[[243, 255]]	1
tr|Q5CVU2|Q5CVU2_CRYPI	Q9BXN1	[[1265, 1279]]	[[37, 53]]	1
tr|Q5CVU2|Q5CVU2_CRYPI	Q6PL18	[[1269, 1281]]	[[269, 281]]	1
tr|Q5CVU2|Q5CVU2_CRYPI	Q9P2K8	[[1271, 1282]]	[[731, 742]]	1
tr|Q5CVU2|Q5CVU2_CRYPI	O14647	[[166, 175]]	[[486, 495]]	1
tr|Q5CVU2|Q5CVU2_CRYPI	P51532	[[177, 190]]	[[767, 780]]	1
tr|Q5CVU2|Q5CVU2_CRYPI	Q9H4L7	[[179, 191]]	[[512, 524]]	1
tr|Q5CVU2|Q5CVU2_CRYPI	Q9ULG1	[[182, 193]]	[[536, 547]]	1
tr|Q5CVU2|Q5CVU2_CRYPI	P28370	[[639, 653], [478, 504], [185, 207], [529, 550], [337, 355], [619, 636], [554, 566]]	[[610, 624], [449, 475], [204, 226], [500, 521], [310, 328], [590, 607], [525, 537]]	7
tr|Q5CVU2|Q5CVU2_CRYPI	O60264	[[635, 656], [422, 434], [513, 527], [189, 205], [593, 612]]	[[603, 624], [389, 401], [481, 495], [205, 221], [561, 580]]	5
tr|Q5CVU2|Q5CVU2_CRYPI	Q6ZRS2	[[230, 238]]	[[684, 692]]	1
tr|Q5CVU2|Q5CVU2_CRYPI	Q96L91	[[230, 241]]	[[1157, 1168]]	1
tr|Q5CVU2|Q5CVU2_CRYPI	O14646	[[586, 600], [357, 372]]	[[859, 873], [633, 648]]	2
tr|Q5CVU2|Q5CVU2_CRYPI	Q9P2D1	[[424, 436]]	[[1185, 1197]]	1
tr|Q5CVU2|Q5CVU2_CRYPI	Q12873	[[590, 603]]	[[1135, 1148]]	1
tr|Q5CVU2|Q5CVU2_CRYPI	Q03468	[[626, 638]]	[[949, 961]]	1
tr|Q5CVU2|Q5CVU2_CRYPI	Q6UVJ0	[[878, 888]]	[[475, 485]]	1
tr|Q5CVU4|Q5CVU4_CRYPI	A1L157	[[67, 77]]	[[151, 161]]	1
tr|Q5CVU6|Q5CVU6_CRYPI	Q8TCG5	[[1288, 1298]]	[[211, 221]]	1
tr|Q5CVU6|Q5CVU6_CRYPI	Q15361	[[147, 155]]	[[110, 118]]	1
tr|Q5CVU6|Q5CVU6_CRYPI	Q8NGD5	[[1980, 1992]]	[[264, 276]]	1
tr|Q5CVU6|Q5CVU6_CRYPI	Q6ZPD9	[[2055, 2066]]	[[554, 565]]	1
tr|Q5CVU6|Q5CVU6_CRYPI	Q96L73	[[2172, 2186]]	[[2012, 2026]]	1
tr|Q5CVU6|Q5CVU6_CRYPI	Q9UPS6	[[2208, 2219]]	[[1932, 1943]]	1
tr|Q5CVU6|Q5CVU6_CRYPI	O15047	[[2211, 2221]]	[[1676, 1686]]	1
tr|Q5CVU6|Q5CVU6_CRYPI	O14686	[[2210, 2222]]	[[5503, 5515]]	1
tr|Q5CVU6|Q5CVU6_CRYPI	O96028	[[2227, 2239]]	[[1186, 1198]]	1
tr|Q5CVU6|Q5CVU6_CRYPI	O15265	[[27, 38]]	[[834, 845]]	1
tr|Q5CVU6|Q5CVU6_CRYPI	Q8IZH2	[[666, 674]]	[[1275, 1283]]	1
tr|Q5CVU7|Q5CVU7_CRYPI	Q5BJF6	[[532, 544]]	[[148, 160]]	1
tr|Q5CVU9|Q5CVU9_CRYPI	P48668	[[375, 386]]	[[248, 259]]	1
tr|Q5CVV2|Q5CVV2_CRYPI	P31150	[[35, 47]]	[[1, 13]]	1
tr|Q5CVV2|Q5CVV2_CRYPI	O60341	[[40, 50]]	[[280, 290]]	1
tr|Q5CVV4|Q5CVV4_CRYPI	P13010	[[1060, 1072]]	[[131, 143]]	1
tr|Q5CVV4|Q5CVV4_CRYPI	Q14571	[[2162, 2173]]	[[1664, 1675]]	1
tr|Q5CVV4|Q5CVV4_CRYPI	Q9ULL0	[[2172, 2182]]	[[194, 204]]	1
tr|Q5CVV4|Q5CVV4_CRYPI	P57772	[[2489, 2501]]	[[487, 499]]	1
tr|Q5CVV4|Q5CVV4_CRYPI	O15482	[[3098, 3107]]	[[288, 297]]	1
tr|Q5CVV4|Q5CVV4_CRYPI	Q7Z6W7	[[3180, 3189]]	[[242, 251]]	1
tr|Q5CVV4|Q5CVV4_CRYPI	P04196	[[3347, 3358]]	[[159, 170]]	1
tr|Q5CVV7|Q5CVV7_CRYPI	Q15389	[[413, 423]]	[[178, 188]]	1
tr|Q5CVV7|Q5CVV7_CRYPI	Q8NHB7	[[648, 660]]	[[295, 307]]	1
tr|Q5CVV8|Q5CVV8_CRYPI	P34897	[[169, 181], [225, 249], [108, 120]]	[[214, 226], [270, 294], [152, 164]]	3
tr|Q5CVV8|Q5CVV8_CRYPI	P34896	[[29, 39], [228, 239]]	[[46, 56], [250, 261]]	2
tr|Q5CVW1|Q5CVW1_CRYPI	O95405	[[130, 142]]	[[1, 13]]	1
tr|Q5CVW1|Q5CVW1_CRYPI	P34896	[[251, 269], [46, 64]]	[[291, 309], [68, 86]]	2
tr|Q5CVW1|Q5CVW1_CRYPI	P34897	[[48, 62]]	[[93, 107]]	1
tr|Q5CVW3|Q5CVW3_CRYPI	P51160	[[226, 236]]	[[69, 79]]	1
tr|Q5CVW3|Q5CVW3_CRYPI	Q12986	[[354, 365]]	[[378, 389]]	1
tr|Q5CVW3|Q5CVW3_CRYPI	Q86TM6	[[360, 375]]	[[314, 329]]	1
tr|Q5CVW3|Q5CVW3_CRYPI	Q9H4P4	[[364, 374]]	[[45, 55]]	1
tr|Q5CVW3|Q5CVW3_CRYPI	Q96CA5	[[369, 379]]	[[279, 289]]	1
tr|Q5CVW4|Q5CVW4_CRYPI	P30556	[[615, 622]]	[[247, 254]]	1
tr|Q5CVW5|Q5CVW5_CRYPI	Q8IY21	[[153, 163]]	[[1512, 1522]]	1
tr|Q5CVW6|Q5CVW6_CRYPI	Q9Y4D8	[[190, 202]]	[[3381, 3393]]	1
tr|Q5CVW7|Q5CVW7_CRYPI	P42285	[[1227, 1241], [408, 429], [191, 223], [475, 492], [351, 368], [530, 541], [114, 128], [227, 239], [169, 182], [241, 250], [92, 104], [1114, 1126], [263, 289]]	[[989, 1003], [444, 465], [229, 261], [511, 528], [387, 404], [566, 577], [154, 168], [265, 277], [207, 220], [279, 288], [132, 144], [877, 889], [301, 327]]	13
tr|Q5CVW7|Q5CVW7_CRYPI	Q15477	[[123, 136], [243, 258], [154, 168], [423, 435]]	[[334, 347], [452, 467], [365, 379], [639, 651]]	4
tr|Q5CVW7|Q5CVW7_CRYPI	Q9Y3Q0	[[91, 101]]	[[262, 272]]	1
tr|Q5CVW8|Q5CVW8_CRYPI	Q6P158	[[231, 242]]	[[764, 775]]	1
tr|Q5CVW8|Q5CVW8_CRYPI	P06213	[[476, 486]]	[[899, 909]]	1
tr|Q5CVW8|Q5CVW8_CRYPI	Q8IZF6	[[60, 72]]	[[2598, 2610]]	1
tr|Q5CVW9|Q5CVW9_CRYPI	Q5VWG9	[[208, 219]]	[[690, 701]]	1
tr|Q5CVW9|Q5CVW9_CRYPI	Q8TE23	[[380, 389]]	[[381, 390]]	1
tr|Q5CVX1|Q5CVX1_CRYPI	Q8WY07	[[192, 203]]	[[241, 252]]	1
tr|Q5CVX1|Q5CVX1_CRYPI	P20023	[[200, 209]]	[[495, 504]]	1
tr|Q5CVX2|Q5CVX2_CRYPI	A6NKB5	[[193, 202]]	[[1929, 1938]]	1
tr|Q5CVX2|Q5CVX2_CRYPI	Q5UIP0	[[268, 280]]	[[1546, 1558]]	1
tr|Q5CVX2|Q5CVX2_CRYPI	Q9HCG8	[[273, 285]]	[[677, 689]]	1
tr|Q5CVX2|Q5CVX2_CRYPI	Q641Q2	[[396, 407]]	[[223, 234]]	1
tr|Q5CVX2|Q5CVX2_CRYPI	P19012	[[46, 58]]	[[241, 253]]	1
tr|Q5CVX3|Q5CVX3_CRYPI	O14669	[[1033, 1044]]	[[161, 172]]	1
tr|Q5CVX3|Q5CVX3_CRYPI	Q96T37	[[1035, 1044]]	[[313, 322]]	1
tr|Q5CVX3|Q5CVX3_CRYPI	Q96QU1	[[1039, 1050]]	[[1747, 1758]]	1
tr|Q5CVX3|Q5CVX3_CRYPI	P32926	[[284, 295]]	[[411, 422]]	1
tr|Q5CVX3|Q5CVX3_CRYPI	Q5VUJ6	[[441, 452]]	[[328, 339]]	1
tr|Q5CVX3|Q5CVX3_CRYPI	Q9NQ90	[[702, 711]]	[[616, 625]]	1
tr|Q5CVX4|Q5CVX4_CRYPI	Q96C45	[[230, 240]]	[[200, 210]]	1
tr|Q5CVX5|Q5CVX5_CRYPI	Q9Y6R4	[[391, 401]]	[[1348, 1358]]	1
tr|Q5CVX5|Q5CVX5_CRYPI	Q00534	[[391, 402]]	[[18, 29]]	1
tr|Q5CVX5|Q5CVX5_CRYPI	Q13043	[[392, 404]]	[[36, 48]]	1
tr|Q5CVX5|Q5CVX5_CRYPI	Q02779	[[394, 405]]	[[106, 117]]	1
tr|Q5CVX5|Q5CVX5_CRYPI	P15408	[[45, 57]]	[[151, 163]]	1
tr|Q5CVX5|Q5CVX5_CRYPI	Q5TCS8	[[50, 62]]	[[907, 919]]	1
tr|Q5CVX5|Q5CVX5_CRYPI	Q9BYP7	[[520, 532]]	[[289, 301]]	1
tr|Q5CVX5|Q5CVX5_CRYPI	Q8IZU1	[[53, 64]]	[[229, 240]]	1
tr|Q5CVX5|Q5CVX5_CRYPI	P20594	[[564, 573]]	[[704, 713]]	1
tr|Q5CVX5|Q5CVX5_CRYPI	P33947	[[10, 19]]	[[170, 179]]	1
tr|Q5CVX7|Q5CVX7_CRYPI	Q9Y493	[[440, 450]]	[[1935, 1945]]	1
tr|Q5CVX7|Q5CVX7_CRYPI	Q8TEL6	[[544, 554]]	[[95, 105]]	1
tr|Q5CVX7|Q5CVX7_CRYPI	Q8TCY9	[[70, 82]]	[[702, 714]]	1
tr|Q5CVY1|Q5CVY1_CRYPI	Q8TEQ6	[[254, 266]]	[[342, 354]]	1
tr|Q5CVY2|Q5CVY2_CRYPI	Q6RI45	[[100, 109]]	[[1686, 1695]]	1
tr|Q5CVY2|Q5CVY2_CRYPI	Q9Y534	[[24, 39]]	[[82, 97]]	1
tr|Q5CVY2|Q5CVY2_CRYPI	Q9NQS1	[[86, 95]]	[[49, 58]]	1
tr|Q5CVY2|Q5CVY2_CRYPI	A0A1W2PPD8	[[87, 99]]	[[431, 443]]	1
tr|Q5CVY2|Q5CVY2_CRYPI	P15880	[[88, 100]]	[[40, 52]]	1
tr|Q5CVY2|Q5CVY2_CRYPI	Q9P2N5	[[89, 109]]	[[951, 964]]	1
tr|Q5CVY2|Q5CVY2_CRYPI	P62633	[[92, 104]]	[[23, 35]]	1
tr|Q5CVY2|Q5CVY2_CRYPI	P38432	[[94, 104]]	[[408, 418]]	1
tr|Q5CVY3|Q5CVY3_CRYPI	Q13423	[[301, 314], [1049, 1070], [328, 346], [836, 848], [510, 524], [717, 729], [674, 686]]	[[832, 845], [515, 536], [859, 877], [311, 323], [1041, 1055], [192, 204], [149, 161]]	7
tr|Q5CVY3|Q5CVY3_CRYPI	O43781	[[922, 931]]	[[267, 276]]	1
tr|Q5CVY3|Q5CVY3_CRYPI	Q9NWL6	[[936, 948]]	[[12, 24]]	1
tr|Q5CVY3|Q5CVY3_CRYPI	Q86X95	[[979, 992]]	[[261, 274]]	1
tr|Q5CVY4|Q5CVY4_CRYPI	P40692	[[163, 174]]	[[148, 159]]	1
tr|Q5CVY5|Q5CVY5_CRYPI	O00623	[[66, 73]]	[[257, 264]]	1
tr|Q5CVY6|Q5CVY6_CRYPI	Q6ZRS2	[[790, 802], [774, 786], [1026, 1037]]	[[663, 675], [647, 659], [891, 902]]	3
tr|Q5CVY6|Q5CVY6_CRYPI	P51532	[[744, 774], [1063, 1073]]	[[753, 783], [1084, 1094]]	2
tr|Q5CVY6|Q5CVY6_CRYPI	P51531	[[1101, 1114], [1066, 1078]]	[[1092, 1105], [1057, 1069]]	2
tr|Q5CVY6|Q5CVY6_CRYPI	Q9P2D1	[[1067, 1083]]	[[1298, 1314]]	1
tr|Q5CVY6|Q5CVY6_CRYPI	Q12873	[[1074, 1085]]	[[1075, 1086]]	1
tr|Q5CVY6|Q5CVY6_CRYPI	Q9H4L7	[[1128, 1139]]	[[922, 933]]	1
tr|Q5CVY6|Q5CVY6_CRYPI	Q9NRL2	[[1513, 1524]]	[[1463, 1474]]	1
tr|Q5CVY6|Q5CVY6_CRYPI	Q9UL68	[[1626, 1637]]	[[147, 158]]	1
tr|Q5CVY6|Q5CVY6_CRYPI	P37275	[[1628, 1639]]	[[1060, 1071]]	1
tr|Q5CVY6|Q5CVY6_CRYPI	Q8IX15	[[1629, 1641]]	[[527, 539]]	1
tr|Q5CVY6|Q5CVY6_CRYPI	P46100	[[1630, 1642]]	[[1457, 1469]]	1
tr|Q5CVY6|Q5CVY6_CRYPI	Q9UKV3	[[1631, 1643]]	[[272, 284]]	1
tr|Q5CVY6|Q5CVY6_CRYPI	P13667	[[1632, 1644]]	[[40, 52]]	1
tr|Q5CVY6|Q5CVY6_CRYPI	Q9Y4W2	[[1634, 1646]]	[[579, 591]]	1
tr|Q5CVY6|Q5CVY6_CRYPI	Q93073	[[1636, 1648]]	[[989, 1001]]	1
tr|Q5CVY6|Q5CVY6_CRYPI	Q9UD71	[[1637, 1649]]	[[123, 135]]	1
tr|Q5CVY6|Q5CVY6_CRYPI	P49902	[[1638, 1650]]	[[549, 561]]	1
tr|Q5CVY6|Q5CVY6_CRYPI	Q8WYN3	[[1643, 1655]]	[[375, 387]]	1
tr|Q5CVY6|Q5CVY6_CRYPI	Q0VAK6	[[1645, 1657]]	[[144, 156]]	1
tr|Q5CVY6|Q5CVY6_CRYPI	Q9NW13	[[1647, 1659]]	[[228, 240]]	1
tr|Q5CVY6|Q5CVY6_CRYPI	Q6AI12	[[1648, 1660]]	[[95, 107]]	1
tr|Q5CVY6|Q5CVY6_CRYPI	Q8TEQ6	[[246, 258]]	[[525, 537]]	1
tr|Q5CVY6|Q5CVY6_CRYPI	Q9P1Z9	[[592, 604]]	[[768, 780]]	1
tr|Q5CVY6|Q5CVY6_CRYPI	P23327	[[596, 607]]	[[539, 550]]	1
tr|Q5CVY6|Q5CVY6_CRYPI	P0DP91	[[597, 609]]	[[377, 389]]	1
tr|Q5CVY6|Q5CVY6_CRYPI	Q8WYR1	[[599, 609]]	[[321, 331]]	1
tr|Q5CVY6|Q5CVY6_CRYPI	Q3L8U1	[[743, 755]]	[[858, 870]]	1
tr|Q5CVY6|Q5CVY6_CRYPI	Q9ULG1	[[766, 778]]	[[539, 551]]	1
tr|Q5CVY6|Q5CVY6_CRYPI	P28370	[[808, 819]]	[[245, 256]]	1
tr|Q5CVY6|Q5CVY6_CRYPI	Q9Y620	[[902, 914]]	[[457, 469]]	1
tr|Q5CVY7|Q5CVY7_CRYPI	Q2M218	[[22, 34]]	[[373, 385]]	1
tr|Q5CVY8|Q5CVY8_CRYPI	Q9NUQ2	[[250, 259]]	[[125, 134]]	1
tr|Q5CVY9|Q5CVY9_CRYPI	Q7Z417	[[1031, 1042]]	[[39, 50]]	1
tr|Q5CVY9|Q5CVY9_CRYPI	Q6P1X5	[[1034, 1044]]	[[1142, 1152]]	1
tr|Q5CVY9|Q5CVY9_CRYPI	O00555	[[1034, 1046]]	[[2206, 2218]]	1
tr|Q5CVY9|Q5CVY9_CRYPI	Q9P266	[[243, 254]]	[[852, 863]]	1
tr|Q5CVY9|Q5CVY9_CRYPI	Q05BQ5	[[244, 256]]	[[12, 24]]	1
tr|Q5CVY9|Q5CVY9_CRYPI	O95876	[[255, 267]]	[[564, 576]]	1
tr|Q5CVY9|Q5CVY9_CRYPI	Q86VS8	[[369, 381]]	[[267, 279]]	1
tr|Q5CVY9|Q5CVY9_CRYPI	Q9ULV0	[[402, 414]]	[[1024, 1036]]	1
tr|Q5CVY9|Q5CVY9_CRYPI	P27986	[[503, 515]]	[[459, 471]]	1
tr|Q5CVY9|Q5CVY9_CRYPI	Q7Z7B8	[[839, 851]]	[[55, 67]]	1
tr|Q5CVY9|Q5CVY9_CRYPI	Q9BYX4	[[949, 958]]	[[612, 621]]	1
tr|Q5CVZ0|Q5CVZ0_CRYPI	A2A368	[[574, 586]]	[[78, 90]]	1
tr|Q5CVZ1|Q5CVZ1_CRYPI	Q9H0D6	[[707, 719], [374, 390], [150, 162], [80, 115], [225, 243]]	[[544, 556], [335, 351], [155, 167], [83, 118], [230, 248]]	5
tr|Q5CVZ1|Q5CVZ1_CRYPI	P19338	[[1209, 1221], [1216, 1242]]	[[666, 678], [653, 665]]	2
tr|Q5CVZ1|Q5CVZ1_CRYPI	P22087	[[1210, 1238]]	[[21, 35]]	1
tr|Q5CVZ1|Q5CVZ1_CRYPI	P22626	[[1217, 1236]]	[[260, 272]]	1
tr|Q5CVZ1|Q5CVZ1_CRYPI	Q8IZH2	[[758, 772], [214, 236], [154, 165], [195, 210], [710, 738]]	[[501, 515], [192, 214], [132, 143], [173, 188], [464, 492]]	5
tr|Q5CVZ1|Q5CVZ1_CRYPI	P51955	[[943, 951]]	[[245, 253]]	1
tr|Q5CVZ5|Q5CVZ5_CRYPI	Q8TEW6	[[189, 199]]	[[163, 173]]	1
tr|Q5CVZ5|Q5CVZ5_CRYPI	Q96I51	[[325, 335]]	[[197, 207]]	1
tr|Q5CVZ5|Q5CVZ5_CRYPI	P13611	[[400, 409]]	[[2295, 2304]]	1
tr|Q5CVZ6|Q5CVZ6_CRYPI	P61158	[[123, 133]]	[[127, 137]]	1
tr|Q5CVZ6|Q5CVZ6_CRYPI	Q9UDX4	[[22, 32]]	[[253, 263]]	1
tr|Q5CVZ6|Q5CVZ6_CRYPI	Q7KZF4	[[233, 243]]	[[762, 772]]	1
tr|Q5CVZ6|Q5CVZ6_CRYPI	P63267	[[320, 334]]	[[280, 294]]	1
tr|Q5CVZ6|Q5CVZ6_CRYPI	O96019	[[373, 396]]	[[380, 403]]	1
tr|Q5CVZ8|Q5CVZ8_CRYPI	Q99683	[[118, 134]]	[[785, 801]]	1
tr|Q5CVZ8|Q5CVZ8_CRYPI	Q96NX5	[[123, 134]]	[[130, 141]]	1
tr|Q5CVZ8|Q5CVZ8_CRYPI	O95382	[[125, 138]]	[[760, 773]]	1
tr|Q5CVZ8|Q5CVZ8_CRYPI	Q9NRH2	[[147, 159]]	[[151, 163]]	1
tr|Q5CVZ8|Q5CVZ8_CRYPI	Q86SG6	[[153, 163]]	[[146, 156]]	1
tr|Q5CVZ8|Q5CVZ8_CRYPI	P51955	[[198, 209]]	[[195, 206]]	1
tr|Q5CVZ8|Q5CVZ8_CRYPI	Q7Z460	[[395, 407]]	[[24, 36]]	1
tr|Q5CVZ8|Q5CVZ8_CRYPI	Q6ZMV5	[[496, 508]]	[[639, 651]]	1
tr|Q5CVZ9|Q5CVZ9_CRYPI	O75367	[[106, 118]]	[[97, 109]]	1
tr|Q5CVZ9|Q5CVZ9_CRYPI	Q16777	[[111, 125]]	[[105, 119]]	1
tr|Q5CVZ9|Q5CVZ9_CRYPI	Q96QV6	[[48, 60]]	[[42, 54]]	1
tr|Q5CVZ9|Q5CVZ9_CRYPI	Q96KK5	[[50, 64]]	[[44, 58]]	1
tr|Q5CW01|Q5CW01_CRYPI	P12004	[[199, 219], [138, 150]]	[[201, 221], [138, 150]]	2
tr|Q5CW05|Q5CW05_CRYPI	Q9NWB6	[[104, 116]]	[[92, 104]]	1
tr|Q5CW05|Q5CW05_CRYPI	O75376	[[122, 133]]	[[532, 543]]	1
tr|Q5CW05|Q5CW05_CRYPI	Q9BXB5	[[124, 136]]	[[375, 387]]	1
tr|Q5CW06|Q5CW06_CRYPI	O95926	[[1039, 1048]]	[[217, 226]]	1
tr|Q5CW06|Q5CW06_CRYPI	Q9H7F0	[[570, 583], [1179, 1189]]	[[496, 509], [877, 887]]	2
tr|Q5CW06|Q5CW06_CRYPI	Q9UM00	[[254, 265]]	[[203, 214]]	1
tr|Q5CW06|Q5CW06_CRYPI	Q9NQ11	[[396, 406]]	[[344, 354]]	1
tr|Q5CW06|Q5CW06_CRYPI	O75592	[[474, 486]]	[[3408, 3420]]	1
tr|Q5CW06|Q5CW06_CRYPI	Q04656	[[568, 578]]	[[1040, 1050]]	1
tr|Q5CW06|Q5CW06_CRYPI	Q9HD20	[[570, 580]]	[[531, 541]]	1
tr|Q5CW07|Q5CW07_CRYPI	P53990	[[299, 323]]	[[227, 237]]	1
tr|Q5CW07|Q5CW07_CRYPI	Q14202	[[309, 321]]	[[888, 900]]	1
tr|Q5CW07|Q5CW07_CRYPI	Q9UFB7	[[337, 345]]	[[722, 730]]	1
tr|Q5CW08|Q5CW08_CRYPI	P59910	[[59, 71]]	[[10, 22]]	1
tr|Q5CW08|Q5CW08_CRYPI	Q9P1Z9	[[750, 762]]	[[114, 126]]	1
tr|Q5CW10|Q5CW10_CRYPI	P29375	[[1138, 1149]]	[[973, 984]]	1
tr|Q5CW10|Q5CW10_CRYPI	Q9UJU6	[[1674, 1686]]	[[201, 213]]	1
tr|Q5CW10|Q5CW10_CRYPI	Q8TE54	[[408, 417]]	[[545, 554]]	1
tr|Q5CW11|Q5CW11_CRYPI	Q8N4C6	[[149, 160]]	[[812, 823]]	1
tr|Q5CW11|Q5CW11_CRYPI	Q6ZWB6	[[60, 69]]	[[97, 106]]	1
tr|Q5CW11|Q5CW11_CRYPI	Q68DU8	[[60, 77]]	[[73, 90]]	1
tr|Q5CW12|Q5CW12_CRYPI	P20226	[[89, 102], [170, 181]]	[[182, 195], [262, 273]]	2
tr|Q5CW12|Q5CW12_CRYPI	Q6SJ96	[[190, 201]]	[[287, 298]]	1
tr|Q5CW12|Q5CW12_CRYPI	Q9NZB8	[[98, 110]]	[[210, 222]]	1
tr|Q5CW13|Q5CW13_CRYPI	Q07864	[[132, 140]]	[[1632, 1640]]	1
tr|Q5CW13|Q5CW13_CRYPI	O15527	[[23, 33]]	[[38, 48]]	1
tr|Q5CW13|Q5CW13_CRYPI	Q8IWI9	[[69, 80]]	[[379, 390]]	1
tr|Q5CW14|Q5CW14_CRYPI	Q9H7X0	[[160, 172]]	[[96, 108]]	1
tr|Q5CW14|Q5CW14_CRYPI	Q86UA6	[[45, 55]]	[[78, 88]]	1
tr|Q5CW15|Q5CW15_CRYPI	Q9H0A0	[[50, 68], [435, 453], [640, 648], [405, 424], [186, 214], [568, 589], [99, 132], [380, 400], [320, 331]]	[[52, 70], [410, 428], [600, 608], [380, 399], [185, 213], [528, 549], [101, 134], [355, 375], [304, 315]]	9
tr|Q5CW15|Q5CW15_CRYPI	Q12756	[[1040, 1052]]	[[288, 300]]	1
tr|Q5CW15|Q5CW15_CRYPI	Q8N461	[[148, 159]]	[[392, 403]]	1
tr|Q5CW16|Q5CW16_CRYPI	Q15020	[[250, 261]]	[[449, 460]]	1
tr|Q5CW17|Q5CW17_CRYPI	O15143	[[284, 297]]	[[257, 270]]	1
tr|Q5CW18|Q5CW18_CRYPI	O95544	[[237, 254]]	[[342, 359]]	1
tr|Q5CW18|Q5CW18_CRYPI	Q53TN4	[[35, 46]]	[[224, 235]]	1
tr|Q5CW18|Q5CW18_CRYPI	Q96T92	[[360, 371]]	[[422, 433]]	1
tr|Q5CW19|Q5CW19_CRYPI	Q9BTW9	[[125, 134]]	[[1054, 1063]]	1
tr|Q5CW19|Q5CW19_CRYPI	Q13217	[[338, 350]]	[[31, 43]]	1
tr|Q5CW20|Q5CW20_CRYPI	P35241	[[124, 133]]	[[336, 345]]	1
tr|Q5CW21|Q5CW21_CRYPI	Q8NHU2	[[139, 149]]	[[35, 45]]	1
tr|Q5CW21|Q5CW21_CRYPI	P19447	[[672, 687], [599, 613], [457, 475], [287, 298], [483, 515], [93, 105], [321, 333], [345, 357], [632, 644]]	[[654, 669], [598, 612], [456, 474], [289, 300], [482, 514], [113, 125], [323, 335], [347, 359], [631, 643]]	9
tr|Q5CW21|Q5CW21_CRYPI	Q9Y4B4	[[555, 566]]	[[736, 747]]	1
tr|Q5CW22|Q5CW22_CRYPI	Q8N3K9	[[1015, 1026]]	[[1349, 1360]]	1
tr|Q5CW22|Q5CW22_CRYPI	O14672	[[1969, 1979]]	[[250, 260]]	1
tr|Q5CW22|Q5CW22_CRYPI	Q9P2P6	[[278, 290]]	[[4372, 4384]]	1
tr|Q5CW22|Q5CW22_CRYPI	P29973	[[301, 313]]	[[386, 398]]	1
tr|Q5CW22|Q5CW22_CRYPI	Q12899	[[3098, 3110]]	[[418, 430]]	1
tr|Q5CW22|Q5CW22_CRYPI	Q9NQZ2	[[3100, 3110]]	[[154, 164]]	1
tr|Q5CW22|Q5CW22_CRYPI	Q6ZQQ6	[[3100, 3115]]	[[2258, 2273]]	1
tr|Q5CW22|Q5CW22_CRYPI	P07900	[[3105, 3116]]	[[552, 563]]	1
tr|Q5CW23|Q5CW23_CRYPI	P34949	[[204, 218]]	[[128, 142]]	1
tr|Q5CW23|Q5CW23_CRYPI	Q8NI77	[[267, 279]]	[[358, 370]]	1
tr|Q5CW23|Q5CW23_CRYPI	P52292	[[403, 415]]	[[112, 124]]	1
tr|Q5CW23|Q5CW23_CRYPI	Q96CN7	[[412, 424]]	[[275, 287]]	1
tr|Q5CW25|Q5CW25_CRYPI	Q15149	[[193, 203]]	[[4260, 4270]]	1
tr|Q5CW25|Q5CW25_CRYPI	Q06330	[[758, 767]]	[[336, 345]]	1
tr|Q5CW26|Q5CW26_CRYPI	Q8IZ81	[[382, 393]]	[[164, 175]]	1
tr|Q5CW26|Q5CW26_CRYPI	Q8N336	[[419, 430]]	[[233, 244]]	1
tr|Q5CW29|Q5CW29_CRYPI	O60907	[[5, 16]]	[[54, 65]]	1
tr|Q5CW29|Q5CW29_CRYPI	Q9BZK7	[[6, 18]]	[[4, 16]]	1
tr|Q5CW30|Q5CW30_CRYPI	Q14188	[[145, 161]]	[[177, 193]]	1
tr|Q5CW30|Q5CW30_CRYPI	Q6PCB0	[[175, 183]]	[[268, 276]]	1
tr|Q5CW30|Q5CW30_CRYPI	Q8NFD5	[[72, 83]]	[[410, 421]]	1
tr|Q5CW31|Q5CW31_CRYPI	P55201	[[112, 124]]	[[1150, 1162]]	1
tr|Q5CW31|Q5CW31_CRYPI	Q9BRX2	[[362, 374]]	[[358, 370]]	1
tr|Q5CW31|Q5CW31_CRYPI	O00472	[[410, 419]]	[[469, 478]]	1
tr|Q5CW33|Q5CW33_CRYPI	Q8N4C6	[[214, 223]]	[[412, 421]]	1
tr|Q5CW36|Q5CW36_CRYPI	O15391	[[698, 709]]	[[63, 74]]	1
tr|Q5CW36|Q5CW36_CRYPI	O95153	[[991, 1001]]	[[302, 312]]	1
tr|Q5CW37|Q5CW37_CRYPI	Q06203	[[572, 582]]	[[211, 221]]	1
tr|Q5CW37|Q5CW37_CRYPI	Q8NGP8	[[662, 672]]	[[264, 274]]	1
tr|Q5CW37|Q5CW37_CRYPI	O43570	[[874, 883]]	[[119, 128]]	1
tr|Q5CW38|Q5CW38_CRYPI	Q9NXD2	[[258, 270]]	[[200, 212]]	1
tr|Q5CW38|Q5CW38_CRYPI	P27815	[[282, 294]]	[[92, 104]]	1
tr|Q5CW38|Q5CW38_CRYPI	O95409	[[286, 298]]	[[481, 493]]	1
tr|Q5CW38|Q5CW38_CRYPI	Q96PV0	[[288, 300]]	[[379, 391]]	1
tr|Q5CW38|Q5CW38_CRYPI	O95343	[[290, 310]]	[[40, 53]]	1
tr|Q5CW38|Q5CW38_CRYPI	P78312	[[292, 312]]	[[17, 31]]	1
tr|Q5CW38|Q5CW38_CRYPI	P35527	[[295, 315], [293, 316]]	[[499, 511], [525, 541]]	2
tr|Q5CW38|Q5CW38_CRYPI	O75962	[[305, 318]]	[[2290, 2303]]	1
tr|Q5CW38|Q5CW38_CRYPI	Q9BZE0	[[308, 319]]	[[386, 397]]	1
tr|Q5CW40|Q5CW40_CRYPI	Q13315	[[247, 259]]	[[1432, 1444]]	1
tr|Q5CW42|Q5CW42_CRYPI	Q6P2Q9	[[21, 29]]	[[1364, 1372]]	1
tr|Q5CW44|Q5CW44_CRYPI	Q15431	[[18, 28]]	[[580, 590]]	1
tr|Q5CW44|Q5CW44_CRYPI	O43805	[[8, 20], [77, 98]]	[[9, 21], [78, 99]]	2
tr|Q5CW45|Q5CW45_CRYPI	Q86W10	[[162, 173]]	[[427, 438]]	1
tr|Q5CW46|Q5CW46_CRYPI	Q6ZMC9	[[104, 113]]	[[141, 150]]	1
tr|Q5CW46|Q5CW46_CRYPI	P15313	[[441, 453], [217, 237], [263, 282], [142, 155], [317, 338], [116, 138]]	[[441, 453], [217, 237], [263, 282], [141, 154], [317, 338], [115, 137]]	6
tr|Q5CW46|Q5CW46_CRYPI	P21281	[[327, 344], [43, 56], [434, 452]]	[[333, 350], [48, 61], [440, 458]]	3
tr|Q5CW47|Q5CW47_CRYPI	Q9NRX1	[[57, 69], [140, 152], [188, 199], [114, 128]]	[[96, 108], [179, 191], [227, 238], [153, 167]]	4
tr|Q5CW50|Q5CW50_CRYPI	Q99884	[[427, 436]]	[[523, 532]]	1
tr|Q5CW51|Q5CW51_CRYPI	Q9NZJ4	[[126, 136]]	[[199, 209]]	1
tr|Q5CW51|Q5CW51_CRYPI	Q13576	[[1813, 1822]]	[[1231, 1240]]	1
tr|Q5CW52|Q5CW52_CRYPI	Q8NH60	[[304, 315]]	[[250, 261]]	1
tr|Q5CW52|Q5CW52_CRYPI	Q8NGF8	[[766, 777]]	[[202, 213]]	1
tr|Q5CW54|Q5CW54_CRYPI	Q8IX15	[[100, 112]]	[[533, 545]]	1
tr|Q5CW54|Q5CW54_CRYPI	Q9Y4W2	[[101, 113]]	[[590, 602]]	1
tr|Q5CW54|Q5CW54_CRYPI	P19338	[[102, 116]]	[[252, 266]]	1
tr|Q5CW54|Q5CW54_CRYPI	O95751	[[106, 118]]	[[133, 145]]	1
tr|Q5CW54|Q5CW54_CRYPI	Q5JTC6	[[107, 119]]	[[375, 387]]	1
tr|Q5CW54|Q5CW54_CRYPI	Q9UD71	[[108, 121]]	[[118, 131]]	1
tr|Q5CW54|Q5CW54_CRYPI	Q13206	[[112, 124]]	[[582, 594]]	1
tr|Q5CW54|Q5CW54_CRYPI	P21817	[[114, 124]]	[[1884, 1894]]	1
tr|Q5CW54|Q5CW54_CRYPI	Q96BN6	[[153, 165]]	[[186, 198]]	1
tr|Q5CW54|Q5CW54_CRYPI	Q9UJK0	[[215, 233], [190, 199]]	[[142, 160], [117, 126]]	2
tr|Q5CW54|Q5CW54_CRYPI	Q96SI9	[[38, 49]]	[[171, 182]]	1
tr|Q5CW54|Q5CW54_CRYPI	P31273	[[62, 73]]	[[218, 229]]	1
tr|Q5CW54|Q5CW54_CRYPI	A6NFI3	[[66, 77]]	[[29, 40]]	1
tr|Q5CW54|Q5CW54_CRYPI	Q6ZU64	[[67, 81]]	[[1760, 1774]]	1
tr|Q5CW54|Q5CW54_CRYPI	Q96GW7	[[68, 80]]	[[459, 471]]	1
tr|Q5CW54|Q5CW54_CRYPI	P46100	[[71, 83]]	[[1446, 1458]]	1
tr|Q5CW54|Q5CW54_CRYPI	P0C7V8	[[74, 85]]	[[124, 135]]	1
tr|Q5CW54|Q5CW54_CRYPI	Q8WYN3	[[94, 108]]	[[373, 387]]	1
tr|Q5CW54|Q5CW54_CRYPI	O75054	[[98, 110]]	[[1013, 1025]]	1
tr|Q5CW55|Q5CW55_CRYPI	Q13434	[[11, 21]]	[[411, 421]]	1
tr|Q5CW55|Q5CW55_CRYPI	Q96QZ7	[[167, 178]]	[[970, 981]]	1
tr|Q5CW55|Q5CW55_CRYPI	Q9BPX1	[[418, 430]]	[[14, 26]]	1
tr|Q5CW55|Q5CW55_CRYPI	O15504	[[6, 18]]	[[3, 15]]	1
tr|Q5CW56|Q5CW56_CRYPI	P49792	[[102, 122]]	[[3142, 3162]]	1
tr|Q5CW56|Q5CW56_CRYPI	Q9UNP9	[[114, 124]]	[[230, 240]]	1
tr|Q5CW56|Q5CW56_CRYPI	O43447	[[64, 92], [35, 60], [125, 148]]	[[57, 85], [28, 53], [116, 139]]	3
tr|Q5CW56|Q5CW56_CRYPI	Q08752	[[34, 50]]	[[32, 48]]	1
tr|Q5CW57|Q5CW57_CRYPI	Q9H4Q3	[[161, 173]]	[[571, 583]]	1
tr|Q5CW57|Q5CW57_CRYPI	O00267	[[236, 248]]	[[52, 64]]	1
tr|Q5CW57|Q5CW57_CRYPI	Q13029	[[239, 249]]	[[276, 286]]	1
tr|Q5CW57|Q5CW57_CRYPI	O75054	[[239, 251]]	[[1013, 1025]]	1
tr|Q5CW57|Q5CW57_CRYPI	Q6AI12	[[242, 251]]	[[95, 104]]	1
tr|Q5CW57|Q5CW57_CRYPI	Q7L0J3	[[243, 252]]	[[49, 58]]	1
tr|Q5CW57|Q5CW57_CRYPI	Q969S3	[[27, 39]]	[[19, 31]]	1
tr|Q5CW59|Q5CW59_CRYPI	Q12946	[[1179, 1191]]	[[8, 20]]	1
tr|Q5CW59|Q5CW59_CRYPI	Q9HCS4	[[1181, 1192]]	[[1, 12]]	1
tr|Q5CW59|Q5CW59_CRYPI	P04632	[[1184, 1193]]	[[48, 57]]	1
tr|Q5CW59|Q5CW59_CRYPI	Q6AWC2	[[1517, 1529]]	[[247, 259]]	1
tr|Q5CW59|Q5CW59_CRYPI	O75052	[[193, 205]]	[[379, 391]]	1
tr|Q5CW59|Q5CW59_CRYPI	Q70CQ1	[[228, 239]]	[[255, 266]]	1
tr|Q5CW59|Q5CW59_CRYPI	Q93009	[[229, 241]]	[[217, 229]]	1
tr|Q5CW59|Q5CW59_CRYPI	Q9NVE5	[[427, 438]]	[[130, 141]]	1
tr|Q5CW59|Q5CW59_CRYPI	Q70CQ3	[[596, 607]]	[[440, 451]]	1
tr|Q5CW60|Q5CW60_CRYPI	O60942	[[53, 62]]	[[584, 593]]	1
tr|Q5CW60|Q5CW60_CRYPI	O15523	[[588, 596]]	[[543, 551]]	1
tr|Q5CW61|Q5CW61_CRYPI	O43683	[[1582, 1593]]	[[888, 899]]	1
tr|Q5CW61|Q5CW61_CRYPI	P19838	[[8, 20]]	[[576, 588]]	1
tr|Q5CW62|Q5CW62_CRYPI	Q9NTN9	[[135, 147]]	[[563, 575]]	1
tr|Q5CW62|Q5CW62_CRYPI	Q27J81	[[465, 477]]	[[759, 771]]	1
tr|Q5CW64|Q5CW64_CRYPI	Q9Y6R4	[[101, 112]]	[[294, 305]]	1
tr|Q5CW67|Q5CW67_CRYPI	Q14571	[[1081, 1089]]	[[2674, 2682]]	1
tr|Q5CW67|Q5CW67_CRYPI	O75717	[[109, 119]]	[[156, 166]]	1
tr|Q5CW67|Q5CW67_CRYPI	Q969U6	[[228, 238]]	[[110, 120]]	1
tr|Q5CW67|Q5CW67_CRYPI	Q92828	[[230, 242]]	[[103, 115]]	1
tr|Q5CW67|Q5CW67_CRYPI	P20366	[[340, 350]]	[[30, 40]]	1
tr|Q5CW67|Q5CW67_CRYPI	Q2TAY7	[[522, 532]]	[[369, 379]]	1
tr|Q5CW67|Q5CW67_CRYPI	Q5JS37	[[643, 655]]	[[262, 274]]	1
tr|Q5CW67|Q5CW67_CRYPI	Q9UNX4	[[675, 687]]	[[586, 598]]	1
tr|Q5CW67|Q5CW67_CRYPI	Q09028	[[693, 704]]	[[287, 298]]	1
tr|Q5CW67|Q5CW67_CRYPI	O43660	[[696, 707]]	[[220, 231]]	1
tr|Q5CW67|Q5CW67_CRYPI	O00628	[[742, 753]]	[[88, 99]]	1
tr|Q5CW68|Q5CW68_CRYPI	P30304	[[43, 53]]	[[140, 150]]	1
tr|Q5CW69|Q5CW69_CRYPI	Q9BY76	[[187, 195]]	[[321, 329]]	1
tr|Q5CW69|Q5CW69_CRYPI	Q6UXM1	[[279, 290]]	[[218, 229]]	1
tr|Q5CW70|Q5CW70_CRYPI	Q8TET4	[[494, 508], [512, 523], [735, 744], [680, 692], [537, 549]]	[[388, 402], [406, 417], [564, 573], [510, 522], [431, 443]]	5
tr|Q5CW70|Q5CW70_CRYPI	Q14697	[[839, 851], [678, 688]]	[[703, 715], [539, 549]]	2
tr|Q5CW71|Q5CW71_CRYPI	A2RTX5	[[364, 375]]	[[136, 147]]	1
tr|Q5CW71|Q5CW71_CRYPI	P49643	[[416, 428]]	[[346, 358]]	1
tr|Q5CW74|Q5CW74_CRYPI	Q9H2F9	[[213, 223]]	[[156, 166]]	1
tr|Q5CW74|Q5CW74_CRYPI	Q96JM4	[[216, 227]]	[[219, 230]]	1
tr|Q5CW74|Q5CW74_CRYPI	P59535	[[37, 47]]	[[90, 100]]	1
tr|Q5CW74|Q5CW74_CRYPI	Q92539	[[43, 54]]	[[297, 308]]	1
tr|Q5CW74|Q5CW74_CRYPI	Q01082	[[614, 626]]	[[1106, 1118]]	1
tr|Q5CW75|Q5CW75_CRYPI	Q2PZI1	[[182, 192]]	[[289, 299]]	1
tr|Q5CW77|Q5CW77_CRYPI	Q9Y5K1	[[180, 192]]	[[221, 233]]	1
tr|Q5CW78|Q5CW78_CRYPI	F5H4A9	[[1441, 1450]]	[[94, 103]]	1
tr|Q5CW78|Q5CW78_CRYPI	P16473	[[1967, 1977]]	[[600, 610]]	1
tr|Q5CW78|Q5CW78_CRYPI	A0A5B6	[[198, 210]]	[[87, 99]]	1
tr|Q5CW78|Q5CW78_CRYPI	O15405	[[2338, 2349]]	[[470, 481]]	1
tr|Q5CW78|Q5CW78_CRYPI	Q99550	[[2590, 2601]]	[[106, 117]]	1
tr|Q5CW80|Q5CW80_CRYPI	Q9Y6W3	[[286, 298], [480, 491]]	[[371, 383], [515, 526]]	2
tr|Q5CW80|Q5CW80_CRYPI	A8MX76	[[440, 452]]	[[275, 287]]	1
tr|Q5CW80|Q5CW80_CRYPI	Q8NCM8	[[454, 466]]	[[4028, 4040]]	1
tr|Q5CW82|Q5CW82_CRYPI	Q86TI0	[[472, 484]]	[[306, 318]]	1
tr|Q5CW82|Q5CW82_CRYPI	O95347	[[67, 81]]	[[27, 41]]	1
tr|Q5CW82|Q5CW82_CRYPI	Q2M3G0	[[71, 81]]	[[420, 430]]	1
tr|Q5CW83|Q5CW83_CRYPI	Q8NE09	[[216, 224]]	[[740, 748]]	1
tr|Q5CW83|Q5CW83_CRYPI	Q8WYJ6	[[261, 271]]	[[182, 192]]	1
tr|Q5CW84|Q5CW84_CRYPI	Q12798	[[120, 132]]	[[126, 138]]	1
tr|Q5CW84|Q5CW84_CRYPI	O15182	[[121, 141]]	[[124, 144]]	1
tr|Q5CW84|Q5CW84_CRYPI	P02585	[[72, 84]]	[[65, 77]]	1
tr|Q5CW85|Q5CW85_CRYPI	Q00610	[[686, 696], [914, 925], [1029, 1045], [1055, 1067], [1877, 1890], [653, 672]]	[[612, 622], [738, 749], [849, 865], [875, 887], [1567, 1580], [579, 598]]	6
tr|Q5CW85|Q5CW85_CRYPI	P53675	[[1608, 1625], [1875, 1900]]	[[1374, 1391], [1565, 1590]]	2
tr|Q5CW85|Q5CW85_CRYPI	Q8TBP6	[[689, 698]]	[[223, 232]]	1
tr|Q5CW86|Q5CW86_CRYPI	O75333	[[569, 577]]	[[94, 102]]	1
tr|Q5CW88|Q5CW88_CRYPI	Q07864	[[973, 985], [447, 461], [848, 886], [636, 663], [1101, 1113], [798, 817], [899, 916], [999, 1008], [281, 328], [473, 506], [1016, 1034], [508, 525]]	[[925, 937], [428, 442], [797, 835], [619, 646], [1052, 1064], [747, 766], [848, 865], [951, 960], [274, 321], [454, 487], [968, 986], [489, 506]]	12
tr|Q5CW88|Q5CW88_CRYPI	Q5VXT5	[[1341, 1352], [1305, 1316], [1371, 1382]]	[[245, 256], [245, 256], [245, 256]]	3
tr|Q5CW88|Q5CW88_CRYPI	Q96QS3	[[2, 11]]	[[170, 179]]	1
tr|Q5CW88|Q5CW88_CRYPI	O95232	[[2112, 2122]]	[[268, 278]]	1
tr|Q5CW88|Q5CW88_CRYPI	P78312	[[2115, 2127]]	[[1192, 1204]]	1
tr|Q5CW88|Q5CW88_CRYPI	Q76N89	[[2117, 2129]]	[[498, 510]]	1
tr|Q5CW88|Q5CW88_CRYPI	Q6ZU64	[[2119, 2130]]	[[1763, 1774]]	1
tr|Q5CW88|Q5CW88_CRYPI	Q8WYB5	[[2124, 2134]]	[[1364, 1374]]	1
tr|Q5CW88|Q5CW88_CRYPI	Q9NNZ6	[[2123, 2135]]	[[49, 61]]	1
tr|Q5CW88|Q5CW88_CRYPI	P21817	[[2125, 2137]]	[[1875, 1887]]	1
tr|Q5CW88|Q5CW88_CRYPI	Q7Z591	[[2129, 2141]]	[[778, 790]]	1
tr|Q5CW88|Q5CW88_CRYPI	Q1XH10	[[2130, 2142]]	[[414, 426]]	1
tr|Q5CW88|Q5CW88_CRYPI	Q5JV73	[[2135, 2147]]	[[651, 663]]	1
tr|Q5CW88|Q5CW88_CRYPI	Q6PHW0	[[2397, 2406]]	[[149, 158]]	1
tr|Q5CW88|Q5CW88_CRYPI	Q9Y570	[[2399, 2409]]	[[253, 263]]	1
tr|Q5CW88|Q5CW88_CRYPI	Q53F19	[[2400, 2411]]	[[342, 353]]	1
tr|Q5CW88|Q5CW88_CRYPI	Q96T23	[[2408, 2417]]	[[1285, 1294]]	1
tr|Q5CW89|Q5CW89_CRYPI	Q9H4B4	[[490, 501]]	[[108, 119]]	1
tr|Q5CW89|Q5CW89_CRYPI	Q9NQ89	[[492, 503]]	[[227, 238]]	1
tr|Q5CW89|Q5CW89_CRYPI	P51955	[[494, 505]]	[[57, 68]]	1
tr|Q5CW89|Q5CW89_CRYPI	Q9NRP7	[[496, 508]]	[[55, 67]]	1
tr|Q5CW89|Q5CW89_CRYPI	Q86UE8	[[574, 588]]	[[586, 600]]	1
tr|Q5CW89|Q5CW89_CRYPI	P51451	[[591, 600]]	[[372, 381]]	1
tr|Q5CW89|Q5CW89_CRYPI	O43353	[[593, 602]]	[[160, 169]]	1
tr|Q5CW89|Q5CW89_CRYPI	Q5MAI5	[[645, 653]]	[[181, 189]]	1
tr|Q5CW89|Q5CW89_CRYPI	P49336	[[646, 655]]	[[215, 224]]	1
tr|Q5CW90|Q5CW90_CRYPI	Q12830	[[386, 396]]	[[1747, 1757]]	1
tr|Q5CW90|Q5CW90_CRYPI	Q9BY67	[[387, 397]]	[[339, 349]]	1
tr|Q5CW90|Q5CW90_CRYPI	Q8N131	[[438, 450]]	[[86, 98]]	1
tr|Q5CW92|Q5CW92_CRYPI	Q712K3	[[1067, 1078]]	[[206, 217]]	1
tr|Q5CW92|Q5CW92_CRYPI	O94763	[[1072, 1082]]	[[303, 313]]	1
tr|Q5CW92|Q5CW92_CRYPI	Q9HAU4	[[1382, 1394]]	[[565, 577]]	1
tr|Q5CW92|Q5CW92_CRYPI	Q7Z3V4	[[1384, 1399], [1470, 1482], [1521, 1541]]	[[865, 880], [952, 964], [1028, 1048]]	3
tr|Q5CW92|Q5CW92_CRYPI	P09238	[[292, 300]]	[[306, 314]]	1
tr|Q5CW92|Q5CW92_CRYPI	O60716	[[422, 433]]	[[765, 776]]	1
tr|Q5CW92|Q5CW92_CRYPI	Q9UBE8	[[968, 976]]	[[27, 35]]	1
tr|Q5CW92|Q5CW92_CRYPI	O15014	[[969, 977]]	[[1365, 1373]]	1
tr|Q5CW94|Q5CW94_CRYPI	P22749	[[782, 792]]	[[21, 31]]	1
tr|Q5CW94|Q5CW94_CRYPI	Q8TC44	[[99, 111]]	[[115, 127]]	1
tr|Q5CW96|Q5CW96_CRYPI	Q7Z417	[[132, 143]]	[[38, 49]]	1
tr|Q5CW96|Q5CW96_CRYPI	Q13627	[[140, 152]]	[[608, 620]]	1
tr|Q5CW96|Q5CW96_CRYPI	P32242	[[141, 153]]	[[292, 304]]	1
tr|Q5CW96|Q5CW96_CRYPI	Q13233	[[226, 237]]	[[941, 952]]	1
tr|Q5CW97|Q5CW97_CRYPI	Q9Y5K3	[[147, 164]]	[[156, 173]]	1
tr|Q5CW97|Q5CW97_CRYPI	Q99447	[[211, 222]]	[[139, 150]]	1
tr|Q5CW97|Q5CW97_CRYPI	P49585	[[94, 106]]	[[103, 115]]	1
tr|Q5CW98|Q5CW98_CRYPI	A2RUS2	[[120, 129]]	[[617, 626]]	1
tr|Q5CWA0|Q5CWA0_CRYPI	Q9Y450	[[163, 175], [87, 101], [123, 136]]	[[342, 354], [266, 280], [302, 315]]	3
tr|Q5CWA0|Q5CWA0_CRYPI	Q5VTE0	[[139, 150]]	[[65, 76]]	1
tr|Q5CWA0|Q5CWA0_CRYPI	Q9BX10	[[85, 97]]	[[176, 188]]	1
tr|Q5CWA1|Q5CWA1_CRYPI	P33947	[[129, 139]]	[[125, 135]]	1
tr|Q5CWA1|Q5CWA1_CRYPI	O43731	[[55, 68]]	[[54, 67]]	1
tr|Q5CWA2|Q5CWA2_CRYPI	Q9UBT2	[[1046, 1057]]	[[229, 240]]	1
tr|Q5CWA3|Q5CWA3_CRYPI	O15078	[[278, 290]]	[[1007, 1019]]	1
tr|Q5CWA4|Q5CWA4_CRYPI	Q15833	[[244, 255]]	[[248, 259]]	1
tr|Q5CWA4|Q5CWA4_CRYPI	O00186	[[615, 627]]	[[531, 543]]	1
tr|Q5CWA5|Q5CWA5_CRYPI	Q6P995	[[29, 41]]	[[537, 549]]	1
tr|Q5CWA6|Q5CWA6_CRYPI	Q8IYA2	[[125, 138]]	[[774, 787]]	1
tr|Q5CWA6|Q5CWA6_CRYPI	P07199	[[383, 394]]	[[523, 534]]	1
tr|Q5CWA6|Q5CWA6_CRYPI	Q92688	[[383, 395]]	[[176, 188]]	1
tr|Q5CWA8|Q5CWA8_CRYPI	P41250	[[320, 332], [606, 620], [229, 254], [190, 208], [28, 41], [335, 357], [361, 369], [571, 600]]	[[420, 432], [682, 696], [332, 357], [293, 311], [139, 152], [435, 457], [461, 469], [645, 674]]	8
tr|Q5CWA8|Q5CWA8_CRYPI	Q13733	[[245, 253]]	[[293, 301]]	1
tr|Q5CWA8|Q5CWA8_CRYPI	Q9NY74	[[296, 306]]	[[320, 330]]	1
tr|Q5CWA8|Q5CWA8_CRYPI	P22413	[[296, 308]]	[[647, 659]]	1
tr|Q5CWA8|Q5CWA8_CRYPI	Q9Y6Q3	[[404, 414]]	[[606, 616]]	1
tr|Q5CWB2|Q5CWB2_CRYPI	Q16827	[[531, 543]]	[[409, 421]]	1
tr|Q5CWB2|Q5CWB2_CRYPI	Q8NDW8	[[959, 970]]	[[88, 99]]	1
tr|Q5CWB4|Q5CWB4_CRYPI	Q15391	[[1006, 1015]]	[[222, 231]]	1
tr|Q5CWB4|Q5CWB4_CRYPI	Q9NW82	[[1316, 1326]]	[[579, 589]]	1
tr|Q5CWB4|Q5CWB4_CRYPI	O94762	[[1664, 1675]]	[[230, 241]]	1
tr|Q5CWB4|Q5CWB4_CRYPI	P20930	[[1674, 1686]]	[[6, 18]]	1
tr|Q5CWB4|Q5CWB4_CRYPI	P18146	[[1849, 1860]]	[[450, 461]]	1
tr|Q5CWB4|Q5CWB4_CRYPI	O75899	[[1861, 1872]]	[[914, 925]]	1
tr|Q5CWB5|Q5CWB5_CRYPI	Q96SA4	[[507, 515]]	[[206, 214]]	1
tr|Q5CWB6|Q5CWB6_CRYPI	Q96CW1	[[130, 149]]	[[103, 122]]	1
tr|Q5CWB6|Q5CWB6_CRYPI	O00189	[[133, 146]]	[[107, 120]]	1
tr|Q5CWB6|Q5CWB6_CRYPI	Q9Y6Q5	[[532, 543]]	[[407, 418]]	1
tr|Q5CWB8|Q5CWB8_CRYPI	P62877	[[80, 121], [32, 78]]	[[64, 105], [17, 63]]	2
tr|Q5CWB9|Q5CWB9_CRYPI	O60701	[[269, 287], [47, 60], [83, 104], [159, 176], [216, 251], [333, 349], [460, 471], [8, 22], [126, 142]]	[[264, 282], [44, 57], [80, 101], [155, 172], [211, 246], [328, 344], [431, 442], [5, 19], [123, 139]]	9
tr|Q5CWB9|Q5CWB9_CRYPI	Q9NVV2	[[277, 289]]	[[8, 20]]	1
tr|Q5CWC0|Q5CWC0_CRYPI	Q9P253	[[1217, 1234]]	[[943, 960]]	1
tr|Q5CWC0|Q5CWC0_CRYPI	P78509	[[347, 357]]	[[2415, 2425]]	1
tr|Q5CWC0|Q5CWC0_CRYPI	Q15526	[[901, 911]]	[[81, 91]]	1
tr|Q5CWC1|Q5CWC1_CRYPI	Q9H0Y0	[[206, 215]]	[[47, 56]]	1
tr|Q5CWC2|Q5CWC2_CRYPI	Q5JTY5	[[76, 89], [19, 33], [106, 117]]	[[101, 114], [45, 59], [132, 143]]	3
tr|Q5CWC3|Q5CWC3_CRYPI	Q6P2Q9	[[141, 151]]	[[471, 481]]	1
tr|Q5CWC3|Q5CWC3_CRYPI	P54278	[[22, 33]]	[[593, 604]]	1
tr|Q5CWC3|Q5CWC3_CRYPI	Q00403	[[295, 307]]	[[164, 176]]	1
tr|Q5CWC4|Q5CWC4_CRYPI	Q8NFQ6	[[36, 44]]	[[448, 456]]	1
tr|Q5CWC5|Q5CWC5_CRYPI	Q01780	[[372, 384]]	[[403, 415]]	1
tr|Q5CWC6|Q5CWC6_CRYPI	P62333	[[380, 393], [112, 126], [140, 176], [127, 139], [88, 109], [61, 78]]	[[363, 376], [95, 109], [123, 159], [110, 122], [71, 92], [44, 61]]	6
tr|Q5CWC8|Q5CWC8_CRYPI	Q92797	[[237, 248]]	[[388, 399]]	1
tr|Q5CWC8|Q5CWC8_CRYPI	Q53GI3	[[320, 330]]	[[266, 276]]	1
tr|Q5CWC9|Q5CWC9_CRYPI	Q0JRZ9	[[15, 27]]	[[436, 448]]	1
tr|Q5CWC9|Q5CWC9_CRYPI	Q9Y5R2	[[752, 762]]	[[171, 181]]	1
tr|Q5CWC9|Q5CWC9_CRYPI	Q8WYN3	[[88, 100]]	[[288, 300]]	1
tr|Q5CWD0|Q5CWD0_CRYPI	Q9UPS8	[[296, 304]]	[[1393, 1401]]	1
tr|Q5CWD0|Q5CWD0_CRYPI	P26196	[[310, 324]]	[[166, 180]]	1
tr|Q5CWD0|Q5CWD0_CRYPI	Q86XP3	[[388, 400]]	[[403, 415]]	1
tr|Q5CWD0|Q5CWD0_CRYPI	Q7L014	[[413, 425], [389, 405]]	[[550, 562], [526, 542]]	2
tr|Q5CWD0|Q5CWD0_CRYPI	Q8TDD1	[[391, 406]]	[[246, 261]]	1
tr|Q5CWD0|Q5CWD0_CRYPI	Q9BUQ8	[[573, 586]]	[[744, 757]]	1
tr|Q5CWD0|Q5CWD0_CRYPI	Q9Y2R4	[[577, 589]]	[[496, 508]]	1
tr|Q5CWD1|Q5CWD1_CRYPI	Q8IWL3	[[292, 300]]	[[97, 105]]	1
tr|Q5CWD1|Q5CWD1_CRYPI	P31269	[[296, 305]]	[[47, 56]]	1
tr|Q5CWD1|Q5CWD1_CRYPI	P0DQW0	[[75, 87]]	[[15, 27]]	1
tr|Q5CWD2|Q5CWD2_CRYPI	A8MX80	[[192, 204]]	[[133, 145]]	1
tr|Q5CWD2|Q5CWD2_CRYPI	P11055	[[228, 237]]	[[1220, 1229]]	1
tr|Q5CWD2|Q5CWD2_CRYPI	Q8NC06	[[958, 968]]	[[38, 48]]	1
tr|Q5CWD4|Q5CWD4_CRYPI	P31321	[[166, 178]]	[[194, 206]]	1
tr|Q5CWD4|Q5CWD4_CRYPI	P31323	[[171, 183]]	[[220, 232]]	1
tr|Q5CWD4|Q5CWD4_CRYPI	P41240	[[618, 633]]	[[191, 206]]	1
tr|Q5CWD4|Q5CWD4_CRYPI	Q13237	[[679, 691]]	[[510, 522]]	1
tr|Q5CWD4|Q5CWD4_CRYPI	P51817	[[740, 752]]	[[167, 179]]	1
tr|Q5CWD6|Q5CWD6_CRYPI	Q8NGV6	[[156, 167]]	[[158, 169]]	1
tr|Q5CWD8|Q5CWD8_CRYPI	Q9NQX4	[[286, 297], [149, 161]]	[[252, 263], [152, 164]]	2
tr|Q5CWD8|Q5CWD8_CRYPI	Q96H55	[[150, 162]]	[[124, 136]]	1
tr|Q5CWD8|Q5CWD8_CRYPI	Q8NEV4	[[153, 166], [506, 517]]	[[426, 439], [726, 737]]	2
tr|Q5CWD8|Q5CWD8_CRYPI	Q6PIF6	[[155, 167]]	[[155, 167]]	1
tr|Q5CWD8|Q5CWD8_CRYPI	O43795	[[160, 173]]	[[110, 123]]	1
tr|Q5CWD8|Q5CWD8_CRYPI	Q9Y4D7	[[1658, 1670]]	[[488, 500]]	1
tr|Q5CWD8|Q5CWD8_CRYPI	P35749	[[230, 244], [643, 655], [504, 515]]	[[220, 234], [574, 586], [466, 477]]	3
tr|Q5CWD8|Q5CWD8_CRYPI	B2RTY4	[[285, 295]]	[[329, 339]]	1
tr|Q5CWD8|Q5CWD8_CRYPI	Q9Y4I1	[[495, 511]]	[[435, 451]]	1
tr|Q5CWD8|Q5CWD8_CRYPI	Q9HD67	[[513, 525]]	[[450, 462]]	1
tr|Q5CWD8|Q5CWD8_CRYPI	Q9P2W9	[[520, 531]]	[[265, 276]]	1
tr|Q5CWD8|Q5CWD8_CRYPI	P11055	[[652, 664]]	[[586, 598]]	1
tr|Q5CWD8|Q5CWD8_CRYPI	Q14005	[[692, 704]]	[[8, 20]]	1
tr|Q5CWD9|Q5CWD9_CRYPI	Q86UE4	[[116, 126]]	[[158, 168]]	1
tr|Q5CWD9|Q5CWD9_CRYPI	O60885	[[117, 129]]	[[539, 551]]	1
tr|Q5CWD9|Q5CWD9_CRYPI	Q2VWA4	[[1345, 1357]]	[[358, 370]]	1
tr|Q5CWD9|Q5CWD9_CRYPI	Q9H1J1	[[1385, 1395]]	[[460, 470]]	1
tr|Q5CWD9|Q5CWD9_CRYPI	Q99952	[[1396, 1460]]	[[366, 380]]	1
tr|Q5CWD9|Q5CWD9_CRYPI	Q9NY46	[[1766, 1778]]	[[1068, 1080]]	1
tr|Q5CWD9|Q5CWD9_CRYPI	Q3MIW9	[[218, 228]]	[[198, 208]]	1
tr|Q5CWD9|Q5CWD9_CRYPI	Q96H15	[[219, 231]]	[[134, 146]]	1
tr|Q5CWD9|Q5CWD9_CRYPI	P51816	[[225, 239]]	[[1016, 1030]]	1
tr|Q5CWD9|Q5CWD9_CRYPI	Q2KHR2	[[252, 271]]	[[942, 959]]	1
tr|Q5CWD9|Q5CWD9_CRYPI	Q7Z4N2	[[891, 902]]	[[354, 365]]	1
tr|Q5CWE0|Q5CWE0_CRYPI	P82914	[[189, 201]]	[[142, 154]]	1
tr|Q5CWE0|Q5CWE0_CRYPI	Q7RTY5	[[450, 462]]	[[270, 282]]	1
tr|Q5CWE1|Q5CWE1_CRYPI	Q9UNQ0	[[198, 214]]	[[200, 216]]	1
tr|Q5CWE1|Q5CWE1_CRYPI	Q8N139	[[200, 211]]	[[631, 642]]	1
tr|Q5CWE1|Q5CWE1_CRYPI	Q9H222	[[238, 249]]	[[247, 258]]	1
tr|Q5CWE1|Q5CWE1_CRYPI	Q8IUA7	[[76, 90]]	[[518, 532]]	1
tr|Q5CWE2|Q5CWE2_CRYPI	Q9NY28	[[144, 154]]	[[141, 151]]	1
tr|Q5CWE5|Q5CWE5_CRYPI	Q9P2I0	[[284, 293]]	[[395, 404]]	1
tr|Q5CWE5|Q5CWE5_CRYPI	Q8WWB3	[[296, 310]]	[[91, 105]]	1
tr|Q5CWE5|Q5CWE5_CRYPI	Q9NZM3	[[338, 350]]	[[707, 719]]	1
tr|Q5CWE5|Q5CWE5_CRYPI	Q13111	[[343, 355]]	[[424, 436]]	1
tr|Q5CWE5|Q5CWE5_CRYPI	Q9BXS9	[[404, 414]]	[[588, 598]]	1
tr|Q5CWE5|Q5CWE5_CRYPI	Q8NHQ9	[[410, 421], [432, 443]]	[[491, 502], [491, 502]]	2
tr|Q5CWE5|Q5CWE5_CRYPI	Q9NRL2	[[411, 422]]	[[305, 316]]	1
tr|Q5CWE5|Q5CWE5_CRYPI	Q16236	[[421, 432]]	[[54, 65]]	1
tr|Q5CWE5|Q5CWE5_CRYPI	Q96N46	[[424, 436]]	[[435, 447]]	1
tr|Q5CWE5|Q5CWE5_CRYPI	Q9UIF9	[[466, 478]]	[[747, 759]]	1
tr|Q5CWE5|Q5CWE5_CRYPI	Q9HCJ0	[[609, 621]]	[[971, 983]]	1
tr|Q5CWE6|Q5CWE6_CRYPI	P35663	[[192, 203]]	[[293, 304]]	1
tr|Q5CWE6|Q5CWE6_CRYPI	Q96CJ1	[[193, 205]]	[[193, 205]]	1
tr|Q5CWE6|Q5CWE6_CRYPI	Q9BY67	[[540, 551]]	[[339, 350]]	1
tr|Q5CWE6|Q5CWE6_CRYPI	Q9HCJ0	[[592, 604]]	[[961, 973]]	1
tr|Q5CWE7|Q5CWE7_CRYPI	Q9HAU6	[[106, 114]]	[[94, 102]]	1
tr|Q5CWE7|Q5CWE7_CRYPI	Q8NGY0	[[94, 105]]	[[301, 312]]	1
tr|Q5CWE7|Q5CWE7_CRYPI	Q8NGF7	[[97, 109]]	[[289, 301]]	1
tr|Q5CWE8|Q5CWE8_CRYPI	Q05209	[[1015, 1026]]	[[53, 64]]	1
tr|Q5CWE8|Q5CWE8_CRYPI	Q2M1P5	[[1189, 1198]]	[[740, 749]]	1
tr|Q5CWF2|Q5CWF2_CRYPI	Q9HCQ5	[[897, 904]]	[[590, 597]]	1
tr|Q5CWF3|Q5CWF3_CRYPI	Q12967	[[336, 347]]	[[766, 777]]	1
tr|Q5CWF4|Q5CWF4_CRYPI	Q86Y13	[[527, 538]]	[[665, 676]]	1
tr|Q5CWF7|Q5CWF7_CRYPI	Q5W0A0	[[1034, 1044]]	[[683, 693]]	1
tr|Q5CWF9|Q5CWF9_CRYPI	Q8TCU6	[[155, 167]]	[[37, 49]]	1
tr|Q5CWF9|Q5CWF9_CRYPI	Q9NUQ8	[[462, 478], [597, 611], [331, 343]]	[[436, 452], [556, 570], [305, 317]]	3
tr|Q5CWF9|Q5CWF9_CRYPI	Q9UG63	[[354, 369], [376, 386]]	[[229, 244], [539, 549]]	2
tr|Q5CWG0|Q5CWG0_CRYPI	Q14687	[[160, 171]]	[[1102, 1113]]	1
tr|Q5CWG0|Q5CWG0_CRYPI	Q13342	[[1608, 1617]]	[[151, 160]]	1
tr|Q5CWG0|Q5CWG0_CRYPI	Q92688	[[160, 172]]	[[175, 187]]	1
tr|Q5CWG0|Q5CWG0_CRYPI	O00401	[[190, 202]]	[[483, 495]]	1
tr|Q5CWG0|Q5CWG0_CRYPI	P52655	[[194, 206]]	[[281, 293]]	1
tr|Q5CWG0|Q5CWG0_CRYPI	Q9BXN1	[[2091, 2100]]	[[257, 266]]	1
tr|Q5CWG0|Q5CWG0_CRYPI	O75179	[[2131, 2141]]	[[93, 103]]	1
tr|Q5CWG0|Q5CWG0_CRYPI	P23490	[[2132, 2144]]	[[19, 31]]	1
tr|Q5CWG0|Q5CWG0_CRYPI	Q12906	[[2133, 2145]]	[[701, 713]]	1
tr|Q5CWG0|Q5CWG0_CRYPI	P31277	[[2135, 2145]]	[[93, 103]]	1
tr|Q5CWG0|Q5CWG0_CRYPI	P49959	[[254, 263]]	[[686, 695]]	1
tr|Q5CWG0|Q5CWG0_CRYPI	B5ME19	[[345, 356]]	[[220, 231]]	1
tr|Q5CWG0|Q5CWG0_CRYPI	Q9NX58	[[81, 93]]	[[212, 224]]	1
tr|Q5CWG1|Q5CWG1_CRYPI	Q8IVW4	[[231, 241]]	[[107, 117]]	1
tr|Q5CWG1|Q5CWG1_CRYPI	Q8N568	[[238, 253]]	[[504, 519]]	1
tr|Q5CWG1|Q5CWG1_CRYPI	Q00532	[[245, 257]]	[[122, 134]]	1
tr|Q5CWG1|Q5CWG1_CRYPI	Q9NQU5	[[259, 271]]	[[536, 548]]	1
tr|Q5CWG1|Q5CWG1_CRYPI	Q13237	[[304, 314]]	[[633, 643]]	1
tr|Q5CWG1|Q5CWG1_CRYPI	A6NI15	[[451, 461]]	[[126, 136]]	1
tr|Q5CWG2|Q5CWG2_CRYPI	P11279	[[165, 175]]	[[254, 264]]	1
tr|Q5CWG2|Q5CWG2_CRYPI	P48595	[[175, 187]]	[[241, 253]]	1
tr|Q5CWG6|Q5CWG6_CRYPI	Q96JN8	[[60, 72]]	[[418, 430]]	1
tr|Q5CWG7|Q5CWG7_CRYPI	Q9H0A6	[[270, 280]]	[[143, 153]]	1
tr|Q5CWG7|Q5CWG7_CRYPI	P49019	[[428, 437]]	[[301, 310]]	1
tr|Q5CWG9|Q5CWG9_CRYPI	Q32P41	[[163, 172], [280, 293]]	[[202, 211], [318, 331]]	2
tr|Q5CWH0|Q5CWH0_CRYPI	Q9UPU5	[[176, 187]]	[[1505, 1516]]	1
tr|Q5CWH1|Q5CWH1_CRYPI	O94763	[[1484, 1494]]	[[311, 321]]	1
tr|Q5CWH1|Q5CWH1_CRYPI	Q96HR8	[[1672, 1684]]	[[113, 125]]	1
tr|Q5CWH1|Q5CWH1_CRYPI	Q8N5F7	[[1673, 1685]]	[[211, 223]]	1
tr|Q5CWH1|Q5CWH1_CRYPI	O75864	[[1675, 1686]]	[[503, 514]]	1
tr|Q5CWH1|Q5CWH1_CRYPI	Q12841	[[1823, 1832]]	[[146, 155]]	1
tr|Q5CWH1|Q5CWH1_CRYPI	Q9BTK6	[[2278, 2289]]	[[53, 64]]	1
tr|Q5CWH1|Q5CWH1_CRYPI	Q03113	[[2307, 2318]]	[[17, 28]]	1
tr|Q5CWH1|Q5CWH1_CRYPI	Q6ZQQ6	[[2383, 2392]]	[[2280, 2289]]	1
tr|Q5CWH1|Q5CWH1_CRYPI	Q5HYW3	[[2383, 2394]]	[[374, 385]]	1
tr|Q5CWH1|Q5CWH1_CRYPI	P07900	[[2386, 2398]]	[[241, 253]]	1
tr|Q5CWH1|Q5CWH1_CRYPI	Q6PUV4	[[2389, 2398]]	[[72, 81]]	1
tr|Q5CWH1|Q5CWH1_CRYPI	Q8IVI9	[[443, 454]]	[[199, 210]]	1
tr|Q5CWH1|Q5CWH1_CRYPI	O94907	[[467, 478]]	[[153, 164]]	1
tr|Q5CWH3|Q5CWH3_CRYPI	P78371	[[70, 93], [203, 217], [31, 54], [405, 426], [124, 134], [373, 398], [286, 299], [311, 328]]	[[65, 88], [198, 212], [29, 52], [400, 421], [119, 129], [368, 393], [281, 294], [306, 323]]	8
tr|Q5CWH4|Q5CWH4_CRYPI	P04843	[[218, 232]]	[[228, 242]]	1
tr|Q5CWH5|Q5CWH5_CRYPI	Q9UK32	[[314, 326]]	[[537, 549]]	1
tr|Q5CWH5|Q5CWH5_CRYPI	O75716	[[317, 327]]	[[145, 155]]	1
tr|Q5CWH5|Q5CWH5_CRYPI	Q8IVE3	[[632, 644]]	[[572, 584]]	1
tr|Q5CWH7|Q5CWH7_CRYPI	Q68CR1	[[22, 34]]	[[956, 968]]	1
tr|Q5CWH8|Q5CWH8_CRYPI	Q9NY46	[[9, 18]]	[[1193, 1202]]	1
tr|Q5CWI0|Q5CWI0_CRYPI	Q16650	[[264, 274]]	[[618, 628]]	1
tr|Q5CWI0|Q5CWI0_CRYPI	Q5VT06	[[507, 517]]	[[1008, 1018]]	1
tr|Q5CWI0|Q5CWI0_CRYPI	Q7Z4J2	[[652, 663]]	[[83, 94]]	1
tr|Q5CWI0|Q5CWI0_CRYPI	Q5SYE7	[[727, 738]]	[[896, 907]]	1
tr|Q5CWI0|Q5CWI0_CRYPI	P35716	[[729, 741]]	[[337, 349]]	1
tr|Q5CWI1|Q5CWI1_CRYPI	Q8TE77	[[16, 28]]	[[619, 631]]	1
tr|Q5CWI1|Q5CWI1_CRYPI	Q0VG99	[[18, 33]]	[[175, 190]]	1
tr|Q5CWI1|Q5CWI1_CRYPI	Q5VST6	[[198, 210]]	[[134, 146]]	1
tr|Q5CWI1|Q5CWI1_CRYPI	Q96MM7	[[24, 36]]	[[530, 542]]	1
tr|Q5CWI3|Q5CWI3_CRYPI	P10809	[[178, 187], [552, 564], [108, 129], [222, 237], [306, 318]]	[[170, 179], [512, 524], [100, 121], [214, 229], [298, 310]]	5
tr|Q5CWI4|Q5CWI4_CRYPI	Q96HE8	[[107, 115]]	[[43, 51]]	1
tr|Q5CWI5|Q5CWI5_CRYPI	Q9BRC7	[[418, 426]]	[[707, 715]]	1
tr|Q5CWI8|Q5CWI8_CRYPI	P26651	[[113, 124]]	[[123, 134]]	1
tr|Q5CWJ0|Q5CWJ0_CRYPI	O60911	[[189, 205]]	[[127, 143]]	1
tr|Q5CWJ0|Q5CWJ0_CRYPI	P25774	[[354, 365], [196, 210]]	[[290, 301], [135, 149]]	2
tr|Q5CWJ0|Q5CWJ0_CRYPI	Q9UBR2	[[355, 370]]	[[254, 269]]	1
tr|Q5CWJ0|Q5CWJ0_CRYPI	P43235	[[361, 374]]	[[295, 308]]	1
tr|Q5CWJ1|Q5CWJ1_CRYPI	Q8N2S1	[[137, 147]]	[[7, 17]]	1
tr|Q5CWJ1|Q5CWJ1_CRYPI	Q9NR30	[[148, 160], [409, 425], [362, 376]]	[[268, 280], [513, 529], [466, 480]]	3
tr|Q5CWJ1|Q5CWJ1_CRYPI	Q9NXZ2	[[182, 194], [217, 231]]	[[357, 369], [392, 406]]	2
tr|Q5CWJ1|Q5CWJ1_CRYPI	Q92499	[[189, 200]]	[[338, 349]]	1
tr|Q5CWJ1|Q5CWJ1_CRYPI	Q96GQ7	[[216, 227]]	[[335, 346]]	1
tr|Q5CWJ1|Q5CWJ1_CRYPI	Q9BUQ8	[[422, 434]]	[[753, 765]]	1
tr|Q5CWJ1|Q5CWJ1_CRYPI	Q8N2C7	[[675, 687]]	[[871, 883]]	1
tr|Q5CWJ2|Q5CWJ2_CRYPI	Q9UMS4	[[24, 32], [124, 146]]	[[0, 8], [101, 123]]	2
tr|Q5CWJ2|Q5CWJ2_CRYPI	P18858	[[324, 333]]	[[585, 594]]	1
tr|Q5CWJ2|Q5CWJ2_CRYPI	Q6UXN9	[[467, 479]]	[[125, 137]]	1
tr|Q5CWJ3|Q5CWJ3_CRYPI	P19012	[[1076, 1086]]	[[76, 86]]	1
tr|Q5CWJ3|Q5CWJ3_CRYPI	Q9H0K4	[[1097, 1109]]	[[700, 712]]	1
tr|Q5CWJ3|Q5CWJ3_CRYPI	P51681	[[11, 19]]	[[306, 314]]	1
tr|Q5CWJ3|Q5CWJ3_CRYPI	Q92918	[[233, 243]]	[[149, 159]]	1
tr|Q5CWJ4|Q5CWJ4_CRYPI	Q8N878	[[116, 125]]	[[55, 64]]	1
tr|Q5CWJ4|Q5CWJ4_CRYPI	Q9NVP1	[[123, 134]]	[[260, 271]]	1
tr|Q5CWJ4|Q5CWJ4_CRYPI	Q9H0S4	[[165, 175]]	[[142, 152]]	1
tr|Q5CWJ4|Q5CWJ4_CRYPI	P26196	[[166, 179], [60, 71]]	[[216, 229], [126, 137]]	2
tr|Q5CWJ4|Q5CWJ4_CRYPI	Q8NHQ9	[[194, 207]]	[[168, 181]]	1
tr|Q5CWJ4|Q5CWJ4_CRYPI	Q5T8P6	[[284, 293]]	[[108, 117]]	1
tr|Q5CWJ4|Q5CWJ4_CRYPI	Q9NXZ2	[[362, 374]]	[[544, 556]]	1
tr|Q5CWJ4|Q5CWJ4_CRYPI	Q9H8H2	[[388, 400]]	[[611, 623]]	1
tr|Q5CWJ4|Q5CWJ4_CRYPI	Q9BUQ8	[[73, 85]]	[[434, 446]]	1
tr|Q5CWK1|Q5CWK1_CRYPI	Q9BUF5	[[80, 94], [354, 376], [104, 117], [148, 167]]	[[79, 93], [353, 375], [103, 116], [147, 166]]	4
tr|Q5CWK1|Q5CWK1_CRYPI	Q3ZCM7	[[378, 392], [44, 63], [106, 122]]	[[377, 391], [43, 62], [105, 121]]	3
tr|Q5CWK1|Q5CWK1_CRYPI	P04350	[[114, 126]]	[[113, 125]]	1
tr|Q5CWK1|Q5CWK1_CRYPI	A6NNZ2	[[53, 77], [116, 135], [144, 159], [381, 395], [276, 299], [239, 251]]	[[52, 76], [115, 134], [143, 158], [380, 394], [275, 298], [238, 250]]	6
tr|Q5CWK1|Q5CWK1_CRYPI	Q9H4B7	[[277, 297], [118, 136], [187, 199]]	[[276, 296], [117, 135], [186, 198]]	3
tr|Q5CWK1|Q5CWK1_CRYPI	Q13509	[[59, 78], [178, 198], [20, 33], [84, 106]]	[[58, 77], [177, 197], [19, 32], [83, 105]]	4
tr|Q5CWK1|Q5CWK1_CRYPI	Q9BVA1	[[36, 50], [22, 35]]	[[35, 49], [21, 34]]	2
tr|Q5CWK1|Q5CWK1_CRYPI	P68371	[[24, 46]]	[[23, 45]]	1
tr|Q5CWK2|Q5CWK2_CRYPI	Q92845	[[275, 284]]	[[305, 314]]	1
tr|Q5CWK2|Q5CWK2_CRYPI	O75533	[[994, 1007], [292, 308], [792, 813], [818, 834], [887, 901], [849, 876], [404, 420], [977, 989], [382, 400], [934, 957], [617, 628], [704, 724]]	[[1267, 1280], [566, 582], [1065, 1086], [1091, 1107], [1160, 1174], [1122, 1149], [678, 694], [1250, 1262], [656, 674], [1207, 1230], [891, 902], [977, 997]]	12
tr|Q5CWK3|Q5CWK3_CRYPI	Q53FV1	[[231, 243]]	[[22, 34]]	1
tr|Q5CWK5|Q5CWK5_CRYPI	O00203	[[209, 221]]	[[781, 793]]	1
tr|Q5CWK5|Q5CWK5_CRYPI	Q9NRJ4	[[255, 265]]	[[226, 236]]	1
tr|Q5CWK5|Q5CWK5_CRYPI	Q9NX07	[[322, 333]]	[[131, 142]]	1
tr|Q5CWK5|Q5CWK5_CRYPI	Q9NQZ3	[[324, 333]]	[[76, 85]]	1
tr|Q5CWK5|Q5CWK5_CRYPI	Q8N9W6	[[324, 336]]	[[69, 81]]	1
tr|Q5CWK5|Q5CWK5_CRYPI	Q9Y4C8	[[554, 567], [604, 614]]	[[649, 662], [732, 742]]	2
tr|Q5CWK5|Q5CWK5_CRYPI	P19338	[[65, 77]]	[[611, 623]]	1
tr|Q5CWK6|Q5CWK6_CRYPI	Q96PV6	[[473, 488], [417, 429]]	[[600, 615], [558, 570]]	2
tr|Q5CWK8|Q5CWK8_CRYPI	Q8IW50	[[354, 363]]	[[111, 120]]	1
tr|Q5CWL0|Q5CWL0_CRYPI	Q8TAU0	[[25, 35]]	[[58, 68]]	1
tr|Q5CWL0|Q5CWL0_CRYPI	A4D161	[[466, 476]]	[[114, 124]]	1
tr|Q5CWL0|Q5CWL0_CRYPI	P13645	[[634, 647]]	[[501, 514]]	1
tr|Q5CWL0|Q5CWL0_CRYPI	P56279	[[703, 713]]	[[48, 58]]	1
tr|Q5CWL2|Q5CWL2_CRYPI	P62241	[[169, 197], [22, 39], [83, 106], [46, 70]]	[[170, 198], [22, 39], [82, 105], [45, 69]]	4
tr|Q5CWL3|Q5CWL3_CRYPI	Q01974	[[20, 29]]	[[439, 448]]	1
tr|Q5CWL3|Q5CWL3_CRYPI	Q9UNX3	[[93, 105], [25, 47]]	[[98, 110], [29, 51]]	2
tr|Q5CWL4|Q5CWL4_CRYPI	Q8WZ42	[[149, 159]]	[[1791, 1801]]	1
tr|Q5CWL5|Q5CWL5_CRYPI	O60858	[[101, 109]]	[[126, 134]]	1
tr|Q5CWL5|Q5CWL5_CRYPI	Q9H1D9	[[105, 115]]	[[98, 108]]	1
tr|Q5CWL5|Q5CWL5_CRYPI	A6NJZ7	[[255, 266]]	[[1182, 1193]]	1
tr|Q5CWL7|Q5CWL7_CRYPI	Q8IZT6	[[1007, 1019], [1031, 1040]]	[[1399, 1411], [2485, 2494]]	2
tr|Q5CWL7|Q5CWL7_CRYPI	Q6PIF6	[[210, 222], [581, 600]]	[[155, 167], [443, 462]]	2
tr|Q5CWL7|Q5CWL7_CRYPI	Q9UM54	[[280, 292], [214, 227]]	[[200, 212], [152, 165]]	2
tr|Q5CWL7|Q5CWL7_CRYPI	P13533	[[258, 267]]	[[217, 226]]	1
tr|Q5CWL7|Q5CWL7_CRYPI	Q9UKX3	[[258, 273]]	[[218, 233]]	1
tr|Q5CWL7|Q5CWL7_CRYPI	O00160	[[263, 274]]	[[145, 156]]	1
tr|Q5CWL7|Q5CWL7_CRYPI	Q96H55	[[688, 700], [276, 290]]	[[526, 538], [186, 200]]	2
tr|Q5CWL7|Q5CWL7_CRYPI	Q9UBC5	[[329, 342]]	[[190, 203]]	1
tr|Q5CWL7|Q5CWL7_CRYPI	Q9NYW2	[[497, 506]]	[[296, 305]]	1
tr|Q5CWL7|Q5CWL7_CRYPI	B2RTY4	[[590, 601]]	[[552, 563]]	1
tr|Q5CWL7|Q5CWL7_CRYPI	Q5T7N2	[[909, 921]]	[[836, 848]]	1
tr|Q5CWL7|Q5CWL7_CRYPI	Q15506	[[983, 995]]	[[119, 131]]	1
tr|Q5CWL8|Q5CWL8_CRYPI	P45974	[[235, 245]]	[[242, 252]]	1
tr|Q5CWL8|Q5CWL8_CRYPI	Q92995	[[262, 276]]	[[278, 292]]	1
tr|Q5CWL8|Q5CWL8_CRYPI	Q9BXU7	[[851, 863]]	[[831, 843]]	1
tr|Q5CWL9|Q5CWL9_CRYPI	Q92819	[[30, 41]]	[[516, 527]]	1
tr|Q5CWM1|Q5CWM1_CRYPI	Q14157	[[295, 304]]	[[534, 543]]	1
tr|Q5CWM1|Q5CWM1_CRYPI	Q685J3	[[296, 308]]	[[4074, 4086]]	1
tr|Q5CWM4|Q5CWM4_CRYPI	Q15427	[[177, 193], [112, 124], [154, 166]]	[[167, 183], [102, 114], [144, 156]]	3
tr|Q5CWM4|Q5CWM4_CRYPI	Q96DU9	[[125, 138]]	[[121, 134]]	1
tr|Q5CWM4|Q5CWM4_CRYPI	Q9NW13	[[38, 50]]	[[19, 31]]	1
tr|Q5CWM5|Q5CWM5_CRYPI	Q5SRE5	[[18, 27]]	[[100, 109]]	1
tr|Q5CWM5|Q5CWM5_CRYPI	Q9BR61	[[184, 195]]	[[224, 235]]	1
tr|Q5CWM5|Q5CWM5_CRYPI	Q9Y575	[[278, 289], [233, 243]]	[[335, 346], [227, 237]]	2
tr|Q5CWM5|Q5CWM5_CRYPI	A5PLL1	[[235, 246]]	[[102, 113]]	1
tr|Q5CWM5|Q5CWM5_CRYPI	Q92527	[[314, 326]]	[[178, 190]]	1
tr|Q5CWM5|Q5CWM5_CRYPI	P53355	[[323, 334]]	[[606, 617]]	1
tr|Q5CWM5|Q5CWM5_CRYPI	Q9H814	[[412, 424]]	[[237, 249]]	1
tr|Q5CWM6|Q5CWM6_CRYPI	Q5U5X8	[[225, 234]]	[[26, 35]]	1
tr|Q5CWM6|Q5CWM6_CRYPI	P19174	[[655, 666]]	[[384, 395]]	1
tr|Q5CWM7|Q5CWM7_CRYPI	P50053	[[1077, 1089]]	[[19, 31]]	1
tr|Q5CWM7|Q5CWM7_CRYPI	Q9BXU7	[[13, 25]]	[[172, 184]]	1
tr|Q5CWM7|Q5CWM7_CRYPI	P57768	[[2161, 2170]]	[[53, 62]]	1
tr|Q5CWM7|Q5CWM7_CRYPI	Q9ULJ7	[[2541, 2553]]	[[310, 322]]	1
tr|Q5CWM8|Q5CWM8_CRYPI	P56962	[[51, 62]]	[[279, 290]]	1
tr|Q5CWM9|Q5CWM9_CRYPI	Q16204	[[385, 393]]	[[443, 451]]	1
tr|Q5CWN0|Q5CWN0_CRYPI	Q8WZ42	[[257, 268]]	[[21663, 21674]]	1
tr|Q5CWN1|Q5CWN1_CRYPI	P54132	[[396, 408], [428, 440], [260, 272], [364, 380], [470, 481]]	[[820, 832], [852, 864], [690, 702], [788, 804], [891, 902]]	5
tr|Q5CWN1|Q5CWN1_CRYPI	P46063	[[431, 443], [262, 274], [548, 560], [518, 531]]	[[279, 291], [116, 128], [395, 407], [365, 378]]	4
tr|Q5CWN1|Q5CWN1_CRYPI	O94762	[[263, 275], [370, 390]]	[[56, 68], [156, 176]]	2
tr|Q5CWN1|Q5CWN1_CRYPI	P11215	[[343, 355]]	[[177, 189]]	1
tr|Q5CWN1|Q5CWN1_CRYPI	Q14191	[[555, 567], [399, 409], [521, 533]]	[[852, 864], [696, 706], [818, 830]]	3
tr|Q5CWN1|Q5CWN1_CRYPI	Q9H582	[[442, 453]]	[[1238, 1249]]	1
tr|Q5CWN1|Q5CWN1_CRYPI	Q8TF46	[[724, 733]]	[[920, 929]]	1
tr|Q5CWN2|Q5CWN2_CRYPI	P28340	[[1047, 1063], [310, 322], [727, 746], [372, 382], [809, 822], [672, 687], [1034, 1045]]	[[1066, 1082], [325, 337], [741, 760], [387, 397], [824, 837], [687, 702], [1053, 1064]]	7
tr|Q5CWN2|Q5CWN2_CRYPI	Q8WUX1	[[501, 511]]	[[181, 191]]	1
tr|Q5CWN2|Q5CWN2_CRYPI	O60673	[[811, 822]]	[[2852, 2863]]	1
tr|Q5CWN3|Q5CWN3_CRYPI	P07814	[[500, 512], [234, 270], [551, 567], [405, 418], [306, 336], [474, 493]]	[[1292, 1304], [1024, 1060], [1347, 1363], [1195, 1208], [1096, 1126], [1266, 1285]]	6
tr|Q5CWN4|Q5CWN4_CRYPI	Q9NYK6	[[140, 151]]	[[6, 17]]	1
tr|Q5CWN5|Q5CWN5_CRYPI	O76083	[[175, 185]]	[[281, 291]]	1
tr|Q5CWN5|Q5CWN5_CRYPI	Q8NEC5	[[303, 314]]	[[645, 656]]	1
tr|Q5CWN6|Q5CWN6_CRYPI	Q8NGN8	[[243, 254]]	[[10, 21]]	1
tr|Q5CWN6|Q5CWN6_CRYPI	Q49AG3	[[312, 323]]	[[90, 101]]	1
tr|Q5CWN8|Q5CWN8_CRYPI	P35998	[[85, 107], [255, 269], [63, 84], [183, 211], [302, 325], [346, 380], [150, 177], [381, 401], [123, 142]]	[[86, 108], [256, 270], [64, 85], [184, 212], [303, 326], [347, 381], [151, 178], [382, 402], [124, 143]]	9
tr|Q5CWN8|Q5CWN8_CRYPI	P51587	[[402, 414]]	[[422, 434]]	1
tr|Q5CWP0|Q5CWP0_CRYPI	P46782	[[55, 75], [16, 31], [93, 105], [188, 207], [120, 182], [77, 89]]	[[52, 72], [13, 28], [90, 102], [185, 204], [117, 179], [74, 86]]	6
tr|Q5CWP0|Q5CWP0_CRYPI	O95150	[[30, 41]]	[[227, 238]]	1
tr|Q5CWP1|Q5CWP1_CRYPI	P48995	[[1394, 1406]]	[[14, 26]]	1
tr|Q5CWP1|Q5CWP1_CRYPI	Q9H501	[[194, 204]]	[[749, 759]]	1
tr|Q5CWP1|Q5CWP1_CRYPI	Q0PNE2	[[440, 449]]	[[223, 232]]	1
tr|Q5CWP2|Q5CWP2_CRYPI	Q9UFE4	[[389, 400]]	[[190, 201]]	1
tr|Q5CWP2|Q5CWP2_CRYPI	O75145	[[532, 544]]	[[486, 498]]	1
tr|Q5CWP2|Q5CWP2_CRYPI	Q99944	[[538, 549]]	[[213, 224]]	1
tr|Q5CWP3|Q5CWP3_CRYPI	Q9H7N4	[[2177, 2186]]	[[636, 645]]	1
tr|Q5CWP3|Q5CWP3_CRYPI	Q5VXT5	[[2248, 2273], [648, 664]]	[[239, 257], [240, 254]]	2
tr|Q5CWP3|Q5CWP3_CRYPI	Q8TE77	[[2252, 2263]]	[[619, 630]]	1
tr|Q5CWP3|Q5CWP3_CRYPI	Q0VG99	[[2254, 2265]]	[[179, 190]]	1
tr|Q5CWP3|Q5CWP3_CRYPI	Q9C0B2	[[2574, 2585]]	[[846, 857]]	1
tr|Q5CWP3|Q5CWP3_CRYPI	P27797	[[2775, 2787]]	[[391, 403]]	1
tr|Q5CWP3|Q5CWP3_CRYPI	Q12791	[[3291, 3303]]	[[50, 62]]	1
tr|Q5CWP3|Q5CWP3_CRYPI	Q15911	[[3307, 3319]]	[[3172, 3184]]	1
tr|Q5CWP3|Q5CWP3_CRYPI	Q03001	[[356, 366]]	[[1142, 1152]]	1
tr|Q5CWP3|Q5CWP3_CRYPI	Q92609	[[646, 655]]	[[680, 689]]	1
tr|Q5CWP3|Q5CWP3_CRYPI	Q9UQF2	[[644, 656]]	[[136, 148]]	1
tr|Q5CWP4|Q5CWP4_CRYPI	Q9BX63	[[169, 179]]	[[145, 155]]	1
tr|Q5CWP4|Q5CWP4_CRYPI	Q4G176	[[60, 68]]	[[80, 88]]	1
tr|Q5CWP5|Q5CWP5_CRYPI	Q9UHW5	[[33, 47], [1, 21], [97, 123], [68, 81], [156, 170], [125, 137]]	[[34, 48], [2, 22], [98, 124], [71, 84], [157, 171], [126, 138]]	6
tr|Q5CWP5|Q5CWP5_CRYPI	Q9P0J7	[[206, 217]]	[[354, 365]]	1
tr|Q5CWP6|Q5CWP6_CRYPI	Q96RS6	[[91, 103]]	[[277, 289]]	1
tr|Q5CWP7|Q5CWP7_CRYPI	Q9NX95	[[358, 370]]	[[498, 510]]	1
tr|Q5CWP8|Q5CWP8_CRYPI	Q9Y376	[[436, 452]]	[[271, 287]]	1
tr|Q5CWP9|Q5CWP9_CRYPI	P54315	[[121, 129]]	[[284, 292]]	1
tr|Q5CWP9|Q5CWP9_CRYPI	Q7RTR0	[[363, 375]]	[[971, 983]]	1
tr|Q5CWQ0|Q5CWQ0_CRYPI	Q5TC63	[[194, 205]]	[[150, 161]]	1
tr|Q5CWQ1|Q5CWQ1_CRYPI	Q08209	[[136, 151], [191, 202]]	[[139, 154], [194, 205]]	2
tr|Q5CWQ1|Q5CWQ1_CRYPI	P60510	[[185, 200]]	[[153, 168]]	1
tr|Q5CWQ2|Q5CWQ2_CRYPI	Q96L21	[[150, 165], [166, 176], [123, 134], [60, 76], [19, 33]]	[[150, 165], [166, 176], [123, 134], [60, 76], [19, 33]]	5
tr|Q5CWQ3|Q5CWQ3_CRYPI	P41252	[[14, 25]]	[[171, 182]]	1
tr|Q5CWQ3|Q5CWQ3_CRYPI	P63146	[[71, 94]]	[[59, 82]]	1
tr|Q5CWQ3|Q5CWQ3_CRYPI	P60604	[[87, 100]]	[[76, 89]]	1
tr|Q5CWQ4|Q5CWQ4_CRYPI	O15405	[[296, 307]]	[[561, 572]]	1
tr|Q5CWQ4|Q5CWQ4_CRYPI	Q5TID7	[[828, 838]]	[[112, 122]]	1
tr|Q5CWQ4|Q5CWQ4_CRYPI	P78412	[[829, 840]]	[[257, 268]]	1
tr|Q5CWQ4|Q5CWQ4_CRYPI	O60721	[[831, 842]]	[[881, 892]]	1
tr|Q5CWQ4|Q5CWQ4_CRYPI	A6NFI3	[[832, 842]]	[[28, 38]]	1
tr|Q5CWQ6|Q5CWQ6_CRYPI	Q14789	[[332, 344]]	[[143, 155]]	1
tr|Q5CWQ9|Q5CWQ9_CRYPI	O75717	[[1230, 1239]]	[[164, 173]]	1
tr|Q5CWQ9|Q5CWQ9_CRYPI	Q56UN5	[[1463, 1472]]	[[952, 961]]	1
tr|Q5CWQ9|Q5CWQ9_CRYPI	Q8NDV7	[[1555, 1567]]	[[1655, 1667]]	1
tr|Q5CWQ9|Q5CWQ9_CRYPI	Q16534	[[316, 326]]	[[105, 115]]	1
tr|Q5CWQ9|Q5CWQ9_CRYPI	Q6UX68	[[317, 328]]	[[581, 592]]	1
tr|Q5CWQ9|Q5CWQ9_CRYPI	P08572	[[553, 562]]	[[560, 569]]	1
tr|Q5CWQ9|Q5CWQ9_CRYPI	P15502	[[555, 584]]	[[418, 429]]	1
tr|Q5CWQ9|Q5CWQ9_CRYPI	P27658	[[579, 589]]	[[467, 477]]	1
tr|Q5CWR1|Q5CWR1_CRYPI	A6NFE2	[[15, 26]]	[[166, 177]]	1
tr|Q5CWR5|Q5CWR5_CRYPI	Q9NW75	[[149, 159]]	[[99, 109]]	1
tr|Q5CWR5|Q5CWR5_CRYPI	Q6ZVD8	[[317, 326]]	[[328, 337]]	1
tr|Q5CWR5|Q5CWR5_CRYPI	Q8IYD8	[[598, 610]]	[[1510, 1522]]	1
tr|Q5CWR6|Q5CWR6_CRYPI	Q86SY8	[[243, 254]]	[[32, 43]]	1
tr|Q5CWR6|Q5CWR6_CRYPI	Q86Z14	[[77, 88]]	[[75, 86]]	1
tr|Q5CWR7|Q5CWR7_CRYPI	Q9Y2H2	[[237, 248]]	[[149, 160]]	1
tr|Q5CWR7|Q5CWR7_CRYPI	Q12834	[[53, 65]]	[[59, 71]]	1
tr|Q5CWR7|Q5CWR7_CRYPI	Q9H7N4	[[706, 725]]	[[209, 223]]	1
tr|Q5CWR7|Q5CWR7_CRYPI	Q96SQ7	[[709, 724]]	[[163, 175]]	1
tr|Q5CWR7|Q5CWR7_CRYPI	Q9BYB0	[[717, 727]]	[[524, 534]]	1
tr|Q5CWR7|Q5CWR7_CRYPI	Q5EBL2	[[719, 730]]	[[264, 275]]	1
tr|Q5CWR9|Q5CWR9_CRYPI	Q9HBT6	[[11, 22]]	[[630, 641]]	1
tr|Q5CWS1|Q5CWS1_CRYPI	O76003	[[167, 186]]	[[284, 303]]	1
tr|Q5CWS1|Q5CWS1_CRYPI	Q86SX6	[[176, 188]]	[[100, 112]]	1
tr|Q5CWS3|Q5CWS3_CRYPI	Q8IZD2	[[166, 178]]	[[1540, 1552]]	1
tr|Q5CWS3|Q5CWS3_CRYPI	Q9C0F0	[[171, 183]]	[[2017, 2029]]	1
tr|Q5CWS3|Q5CWS3_CRYPI	Q8TF30	[[173, 185]]	[[649, 661]]	1
tr|Q5CWS3|Q5CWS3_CRYPI	Q6T4R5	[[176, 188]]	[[67, 79]]	1
tr|Q5CWS3|Q5CWS3_CRYPI	Q70E73	[[185, 196]]	[[1067, 1078]]	1
tr|Q5CWS3|Q5CWS3_CRYPI	O95466	[[189, 201]]	[[582, 594]]	1
tr|Q5CWS3|Q5CWS3_CRYPI	Q8N9B5	[[193, 205]]	[[815, 827]]	1
tr|Q5CWS3|Q5CWS3_CRYPI	Q27J81	[[194, 206]]	[[436, 448]]	1
tr|Q5CWS3|Q5CWS3_CRYPI	A0MZ66	[[195, 208]]	[[353, 366]]	1
tr|Q5CWS3|Q5CWS3_CRYPI	Q96JH7	[[198, 210]]	[[5, 17]]	1
tr|Q5CWS3|Q5CWS3_CRYPI	Q9UMN6	[[200, 210]]	[[437, 447]]	1
tr|Q5CWS3|Q5CWS3_CRYPI	Q9Y6X0	[[201, 213]]	[[1519, 1531]]	1
tr|Q5CWS3|Q5CWS3_CRYPI	Q9P1Z0	[[204, 215]]	[[981, 992]]	1
tr|Q5CWS3|Q5CWS3_CRYPI	Q9ULL5	[[205, 216]]	[[1494, 1505]]	1
tr|Q5CWS3|Q5CWS3_CRYPI	Q96HR8	[[206, 217]]	[[471, 482]]	1
tr|Q5CWS3|Q5CWS3_CRYPI	Q9HCM7	[[208, 219]]	[[382, 393]]	1
tr|Q5CWS3|Q5CWS3_CRYPI	P53990	[[229, 251]]	[[228, 237]]	1
tr|Q5CWS3|Q5CWS3_CRYPI	Q9BRR9	[[260, 269]]	[[307, 316]]	1
tr|Q5CWS3|Q5CWS3_CRYPI	Q9GZU2	[[27, 40]]	[[587, 600]]	1
tr|Q5CWS3|Q5CWS3_CRYPI	Q5T200	[[32, 52]]	[[754, 766]]	1
tr|Q5CWS3|Q5CWS3_CRYPI	P49756	[[44, 56]]	[[325, 337]]	1
tr|Q5CWS3|Q5CWS3_CRYPI	Q5VTR2	[[53, 86]]	[[573, 587]]	1
tr|Q5CWS4|Q5CWS4_CRYPI	P67809	[[416, 427]]	[[256, 267]]	1
tr|Q5CWS4|Q5CWS4_CRYPI	Q96JJ6	[[606, 617]]	[[169, 180]]	1
tr|Q5CWS4|Q5CWS4_CRYPI	Q15428	[[614, 625]]	[[245, 256]]	1
tr|Q5CWS4|Q5CWS4_CRYPI	Q96MS0	[[616, 626]]	[[1081, 1091]]	1
tr|Q5CWS4|Q5CWS4_CRYPI	Q9C0A1	[[619, 628]]	[[1998, 2007]]	1
tr|Q5CWS4|Q5CWS4_CRYPI	Q9P2A4	[[617, 629]]	[[259, 271]]	1
tr|Q5CWS4|Q5CWS4_CRYPI	A1YPR0	[[626, 635], [636, 645]]	[[294, 303], [294, 303]]	2
tr|Q5CWS4|Q5CWS4_CRYPI	Q8WXD9	[[627, 637]]	[[1189, 1199]]	1
tr|Q5CWS4|Q5CWS4_CRYPI	B1AL46	[[628, 640]]	[[278, 290]]	1
tr|Q5CWS4|Q5CWS4_CRYPI	Q86Y37	[[638, 647]]	[[35, 44]]	1
tr|Q5CWS4|Q5CWS4_CRYPI	Q9Y4H2	[[639, 650]]	[[1030, 1041]]	1
tr|Q5CWS4|Q5CWS4_CRYPI	Q13393	[[67, 78]]	[[574, 585]]	1
tr|Q5CWS4|Q5CWS4_CRYPI	Q9NYB9	[[663, 673]]	[[401, 411]]	1
tr|Q5CWS4|Q5CWS4_CRYPI	Q5U651	[[675, 689]]	[[53, 67]]	1
tr|Q5CWS4|Q5CWS4_CRYPI	P51608	[[680, 692]]	[[384, 396]]	1
tr|Q5CWS4|Q5CWS4_CRYPI	Q9BYB0	[[708, 718]]	[[22, 32]]	1
tr|Q5CWS4|Q5CWS4_CRYPI	Q8TE68	[[707, 719]]	[[554, 566]]	1
tr|Q5CWS4|Q5CWS4_CRYPI	Q96RD6	[[708, 719]]	[[492, 503]]	1
tr|Q5CWS4|Q5CWS4_CRYPI	Q8N531	[[709, 720]]	[[91, 102]]	1
tr|Q5CWS4|Q5CWS4_CRYPI	A0A7I2V3R4	[[710, 724]]	[[171, 185]]	1
tr|Q5CWS4|Q5CWS4_CRYPI	Q96T25	[[720, 731]]	[[123, 134]]	1
tr|Q5CWS4|Q5CWS4_CRYPI	Q86VE0	[[722, 733]]	[[219, 230]]	1
tr|Q5CWS4|Q5CWS4_CRYPI	Q5T0Z8	[[723, 733]]	[[389, 399]]	1
tr|Q5CWS4|Q5CWS4_CRYPI	B1AK53	[[725, 737]]	[[427, 439]]	1
tr|Q5CWS4|Q5CWS4_CRYPI	Q9Y2D1	[[726, 737]]	[[118, 129]]	1
tr|Q5CWS5|Q5CWS5_CRYPI	Q9ULV0	[[216, 228]]	[[1414, 1426]]	1
tr|Q5CWS5|Q5CWS5_CRYPI	Q5VWG9	[[219, 231]]	[[704, 716]]	1
tr|Q5CWS5|Q5CWS5_CRYPI	Q6UB98	[[226, 235]]	[[1102, 1111]]	1
tr|Q5CWS5|Q5CWS5_CRYPI	O15371	[[227, 239]]	[[127, 139]]	1
tr|Q5CWS5|Q5CWS5_CRYPI	O15117	[[239, 256]]	[[471, 488]]	1
tr|Q5CWS5|Q5CWS5_CRYPI	Q6ZU35	[[242, 254]]	[[305, 317]]	1
tr|Q5CWS5|Q5CWS5_CRYPI	C0HMD7	[[254, 266]]	[[101, 113]]	1
tr|Q5CWS5|Q5CWS5_CRYPI	O60315	[[364, 376]]	[[1158, 1170]]	1
tr|Q5CWS5|Q5CWS5_CRYPI	Q8TCB0	[[457, 467]]	[[383, 393]]	1
tr|Q5CWS5|Q5CWS5_CRYPI	Q9NRY5	[[525, 536]]	[[299, 310]]	1
tr|Q5CWS7|Q5CWS7_CRYPI	Q8IYT8	[[12, 23]]	[[140, 151]]	1
tr|Q5CWS9|Q5CWS9_CRYPI	Q8TBP6	[[195, 208]]	[[201, 214]]	1
tr|Q5CWS9|Q5CWS9_CRYPI	Q86XU0	[[7, 17]]	[[69, 79]]	1
tr|Q5CWT1|Q5CWT1_CRYPI	P55769	[[26, 53], [78, 100]]	[[20, 47], [72, 94]]	2
tr|Q5CWT2|Q5CWT2_CRYPI	Q9GZT6	[[277, 286]]	[[202, 211]]	1
tr|Q5CWT3|Q5CWT3_CRYPI	P14091	[[104, 118]]	[[86, 100]]	1
tr|Q5CWT3|Q5CWT3_CRYPI	P00797	[[110, 124]]	[[100, 114]]	1
tr|Q5CWT5|Q5CWT5_CRYPI	Q9GZK3	[[16, 27]]	[[59, 70]]	1
tr|Q5CWT5|Q5CWT5_CRYPI	P19367	[[177, 193], [342, 356]]	[[147, 163], [741, 755]]	2
tr|Q5CWT5|Q5CWT5_CRYPI	P52790	[[341, 352], [281, 296]]	[[746, 757], [679, 694]]	2
tr|Q5CWT5|Q5CWT5_CRYPI	P52789	[[339, 350]]	[[290, 301]]	1
tr|Q5CWT5|Q5CWT5_CRYPI	P35557	[[497, 508]]	[[439, 450]]	1
tr|Q5CWT6|Q5CWT6_CRYPI	P04406	[[109, 122], [147, 174], [228, 240], [47, 59], [95, 107], [267, 280], [312, 325]]	[[110, 123], [146, 173], [225, 237], [48, 60], [96, 108], [264, 277], [309, 322]]	7
tr|Q5CWT6|Q5CWT6_CRYPI	O14556	[[169, 181], [278, 289], [229, 250], [3, 23], [303, 319]]	[[240, 252], [347, 358], [298, 319], [76, 96], [372, 388]]	5
tr|Q5CWT8|Q5CWT8_CRYPI	Q9H1X3	[[15, 22]]	[[133, 140]]	1
tr|Q5CWT8|Q5CWT8_CRYPI	Q5JWR5	[[293, 302]]	[[1825, 1834]]	1
tr|Q5CWT9|Q5CWT9_CRYPI	Q99590	[[632, 643]]	[[1185, 1196]]	1
tr|Q5CWT9|Q5CWT9_CRYPI	Q96A11	[[73, 84]]	[[389, 400]]	1
tr|Q5CWU1|Q5CWU1_CRYPI	Q92750	[[1159, 1171]]	[[357, 369]]	1
tr|Q5CWU1|Q5CWU1_CRYPI	Q3C1V0	[[1162, 1173]]	[[334, 345]]	1
tr|Q5CWU1|Q5CWU1_CRYPI	Q02817	[[1260, 1272]]	[[2449, 2461]]	1
tr|Q5CWU1|Q5CWU1_CRYPI	Q13536	[[1583, 1592]]	[[36, 45]]	1
tr|Q5CWU1|Q5CWU1_CRYPI	Q8NBN7	[[2030, 2041]]	[[104, 115]]	1
tr|Q5CWU1|Q5CWU1_CRYPI	Q96QD5	[[2100, 2108]]	[[72, 80]]	1
tr|Q5CWU1|Q5CWU1_CRYPI	Q9NR64	[[282, 293]]	[[79, 90]]	1
tr|Q5CWU1|Q5CWU1_CRYPI	Q96MX6	[[40, 50]]	[[148, 158]]	1
tr|Q5CWU1|Q5CWU1_CRYPI	A6NEH8	[[422, 434]]	[[123, 135]]	1
tr|Q5CWU3|Q5CWU3_CRYPI	P62861	[[37, 49]]	[[108, 120]]	1
tr|Q5CWU4|Q5CWU4_CRYPI	Q7Z5L7	[[196, 207]]	[[596, 607]]	1
tr|Q5CWU4|Q5CWU4_CRYPI	P38570	[[197, 209]]	[[186, 198]]	1
tr|Q5CWU4|Q5CWU4_CRYPI	P46100	[[198, 210]]	[[1448, 1460]]	1
tr|Q5CWU4|Q5CWU4_CRYPI	Q96MU7	[[199, 211]]	[[238, 250]]	1
tr|Q5CWU4|Q5CWU4_CRYPI	O00267	[[201, 211]]	[[44, 54]]	1
tr|Q5CWU4|Q5CWU4_CRYPI	Q14165	[[202, 211]]	[[230, 239]]	1
tr|Q5CWU4|Q5CWU4_CRYPI	Q9BZE9	[[405, 416]]	[[393, 404]]	1
tr|Q5CWU5|Q5CWU5_CRYPI	Q96G74	[[196, 205]]	[[212, 221]]	1
tr|Q5CWU5|Q5CWU5_CRYPI	P06727	[[263, 274]]	[[143, 154]]	1
tr|Q5CWU5|Q5CWU5_CRYPI	Q92817	[[268, 278]]	[[1030, 1040]]	1
tr|Q5CWU5|Q5CWU5_CRYPI	Q9H195	[[396, 408]]	[[12726, 12738]]	1
tr|Q5CWU8|Q5CWU8_CRYPI	Q8IVG5	[[1142, 1154]]	[[9, 21]]	1
tr|Q5CWU8|Q5CWU8_CRYPI	O95271	[[118, 128]]	[[854, 864]]	1
tr|Q5CWU8|Q5CWU8_CRYPI	Q5T1N1	[[574, 586]]	[[797, 809]]	1
tr|Q5CWU9|Q5CWU9_CRYPI	Q8NH48	[[9, 20]]	[[204, 215]]	1
tr|Q5CWV0|Q5CWV0_CRYPI	O15083	[[571, 582]]	[[916, 927]]	1
tr|Q5CWV0|Q5CWV0_CRYPI	Q3B7T3	[[574, 583]]	[[73, 82]]	1
tr|Q5CWV0|Q5CWV0_CRYPI	Q6ZT12	[[636, 648]]	[[376, 388]]	1
tr|Q5CWV3|Q5CWV3_CRYPI	O00231	[[107, 116], [248, 259]]	[[107, 116], [249, 260]]	2
tr|Q5CWV4|Q5CWV4_CRYPI	Q15032	[[86, 98]]	[[408, 420]]	1
tr|Q5CWV5|Q5CWV5_CRYPI	Q9BYJ4	[[221, 231]]	[[100, 110]]	1
tr|Q5CWV5|Q5CWV5_CRYPI	Q13613	[[483, 498]]	[[277, 292]]	1
tr|Q5CWV5|Q5CWV5_CRYPI	Q13614	[[487, 499]]	[[260, 272]]	1
tr|Q5CWV5|Q5CWV5_CRYPI	Q13496	[[687, 708]]	[[370, 391]]	1
tr|Q5CWV5|Q5CWV5_CRYPI	Q9Y217	[[688, 701]]	[[332, 345]]	1
tr|Q5CWV5|Q5CWV5_CRYPI	Q13615	[[709, 720], [752, 767]]	[[430, 441], [470, 485]]	2
tr|Q5CWV6|Q5CWV6_CRYPI	Q3MIT2	[[277, 296], [448, 460]]	[[332, 351], [441, 453]]	2
tr|Q5CWV8|Q5CWV8_CRYPI	Q13936	[[271, 282]]	[[1042, 1053]]	1
tr|Q5CWV9|Q5CWV9_CRYPI	Q5MJ68	[[1232, 1243]]	[[65, 76]]	1
tr|Q5CWV9|Q5CWV9_CRYPI	Q96PJ5	[[163, 174]]	[[283, 294]]	1
tr|Q5CWV9|Q5CWV9_CRYPI	Q9NPH0	[[930, 941]]	[[129, 140]]	1
tr|Q5CWW2|Q5CWW2_CRYPI	Q9Y388	[[44, 62]]	[[75, 93]]	1
tr|Q5CWW5|Q5CWW5_CRYPI	Q8NFQ6	[[41, 52]]	[[37, 48]]	1
tr|Q5CWW5|Q5CWW5_CRYPI	O94822	[[95, 104]]	[[1050, 1059]]	1
tr|Q5CWW6|Q5CWW6_CRYPI	O60306	[[65, 76]]	[[1231, 1242]]	1
tr|Q5CWW6|Q5CWW6_CRYPI	O15344	[[80, 89]]	[[224, 233]]	1
tr|Q5CWW7|Q5CWW7_CRYPI	Q6ZVX7	[[250, 261]]	[[28, 39]]	1
tr|Q5CWW7|Q5CWW7_CRYPI	Q8IYB3	[[252, 261]]	[[790, 799]]	1
tr|Q5CWW8|Q5CWW8_CRYPI	P35659	[[580, 590]]	[[33, 43]]	1
tr|Q5CWW8|Q5CWW8_CRYPI	Q86YN6	[[579, 591]]	[[812, 824]]	1
tr|Q5CWW8|Q5CWW8_CRYPI	P26583	[[581, 593]]	[[195, 207]]	1
tr|Q5CWW8|Q5CWW8_CRYPI	P19447	[[778, 787]]	[[19, 28]]	1
tr|Q5CWW8|Q5CWW8_CRYPI	Q8TF50	[[778, 789]]	[[232, 243]]	1
tr|Q5CWW8|Q5CWW8_CRYPI	O15047	[[779, 791]]	[[976, 988]]	1
tr|Q5CWW8|Q5CWW8_CRYPI	Q9HCK8	[[780, 792]]	[[2536, 2548]]	1
tr|Q5CWW9|Q5CWW9_CRYPI	Q2MJR0	[[797, 809]]	[[120, 132]]	1
tr|Q5CWX0|Q5CWX0_CRYPI	Q9BV10	[[1009, 1018]]	[[91, 100]]	1
tr|Q5CWX0|Q5CWX0_CRYPI	Q13615	[[1388, 1399]]	[[214, 225]]	1
tr|Q5CWX0|Q5CWX0_CRYPI	P42356	[[1992, 2008], [2099, 2115], [2013, 2025], [2027, 2042]]	[[1931, 1947], [2042, 2058], [1952, 1964], [1966, 1981]]	4
tr|Q5CWX0|Q5CWX0_CRYPI	Q9UBF8	[[2010, 2025]]	[[663, 678]]	1
tr|Q5CWX0|Q5CWX0_CRYPI	Q8N9X3	[[63, 71]]	[[97, 105]]	1
tr|Q5CWX0|Q5CWX0_CRYPI	O75373	[[699, 711]]	[[296, 308]]	1
tr|Q5CWX1|Q5CWX1_CRYPI	P62495	[[275, 292], [18, 135], [170, 208], [143, 156], [217, 248], [260, 274], [309, 321]]	[[276, 293], [19, 136], [171, 209], [144, 157], [218, 249], [261, 275], [310, 322]]	7
tr|Q5CWX2|Q5CWX2_CRYPI	Q9C0J8	[[346, 355]]	[[221, 230]]	1
tr|Q5CWX2|Q5CWX2_CRYPI	P57737	[[350, 360]]	[[618, 628]]	1
tr|Q5CWX5|Q5CWX5_CRYPI	P62910	[[13, 24]]	[[11, 22]]	1
tr|Q5CWX6|Q5CWX6_CRYPI	Q9UBH6	[[203, 215]]	[[147, 159]]	1
tr|Q5CWX8|Q5CWX8_CRYPI	Q0ZGT2	[[102, 113]]	[[381, 392]]	1
tr|Q5CWX8|Q5CWX8_CRYPI	Q9NPF5	[[109, 120]]	[[222, 233]]	1
tr|Q5CWX9|Q5CWX9_CRYPI	Q8IZP6	[[150, 182], [242, 262]]	[[189, 221], [264, 284]]	2
tr|Q5CWX9|Q5CWX9_CRYPI	O15541	[[173, 185]]	[[218, 230]]	1
tr|Q5CWY0|Q5CWY0_CRYPI	Q9BUP0	[[1063, 1075]]	[[212, 224]]	1
tr|Q5CWY0|Q5CWY0_CRYPI	Q15696	[[1070, 1082]]	[[82, 94]]	1
tr|Q5CWY0|Q5CWY0_CRYPI	O95819	[[1079, 1088]]	[[445, 454]]	1
tr|Q5CWY0|Q5CWY0_CRYPI	O14802	[[301, 310], [474, 508], [886, 905], [860, 879], [522, 539], [574, 599], [107, 119]]	[[308, 317], [479, 513], [890, 909], [864, 883], [527, 544], [582, 607], [86, 98]]	7
tr|Q5CWY0|Q5CWY0_CRYPI	P27824	[[1105, 1116]]	[[522, 533]]	1
tr|Q5CWY0|Q5CWY0_CRYPI	P38570	[[1107, 1116]]	[[181, 190]]	1
tr|Q5CWY0|Q5CWY0_CRYPI	Q9UKS7	[[1220, 1232]]	[[248, 260]]	1
tr|Q5CWY0|Q5CWY0_CRYPI	Q9H0H0	[[1379, 1390]]	[[227, 238]]	1
tr|Q5CWY0|Q5CWY0_CRYPI	Q4AC94	[[202, 211]]	[[215, 224]]	1
tr|Q5CWY0|Q5CWY0_CRYPI	P24928	[[493, 506]]	[[494, 507]]	1
tr|Q5CWY0|Q5CWY0_CRYPI	O15119	[[621, 632]]	[[362, 373]]	1
tr|Q5CWY1|Q5CWY1_CRYPI	P02549	[[500, 511]]	[[1522, 1533]]	1
tr|Q5CWY1|Q5CWY1_CRYPI	Q14330	[[700, 711]]	[[297, 308]]	1
tr|Q5CWY2|Q5CWY2_CRYPI	O00487	[[182, 195], [108, 140], [31, 104], [205, 233], [144, 169]]	[[176, 189], [102, 134], [25, 98], [199, 227], [138, 163]]	5
tr|Q5CWY2|Q5CWY2_CRYPI	Q92905	[[122, 135]]	[[141, 154]]	1
tr|Q5CWY6|Q5CWY6_CRYPI	P46087	[[243, 258], [197, 233], [416, 439], [352, 375], [304, 315], [160, 182]]	[[393, 408], [347, 383], [565, 588], [502, 525], [454, 465], [310, 332]]	6
tr|Q5CWY6|Q5CWY6_CRYPI	Q8TEA1	[[229, 247]]	[[229, 247]]	1
tr|Q5CWY6|Q5CWY6_CRYPI	Q08J23	[[236, 248]]	[[178, 190]]	1
tr|Q5CWY6|Q5CWY6_CRYPI	Q15572	[[527, 537]]	[[855, 865]]	1
tr|Q5CWY7|Q5CWY7_CRYPI	P62820	[[0, 15], [148, 160], [73, 131]]	[[3, 18], [151, 163], [76, 134]]	3
tr|Q5CWY7|Q5CWY7_CRYPI	Q7Z444	[[117, 126]]	[[147, 156]]	1
tr|Q5CWY7|Q5CWY7_CRYPI	Q5JT25	[[146, 157]]	[[169, 180]]	1
tr|Q5CWY7|Q5CWY7_CRYPI	Q14964	[[147, 159]]	[[153, 165]]	1
tr|Q5CWY7|Q5CWY7_CRYPI	Q9H0U4	[[149, 171]]	[[149, 171]]	1
tr|Q5CWY7|Q5CWY7_CRYPI	Q92930	[[4, 17]]	[[4, 17]]	1
tr|Q5CWY8|Q5CWY8_CRYPI	Q9NVP1	[[160, 169]]	[[254, 263]]	1
tr|Q5CWY8|Q5CWY8_CRYPI	P26196	[[233, 244]]	[[241, 252]]	1
tr|Q5CWY8|Q5CWY8_CRYPI	Q9NR30	[[234, 256]]	[[335, 357]]	1
tr|Q5CWY8|Q5CWY8_CRYPI	Q9NXZ2	[[418, 430], [235, 252]]	[[572, 584], [393, 410]]	2
tr|Q5CWY8|Q5CWY8_CRYPI	Q8NHQ9	[[385, 397]]	[[320, 332]]	1
tr|Q5CWY8|Q5CWY8_CRYPI	Q9H8H2	[[412, 423]]	[[607, 618]]	1
tr|Q5CWZ0|Q5CWZ0_CRYPI	P62841	[[111, 133], [82, 108]]	[[104, 126], [75, 101]]	2
tr|Q5CWZ2|Q5CWZ2_CRYPI	Q92771	[[21, 33]]	[[350, 362]]	1
tr|Q5CWZ2|Q5CWZ2_CRYPI	Q9UMF0	[[487, 499]]	[[885, 897]]	1
tr|Q5CWZ3|Q5CWZ3_CRYPI	Q6AHZ1	[[214, 225]]	[[1124, 1135]]	1
tr|Q5CWZ4|Q5CWZ4_CRYPI	Q96IL0	[[1010, 1021]]	[[191, 202]]	1
tr|Q5CWZ4|Q5CWZ4_CRYPI	O60347	[[1099, 1113]]	[[580, 594]]	1
tr|Q5CWZ4|Q5CWZ4_CRYPI	Q9H195	[[181, 193]]	[[9800, 9812]]	1
tr|Q5CWZ4|Q5CWZ4_CRYPI	O43739	[[413, 425]]	[[194, 206]]	1
tr|Q5CWZ4|Q5CWZ4_CRYPI	Q9UIA0	[[416, 429]]	[[192, 205]]	1
tr|Q5CWZ4|Q5CWZ4_CRYPI	Q99418	[[419, 431]]	[[195, 207]]	1
tr|Q5CWZ4|Q5CWZ4_CRYPI	Q9NRD0	[[426, 438]]	[[277, 289]]	1
tr|Q5CWZ5|Q5CWZ5_CRYPI	Q9H7N4	[[149, 161]]	[[190, 202]]	1
tr|Q5CWZ5|Q5CWZ5_CRYPI	Q92797	[[151, 161]]	[[1167, 1177]]	1
tr|Q5CWZ5|Q5CWZ5_CRYPI	Q13029	[[152, 164]]	[[1067, 1079]]	1
tr|Q5CWZ5|Q5CWZ5_CRYPI	O00592	[[153, 162]]	[[21, 30]]	1
tr|Q5CWZ7|Q5CWZ7_CRYPI	Q9NTZ6	[[13, 64]]	[[214, 233]]	1
tr|Q5CWZ7|Q5CWZ7_CRYPI	Q9NYV4	[[54, 65]]	[[548, 559]]	1
tr|Q5CWZ8|Q5CWZ8_CRYPI	Q8IZT6	[[325, 336]]	[[2185, 2196]]	1
tr|Q5CWZ9|Q5CWZ9_CRYPI	Q9H0W7	[[873, 884]]	[[109, 120]]	1
tr|Q5CX01|Q5CX01_CRYPI	O95342	[[273, 282]]	[[1165, 1174]]	1
tr|Q5CX02|Q5CX02_CRYPI	Q8WZ42	[[66, 77]]	[[10668, 10679]]	1
tr|Q5CX03|Q5CX03_CRYPI	O60502	[[697, 706]]	[[126, 135]]	1
tr|Q5CX04|Q5CX04_CRYPI	Q9C091	[[248, 260]]	[[1350, 1362]]	1
tr|Q5CX04|Q5CX04_CRYPI	Q96I15	[[419, 431]]	[[110, 122]]	1
tr|Q5CX04|Q5CX04_CRYPI	Q92623	[[54, 67]]	[[63, 76]]	1
tr|Q5CX04|Q5CX04_CRYPI	Q9H2G4	[[8, 20]]	[[168, 180]]	1
tr|Q5CX05|Q5CX05_CRYPI	A6XGL0	[[1048, 1059]]	[[143, 154]]	1
tr|Q5CX05|Q5CX05_CRYPI	Q9NXZ2	[[1269, 1281]]	[[485, 497]]	1
tr|Q5CX05|Q5CX05_CRYPI	O43295	[[475, 487]]	[[37, 49]]	1
tr|Q5CX08|Q5CX08_CRYPI	Q86V24	[[76, 88]]	[[206, 218]]	1
tr|Q5CX10|Q5CX10_CRYPI	Q01082	[[231, 243]]	[[2086, 2098]]	1
tr|Q5CX10|Q5CX10_CRYPI	Q0VFZ6	[[233, 245]]	[[222, 234]]	1
tr|Q5CX10|Q5CX10_CRYPI	Q9H6E4	[[237, 246]]	[[201, 210]]	1
tr|Q5CX11|Q5CX11_CRYPI	P78362	[[569, 578]]	[[21, 30]]	1
tr|Q5CX11|Q5CX11_CRYPI	O14776	[[824, 835]]	[[233, 244]]	1
tr|Q5CX11|Q5CX11_CRYPI	Q8TAC9	[[920, 931]]	[[64, 75]]	1
tr|Q5CX12|Q5CX12_CRYPI	P12111	[[19, 29]]	[[1804, 1814]]	1
tr|Q5CX12|Q5CX12_CRYPI	P42684	[[81, 92]]	[[807, 818]]	1
tr|Q5CX12|Q5CX12_CRYPI	P78363	[[964, 972]]	[[916, 924]]	1
tr|Q5CX13|Q5CX13_CRYPI	Q7L014	[[1364, 1374]]	[[199, 209]]	1
tr|Q5CX13|Q5CX13_CRYPI	P19338	[[1365, 1374]]	[[195, 204]]	1
tr|Q5CX14|Q5CX14_CRYPI	Q8IUQ4	[[124, 135]]	[[89, 100]]	1
tr|Q5CX16|Q5CX16_CRYPI	Q96MN5	[[99, 110]]	[[154, 165]]	1
tr|Q5CX17|Q5CX17_CRYPI	Q8N8N0	[[120, 130]]	[[11, 21]]	1
tr|Q5CX20|Q5CX20_CRYPI	P13535	[[586, 598]]	[[1583, 1595]]	1
tr|Q5CX23|Q5CX23_CRYPI	P35442	[[190, 201]]	[[1042, 1053]]	1
tr|Q5CX23|Q5CX23_CRYPI	Q15428	[[71, 88], [41, 52]]	[[71, 88], [41, 52]]	2
tr|Q5CX25|Q5CX25_CRYPI	P05155	[[112, 123]]	[[221, 232]]	1
tr|Q5CX25|Q5CX25_CRYPI	P43307	[[140, 150]]	[[124, 134]]	1
tr|Q5CX25|Q5CX25_CRYPI	O94762	[[525, 535]]	[[329, 339]]	1
tr|Q5CX25|Q5CX25_CRYPI	Q9UHB4	[[822, 831]]	[[410, 419]]	1
tr|Q5CX26|Q5CX26_CRYPI	O43293	[[712, 720]]	[[231, 239]]	1
tr|Q5CX28|Q5CX28_CRYPI	Q01130	[[169, 178]]	[[185, 194]]	1
tr|Q5CX28|Q5CX28_CRYPI	Q8IWX8	[[237, 248]]	[[773, 784]]	1
tr|Q5CX28|Q5CX28_CRYPI	Q08170	[[243, 255]]	[[218, 230]]	1
tr|Q5CX28|Q5CX28_CRYPI	Q9BRL6	[[248, 260]]	[[233, 245]]	1
tr|Q5CX28|Q5CX28_CRYPI	Q9NWB6	[[253, 263]]	[[23, 33]]	1
tr|Q5CX28|Q5CX28_CRYPI	Q8N5F7	[[253, 264]]	[[72, 83]]	1
tr|Q5CX28|Q5CX28_CRYPI	Q7L014	[[257, 271]]	[[83, 97]]	1
tr|Q5CX28|Q5CX28_CRYPI	Q8NDT2	[[44, 54]]	[[435, 445]]	1
tr|Q5CX30|Q5CX30_CRYPI	Q96JE7	[[264, 276]]	[[1027, 1039]]	1
tr|Q5CX30|Q5CX30_CRYPI	P27658	[[294, 307]]	[[36, 49]]	1
tr|Q5CX30|Q5CX30_CRYPI	O43614	[[343, 354]]	[[172, 183]]	1
tr|Q5CX32|Q5CX32_CRYPI	Q8N9A8	[[441, 450]]	[[57, 66]]	1
tr|Q5CX36|Q5CX36_CRYPI	Q9NZ71	[[795, 815], [550, 562], [189, 201], [298, 310], [123, 140]]	[[688, 708], [470, 482], [136, 148], [244, 256], [105, 122]]	5
tr|Q5CX36|Q5CX36_CRYPI	Q9BX63	[[805, 817], [299, 310], [731, 751]]	[[832, 844], [388, 399], [753, 773]]	3
tr|Q5CX36|Q5CX36_CRYPI	P18074	[[553, 566]]	[[452, 465]]	1
tr|Q5CX36|Q5CX36_CRYPI	Q92771	[[740, 752]]	[[795, 807]]	1
tr|Q5CX38|Q5CX38_CRYPI	P42658	[[45, 57]]	[[465, 477]]	1
tr|Q5CX38|Q5CX38_CRYPI	A1YPR0	[[573, 584]]	[[357, 368]]	1
tr|Q5CX40|Q5CX40_CRYPI	P07992	[[41, 53], [138, 150]]	[[100, 112], [194, 206]]	2
tr|Q5CX42|Q5CX42_CRYPI	Q9H7Z6	[[262, 274]]	[[189, 201]]	1
tr|Q5CX42|Q5CX42_CRYPI	Q92993	[[384, 407], [369, 379], [297, 316]]	[[364, 387], [349, 359], [277, 296]]	3
tr|Q5CX42|Q5CX42_CRYPI	Q92794	[[306, 326]]	[[563, 583]]	1
tr|Q5CX42|Q5CX42_CRYPI	O95251	[[350, 362]]	[[435, 447]]	1
tr|Q5CX42|Q5CX42_CRYPI	Q8WYB5	[[364, 379]]	[[832, 847]]	1
tr|Q5CX43|Q5CX43_CRYPI	Q8TE23	[[257, 266]]	[[455, 464]]	1
tr|Q5CX43|Q5CX43_CRYPI	Q9BUW7	[[588, 600]]	[[30, 42]]	1
tr|Q5CX43|Q5CX43_CRYPI	Q9P2H0	[[705, 717]]	[[413, 425]]	1
tr|Q5CX43|Q5CX43_CRYPI	Q8NFY9	[[74, 86]]	[[340, 352]]	1
tr|Q5CX44|Q5CX44_CRYPI	Q6PF18	[[285, 295]]	[[155, 165]]	1
tr|Q5CX45|Q5CX45_CRYPI	Q8N6Y2	[[1068, 1082]]	[[218, 232]]	1
tr|Q5CX46|Q5CX46_CRYPI	Q13459	[[205, 213]]	[[1554, 1562]]	1
tr|Q5CX46|Q5CX46_CRYPI	O95232	[[33, 47]]	[[33, 47]]	1
tr|Q5CX46|Q5CX46_CRYPI	Q15648	[[340, 351]]	[[1492, 1503]]	1
tr|Q5CX46|Q5CX46_CRYPI	Q53GG5	[[87, 98]]	[[251, 262]]	1
tr|Q5CX47|Q5CX47_CRYPI	Q5T890	[[164, 174]]	[[890, 900]]	1
tr|Q5CX50|Q5CX50_CRYPI	Q8ND56	[[1202, 1213]]	[[318, 329]]	1
tr|Q5CX50|Q5CX50_CRYPI	Q7RTX7	[[1370, 1380]]	[[388, 398]]	1
tr|Q5CX50|Q5CX50_CRYPI	P0DP91	[[549, 558]]	[[130, 139]]	1
tr|Q5CX51|Q5CX51_CRYPI	Q9NZN8	[[100, 118]]	[[375, 393]]	1
tr|Q5CX51|Q5CX51_CRYPI	Q9Y3B8	[[93, 102]]	[[67, 76]]	1
tr|Q5CX52|Q5CX52_CRYPI	Q96SQ5	[[124, 134]]	[[523, 533]]	1
tr|Q5CX52|Q5CX52_CRYPI	Q9GZU1	[[151, 161]]	[[237, 247]]	1
tr|Q5CX53|Q5CX53_CRYPI	Q92824	[[53, 61]]	[[71, 79]]	1
tr|Q5CX53|Q5CX53_CRYPI	P46778	[[56, 67], [85, 96]]	[[56, 67], [85, 96]]	2
tr|Q5CX54|Q5CX54_CRYPI	P11216	[[425, 436], [114, 127]]	[[390, 401], [76, 89]]	2
tr|Q5CX54|Q5CX54_CRYPI	P06737	[[859, 872]]	[[809, 822]]	1
tr|Q5CX55|Q5CX55_CRYPI	Q9P2D1	[[148, 158]]	[[2454, 2464]]	1
tr|Q5CX56|Q5CX56_CRYPI	P20290	[[104, 116], [52, 63]]	[[116, 128], [63, 74]]	2
tr|Q5CX56|Q5CX56_CRYPI	Q5T5P2	[[151, 162]]	[[986, 997]]	1
tr|Q5CX56|Q5CX56_CRYPI	Q96K17	[[169, 180]]	[[137, 148]]	1
tr|Q5CX57|Q5CX57_CRYPI	Q9UQE7	[[101, 111]]	[[814, 824]]	1
tr|Q5CX59|Q5CX59_CRYPI	P32942	[[258, 267]]	[[405, 414]]	1
tr|Q5CX60|Q5CX60_CRYPI	P35125	[[287, 299]]	[[767, 779]]	1
tr|Q5CX60|Q5CX60_CRYPI	Q96AX1	[[581, 597]]	[[483, 499]]	1
tr|Q5CX60|Q5CX60_CRYPI	P55081	[[63, 72]]	[[92, 101]]	1
tr|Q5CX61|Q5CX61_CRYPI	P26022	[[194, 204]]	[[274, 284]]	1
tr|Q5CX62|Q5CX62_CRYPI	Q9H1K4	[[153, 165]]	[[187, 199]]	1
tr|Q5CX62|Q5CX62_CRYPI	Q70HW3	[[158, 171]]	[[150, 163]]	1
tr|Q5CX62|Q5CX62_CRYPI	Q9NYZ2	[[28, 40]]	[[62, 74]]	1
tr|Q5CX64|Q5CX64_CRYPI	Q12968	[[124, 135]]	[[514, 525]]	1
tr|Q5CX65|Q5CX65_CRYPI	Q9HAW7	[[1323, 1334]]	[[222, 233]]	1
tr|Q5CX65|Q5CX65_CRYPI	P05091	[[1421, 1432]]	[[36, 47]]	1
tr|Q5CX65|Q5CX65_CRYPI	P47895	[[1423, 1432]]	[[33, 42]]	1
tr|Q5CX65|Q5CX65_CRYPI	Q8TEQ6	[[197, 206]]	[[400, 409]]	1
tr|Q5CX65|Q5CX65_CRYPI	Q92802	[[249, 260]]	[[50, 61]]	1
tr|Q5CX67|Q5CX67_CRYPI	B9A014	[[558, 567]]	[[215, 224]]	1
tr|Q5CX71|Q5CX71_CRYPI	Q9NR30	[[109, 121]]	[[224, 236]]	1
tr|Q5CX71|Q5CX71_CRYPI	Q9GZR7	[[143, 154]]	[[387, 398]]	1
tr|Q5CX71|Q5CX71_CRYPI	Q13206	[[196, 210], [397, 413]]	[[193, 207], [366, 382]]	2
tr|Q5CX71|Q5CX71_CRYPI	Q9NUL7	[[398, 411]]	[[449, 462]]	1
tr|Q5CX71|Q5CX71_CRYPI	O00148	[[421, 433]]	[[361, 373]]	1
tr|Q5CX71|Q5CX71_CRYPI	Q8N8A6	[[428, 439]]	[[587, 598]]	1
tr|Q5CX71|Q5CX71_CRYPI	Q92841	[[429, 439]]	[[501, 511]]	1
tr|Q5CX72|Q5CX72_CRYPI	Q01543	[[1045, 1055]]	[[364, 374]]	1
tr|Q5CX72|Q5CX72_CRYPI	Q9H9A5	[[433, 443]]	[[252, 262]]	1
tr|Q5CX72|Q5CX72_CRYPI	P42695	[[922, 930]]	[[1112, 1120]]	1
tr|Q5CX73|Q5CX73_CRYPI	Q9BZG8	[[374, 387], [41, 54], [73, 83], [241, 259], [100, 114], [132, 143]]	[[337, 350], [48, 61], [73, 83], [226, 244], [100, 114], [124, 135]]	6
tr|Q5CX74|Q5CX74_CRYPI	Q6ZVE7	[[249, 259]]	[[14, 24]]	1
tr|Q5CX77|Q5CX77_CRYPI	Q9BYX2	[[182, 194]]	[[668, 680]]	1
tr|Q5CX77|Q5CX77_CRYPI	O95759	[[223, 231]]	[[586, 594]]	1
tr|Q5CX77|Q5CX77_CRYPI	Q5TC63	[[223, 234]]	[[150, 161]]	1
tr|Q5CX77|Q5CX77_CRYPI	Q92738	[[240, 251]]	[[199, 210]]	1
tr|Q5CX77|Q5CX77_CRYPI	A6NDS4	[[242, 253]]	[[202, 213]]	1
tr|Q5CX77|Q5CX77_CRYPI	Q9HB75	[[265, 273]]	[[419, 427]]	1
tr|Q5CX78|Q5CX78_CRYPI	O75179	[[122, 133]]	[[1489, 1500]]	1
tr|Q5CX78|Q5CX78_CRYPI	Q96HY6	[[123, 135]]	[[156, 168]]	1
tr|Q5CX78|Q5CX78_CRYPI	O15169	[[125, 136]]	[[707, 718]]	1
tr|Q5CX78|Q5CX78_CRYPI	O60841	[[827, 839], [659, 676], [325, 343], [736, 748], [364, 434], [301, 324], [764, 785]]	[[1151, 1163], [984, 1001], [653, 671], [1060, 1072], [694, 764], [629, 652], [1088, 1109]]	7
tr|Q5CX78|Q5CX78_CRYPI	P46199	[[314, 326]]	[[191, 203]]	1
tr|Q5CX78|Q5CX78_CRYPI	A4D1E9	[[489, 500]]	[[320, 331]]	1
tr|Q5CX78|Q5CX78_CRYPI	Q6UX06	[[883, 894]]	[[167, 178]]	1
tr|Q5CX79|Q5CX79_CRYPI	P62913	[[151, 171], [22, 44]]	[[155, 175], [26, 48]]	2
tr|Q5CX83|Q5CX83_CRYPI	Q9Y5S9	[[712, 723]]	[[102, 113]]	1
tr|Q5CX84|Q5CX84_CRYPI	Q9UMD9	[[725, 735]]	[[940, 950]]	1
tr|Q5CX84|Q5CX84_CRYPI	Q9ULJ3	[[871, 880]]	[[50, 59]]	1
tr|Q5CX85|Q5CX85_CRYPI	O94875	[[1088, 1102]]	[[641, 655]]	1
tr|Q5CX85|Q5CX85_CRYPI	P20930	[[1243, 1253]]	[[662, 672]]	1
tr|Q5CX85|Q5CX85_CRYPI	Q9Y6M5	[[1247, 1256]]	[[149, 158]]	1
tr|Q5CX85|Q5CX85_CRYPI	O75444	[[1467, 1483]]	[[183, 193]]	1
tr|Q5CX85|Q5CX85_CRYPI	Q5VYV0	[[1474, 1485]]	[[148, 159]]	1
tr|Q5CX85|Q5CX85_CRYPI	O60481	[[1477, 1486]]	[[83, 92]]	1
tr|Q5CX85|Q5CX85_CRYPI	P58505	[[1480, 1488]]	[[293, 301]]	1
tr|Q5CX85|Q5CX85_CRYPI	Q9H974	[[1544, 1555]]	[[99, 110]]	1
tr|Q5CX85|Q5CX85_CRYPI	Q9BVV6	[[1581, 1592]]	[[1055, 1066]]	1
tr|Q5CX85|Q5CX85_CRYPI	P15976	[[612, 620]]	[[104, 112]]	1
tr|Q5CX85|Q5CX85_CRYPI	Q5JU85	[[745, 753]]	[[1244, 1252]]	1
tr|Q5CX85|Q5CX85_CRYPI	Q92504	[[746, 756]]	[[88, 98]]	1
tr|Q5CX86|Q5CX86_CRYPI	Q8IZH2	[[225, 236], [505, 529], [179, 192], [25, 38], [0, 15], [89, 113]]	[[219, 230], [468, 492], [173, 186], [25, 38], [0, 15], [83, 107]]	6
tr|Q5CX86|Q5CX86_CRYPI	P39880	[[1173, 1183]]	[[666, 676]]	1
tr|Q5CX86|Q5CX86_CRYPI	Q9H0D6	[[516, 528], [318, 330], [85, 109], [133, 146], [28, 41]]	[[562, 574], [339, 351], [96, 120], [154, 167], [47, 60]]	5
tr|Q5CX86|Q5CX86_CRYPI	Q9ULJ8	[[1485, 1497]]	[[821, 833]]	1
tr|Q5CX87|Q5CX87_CRYPI	P01031	[[500, 510]]	[[345, 355]]	1
tr|Q5CX87|Q5CX87_CRYPI	P23470	[[541, 552]]	[[987, 998]]	1
tr|Q5CX87|Q5CX87_CRYPI	Q93008	[[909, 920]]	[[2016, 2027]]	1
tr|Q5CX88|Q5CX88_CRYPI	Q8NCN5	[[1131, 1144]]	[[603, 616]]	1
tr|Q5CX88|Q5CX88_CRYPI	A5YKK6	[[2589, 2602], [2611, 2623], [2348, 2404]]	[[2299, 2312], [2321, 2333], [2095, 2151]]	3
tr|Q5CX88|Q5CX88_CRYPI	Q9H158	[[2373, 2383]]	[[790, 800]]	1
tr|Q5CX88|Q5CX88_CRYPI	Q14669	[[2531, 2542]]	[[1537, 1548]]	1
tr|Q5CX88|Q5CX88_CRYPI	Q9BQF6	[[365, 376]]	[[873, 884]]	1
tr|Q5CX89|Q5CX89_CRYPI	O43741	[[45, 57]]	[[85, 97]]	1
tr|Q5CX90|Q5CX90_CRYPI	P46977	[[525, 560], [166, 186], [565, 579], [55, 71], [698, 711], [83, 104], [357, 374], [614, 628], [429, 441], [215, 229]]	[[498, 533], [154, 174], [538, 552], [44, 60], [678, 691], [72, 93], [346, 363], [587, 601], [397, 409], [203, 217]]	10
tr|Q5CX90|Q5CX90_CRYPI	Q8TCJ2	[[617, 632], [176, 188], [44, 66], [660, 676], [73, 94], [352, 368], [427, 439], [546, 558], [522, 536]]	[[669, 684], [218, 230], [87, 109], [713, 729], [116, 137], [395, 411], [449, 461], [598, 610], [574, 588]]	9
tr|Q5CX93|Q5CX93_CRYPI	Q8NF91	[[224, 233]]	[[7784, 7793]]	1
tr|Q5CX94|Q5CX94_CRYPI	Q16696	[[791, 801]]	[[55, 65]]	1
tr|Q5CX95|Q5CX95_CRYPI	Q8IVM8	[[10, 20]]	[[191, 201]]	1
tr|Q5CX96|Q5CX96_CRYPI	Q5TGY3	[[2317, 2326]]	[[580, 589]]	1
tr|Q5CX97|Q5CX97_CRYPI	P29317	[[191, 201]]	[[78, 88]]	1
tr|Q5CX97|Q5CX97_CRYPI	P56134	[[231, 243]]	[[55, 67]]	1
tr|Q5CX97|Q5CX97_CRYPI	Q9NY28	[[301, 312]]	[[211, 222]]	1
tr|Q5CX97|Q5CX97_CRYPI	Q49A17	[[304, 314]]	[[173, 183]]	1
tr|Q5CX97|Q5CX97_CRYPI	A6NE01	[[339, 350]]	[[325, 336]]	1
tr|Q5CX97|Q5CX97_CRYPI	Q14435	[[456, 472]]	[[386, 402]]	1
tr|Q5CX97|Q5CX97_CRYPI	Q7Z7M9	[[464, 475]]	[[702, 713]]	1
tr|Q5CX97|Q5CX97_CRYPI	Q8IUC8	[[556, 565]]	[[404, 413]]	1
tr|Q5CX97|Q5CX97_CRYPI	O95164	[[681, 693]]	[[19, 31]]	1
tr|Q5CX98|Q5CX98_CRYPI	P23921	[[330, 363], [270, 310], [496, 510], [146, 174], [526, 547], [410, 447], [76, 88], [716, 742], [673, 700], [240, 252], [467, 486], [367, 378], [588, 605]]	[[331, 364], [271, 311], [496, 510], [147, 175], [526, 547], [411, 448], [76, 88], [715, 741], [672, 699], [241, 253], [467, 486], [368, 379], [587, 604]]	13
tr|Q5CX99|Q5CX99_CRYPI	Q92521	[[107, 117]]	[[496, 506]]	1
tr|Q5CXA0|Q5CXA0_CRYPI	Q8N0X2	[[353, 365]]	[[160, 172]]	1
tr|Q5CXA0|Q5CXA0_CRYPI	Q9BXU0	[[573, 581]]	[[99, 107]]	1
tr|Q5CXA2|Q5CXA2_CRYPI	Q9H2U2	[[140, 152]]	[[81, 93]]	1
tr|Q5CXA2|Q5CXA2_CRYPI	P49419	[[157, 168]]	[[279, 290]]	1
tr|Q5CXA5|Q5CXA5_CRYPI	Q9NRU3	[[477, 496]]	[[545, 564]]	1
tr|Q5CXA6|Q5CXA6_CRYPI	Q9HDD0	[[36, 46]]	[[76, 86]]	1
tr|Q5CXA6|Q5CXA6_CRYPI	Q13017	[[451, 460]]	[[941, 950]]	1
tr|Q5CXA9|Q5CXA9_CRYPI	Q03001	[[311, 323]]	[[5769, 5781]]	1
tr|Q5CXB0|Q5CXB0_CRYPI	Q9UHI6	[[61, 73]]	[[100, 112]]	1
tr|Q5CXB1|Q5CXB1_CRYPI	Q96Q15	[[109, 119]]	[[3281, 3291]]	1
tr|Q5CXB1|Q5CXB1_CRYPI	P11277	[[562, 572]]	[[780, 790]]	1
tr|Q5CXB2|Q5CXB2_CRYPI	Q9H2J7	[[219, 231]]	[[386, 398]]	1
tr|Q5CXB2|Q5CXB2_CRYPI	Q8NDV3	[[346, 358]]	[[423, 435]]	1
tr|Q5CXB2|Q5CXB2_CRYPI	O00750	[[397, 408]]	[[918, 929]]	1
tr|Q5CXB2|Q5CXB2_CRYPI	O00443	[[685, 696]]	[[1135, 1146]]	1
tr|Q5CXB2|Q5CXB2_CRYPI	O75747	[[687, 699]]	[[961, 973]]	1
tr|Q5CXB2|Q5CXB2_CRYPI	Q8NEB9	[[780, 801]]	[[727, 748]]	1
tr|Q5CXB3|Q5CXB3_CRYPI	P53611	[[222, 233], [237, 249]]	[[217, 228], [232, 244]]	2
tr|Q5CXB4|Q5CXB4_CRYPI	Q9Y4A5	[[1168, 1180]]	[[810, 822]]	1
tr|Q5CXB4|Q5CXB4_CRYPI	Q6P2E9	[[2349, 2361]]	[[1316, 1328]]	1
tr|Q5CXB4|Q5CXB4_CRYPI	Q96E29	[[3062, 3071]]	[[67, 76]]	1
tr|Q5CXB4|Q5CXB4_CRYPI	Q6MZP7	[[3268, 3280]]	[[375, 387]]	1
tr|Q5CXB4|Q5CXB4_CRYPI	Q9NYC9	[[4848, 4859]]	[[707, 718]]	1
tr|Q5CXB4|Q5CXB4_CRYPI	P10163	[[4870, 4880]]	[[65, 75]]	1
tr|Q5CXB4|Q5CXB4_CRYPI	P42345	[[5363, 5372]]	[[2372, 2381]]	1
tr|Q5CXB4|Q5CXB4_CRYPI	Q13535	[[5363, 5374]]	[[2508, 2519]]	1
tr|Q5CXB4|Q5CXB4_CRYPI	Q9BYL1	[[885, 895]]	[[1, 11]]	1
tr|Q5CXB5|Q5CXB5_CRYPI	A6NMK7	[[51, 62]]	[[77, 88]]	1
tr|Q5CXB5|Q5CXB5_CRYPI	Q9UL58	[[6, 17]]	[[122, 133]]	1
tr|Q5CXB5|Q5CXB5_CRYPI	P49802	[[7, 18]]	[[27, 38]]	1
tr|Q5CXB8|Q5CXB8_CRYPI	P52298	[[73, 87], [30, 47]]	[[80, 94], [37, 54]]	2
tr|Q5CXB8|Q5CXB8_CRYPI	A6PVI3	[[37, 49]]	[[43, 55]]	1
tr|Q5CXB9|Q5CXB9_CRYPI	Q5JRA6	[[297, 306]]	[[736, 745]]	1
tr|Q5CXB9|Q5CXB9_CRYPI	Q96DY2	[[423, 434]]	[[356, 367]]	1
tr|Q5CXB9|Q5CXB9_CRYPI	Q3V6T2	[[544, 555]]	[[1369, 1380]]	1
tr|Q5CXC2|Q5CXC2_CRYPI	P35555	[[1022, 1031]]	[[1997, 2006]]	1
tr|Q5CXC2|Q5CXC2_CRYPI	O14514	[[406, 415]]	[[470, 479]]	1
tr|Q5CXC2|Q5CXC2_CRYPI	Q8IZJ1	[[407, 419]]	[[306, 318]]	1
tr|Q5CXC2|Q5CXC2_CRYPI	Q5JWR5	[[445, 456]]	[[1514, 1525]]	1
tr|Q5CXC2|Q5CXC2_CRYPI	Q9C0I4	[[529, 541]]	[[334, 346]]	1
tr|Q5CXC2|Q5CXC2_CRYPI	Q9HCB6	[[532, 544]]	[[669, 681]]	1
tr|Q5CXC4|Q5CXC4_CRYPI	Q9BWW4	[[151, 163]]	[[314, 326]]	1
tr|Q5CXC4|Q5CXC4_CRYPI	P10809	[[156, 165]]	[[557, 566]]	1
tr|Q5CXC4|Q5CXC4_CRYPI	Q15270	[[184, 195]]	[[187, 198]]	1
tr|Q5CXC5|Q5CXC5_CRYPI	Q6XZF7	[[330, 340]]	[[218, 228]]	1
tr|Q5CXC5|Q5CXC5_CRYPI	Q8WXH0	[[96, 106]]	[[644, 654]]	1
tr|Q5CXC7|Q5CXC7_CRYPI	Q9BVV7	[[11, 23]]	[[234, 246]]	1
tr|Q5CXC8|Q5CXC8_CRYPI	Q9HCK4	[[449, 461]]	[[1238, 1250]]	1
tr|Q5CXC8|Q5CXC8_CRYPI	P78344	[[707, 719]]	[[83, 95]]	1
tr|Q5CXC9|Q5CXC9_CRYPI	Q9UQ84	[[149, 162], [169, 182]]	[[145, 158], [165, 178]]	2
tr|Q5CXC9|Q5CXC9_CRYPI	Q8IUZ0	[[83, 92]]	[[302, 311]]	1
tr|Q5CXD0|Q5CXD0_CRYPI	Q8WVQ1	[[337, 345], [101, 115]]	[[393, 401], [161, 175]]	2
tr|Q5CXD1|Q5CXD1_CRYPI	Q9BW85	[[1, 20]]	[[0, 19]]	1
tr|Q5CXD1|Q5CXD1_CRYPI	Q6UVJ0	[[18, 29]]	[[454, 465]]	1
tr|Q5CXD2|Q5CXD2_CRYPI	O00478	[[49, 60]]	[[301, 312]]	1
tr|Q5CXD5|Q5CXD5_CRYPI	Q5VV42	[[241, 253], [355, 372], [401, 418], [438, 454], [299, 316], [331, 349]]	[[196, 208], [310, 327], [356, 373], [393, 409], [254, 271], [286, 304]]	6
tr|Q5CXD6|Q5CXD6_CRYPI	Q68DA7	[[166, 175]]	[[1105, 1114]]	1
tr|Q5CXD6|Q5CXD6_CRYPI	Q5VSG8	[[521, 531]]	[[10, 20]]	1
tr|Q5CXD6|Q5CXD6_CRYPI	Q9UH99	[[636, 647]]	[[647, 658]]	1
tr|Q5CXD8|Q5CXD8_CRYPI	P23921	[[411, 424]]	[[653, 666]]	1
tr|Q5CXE0|Q5CXE0_CRYPI	O95170	[[206, 216]]	[[642, 652]]	1
tr|Q5CXE0|Q5CXE0_CRYPI	Q92503	[[53, 65]]	[[281, 293]]	1
tr|Q5CXE1|Q5CXE1_CRYPI	Q9NS00	[[169, 180]]	[[168, 179]]	1
tr|Q5CXE1|Q5CXE1_CRYPI	O00625	[[495, 504]]	[[51, 60]]	1
tr|Q5CXE2|Q5CXE2_CRYPI	Q9Y3A6	[[381, 391]]	[[159, 169]]	1
tr|Q5CXE2|Q5CXE2_CRYPI	Q8NF91	[[464, 476]]	[[4501, 4513]]	1
tr|Q5CXE3|Q5CXE3_CRYPI	Q14209	[[401, 413]]	[[161, 173]]	1
tr|Q5CXE3|Q5CXE3_CRYPI	O00716	[[403, 418]]	[[212, 227]]	1
tr|Q5CXE3|Q5CXE3_CRYPI	Q16254	[[409, 420]]	[[58, 69]]	1
tr|Q5CXE5|Q5CXE5_CRYPI	Q13547	[[96, 121], [267, 280], [177, 190], [195, 215], [305, 320], [71, 83]]	[[92, 117], [263, 276], [173, 186], [191, 211], [301, 316], [67, 79]]	6
tr|Q5CXE5|Q5CXE5_CRYPI	Q92769	[[112, 124], [265, 277]]	[[109, 121], [262, 274]]	2
tr|Q5CXE5|Q5CXE5_CRYPI	O15379	[[69, 80], [309, 325], [21, 38], [292, 308]]	[[59, 70], [300, 316], [11, 28], [283, 299]]	4
tr|Q5CXE5|Q5CXE5_CRYPI	Q14527	[[336, 345]]	[[504, 513]]	1
tr|Q5CXE7|Q5CXE7_CRYPI	O60266	[[118, 129]]	[[172, 183]]	1
tr|Q5CXE9|Q5CXE9_CRYPI	Q7L590	[[775, 785]]	[[0, 10]]	1
tr|Q5CXE9|Q5CXE9_CRYPI	O15072	[[858, 867]]	[[1187, 1196]]	1
tr|Q5CXF1|Q5CXF1_CRYPI	A6NH57	[[13, 20]]	[[74, 81]]	1
tr|Q5CXF2|Q5CXF2_CRYPI	Q9NX95	[[246, 257]]	[[46, 57]]	1
tr|Q5CXF2|Q5CXF2_CRYPI	P29083	[[374, 386]]	[[379, 391]]	1
tr|Q5CXF3|Q5CXF3_CRYPI	Q9UPZ6	[[130, 141]]	[[1039, 1050]]	1
tr|Q5CXF4|Q5CXF4_CRYPI	Q8NC42	[[120, 133]]	[[279, 292]]	1
tr|Q5CXF4|Q5CXF4_CRYPI	Q9Y3C5	[[125, 140]]	[[114, 129]]	1
tr|Q5CXF5|Q5CXF5_CRYPI	Q9UPT8	[[1433, 1444]]	[[356, 367]]	1
tr|Q5CXF7|Q5CXF7_CRYPI	P38919	[[121, 131]]	[[347, 357]]	1
tr|Q5CXF7|Q5CXF7_CRYPI	Q96PB1	[[237, 249]]	[[631, 643]]	1
tr|Q5CXG0|Q5CXG0_CRYPI	B1APH4	[[121, 132]]	[[171, 182]]	1
tr|Q5CXG2|Q5CXG2_CRYPI	Q5VVY1	[[121, 130]]	[[182, 191]]	1
tr|Q5CXG2|Q5CXG2_CRYPI	Q16610	[[70, 81]]	[[413, 424]]	1
tr|Q5CXG3|Q5CXG3_CRYPI	Q9H2P9	[[113, 124], [160, 172], [92, 103]]	[[108, 119], [155, 167], [87, 98]]	3
tr|Q5CXG4|Q5CXG4_CRYPI	Q8IZD9	[[1992, 2003]]	[[1225, 1236]]	1
tr|Q5CXG8|Q5CXG8_CRYPI	Q92830	[[491, 504]]	[[399, 412]]	1
tr|Q5CXG9|Q5CXG9_CRYPI	O60879	[[213, 223]]	[[523, 533]]	1
tr|Q5CXH1|Q5CXH1_CRYPI	Q9Y5A6	[[286, 294]]	[[42, 50]]	1
tr|Q5CXH2|Q5CXH2_CRYPI	Q9BXY0	[[293, 305]]	[[246, 258]]	1
tr|Q5CXH2|Q5CXH2_CRYPI	Q8IZD6	[[298, 307]]	[[527, 536]]	1
tr|Q5CXH2|Q5CXH2_CRYPI	Q6NUP7	[[409, 419]]	[[706, 716]]	1
tr|Q5CXH2|Q5CXH2_CRYPI	P17481	[[410, 422]]	[[215, 227]]	1
tr|Q5CXH2|Q5CXH2_CRYPI	Q8N8S7	[[412, 431], [439, 455]]	[[155, 180], [166, 182]]	2
tr|Q5CXH2|Q5CXH2_CRYPI	Q9NWH9	[[418, 430]]	[[672, 684]]	1
tr|Q5CXH2|Q5CXH2_CRYPI	Q9UL16	[[421, 433]]	[[453, 465]]	1
tr|Q5CXH2|Q5CXH2_CRYPI	Q4G0P3	[[422, 438]]	[[2513, 2530]]	1
tr|Q5CXH3|Q5CXH3_CRYPI	Q8WW22	[[35, 45]]	[[20, 30]]	1
tr|Q5CXH3|Q5CXH3_CRYPI	Q5F1R6	[[46, 56]]	[[28, 38]]	1
tr|Q5CXH3|Q5CXH3_CRYPI	P59910	[[69, 81]]	[[49, 61]]	1
tr|Q5CXH4|Q5CXH4_CRYPI	Q9BUD6	[[13, 24]]	[[119, 130]]	1
tr|Q5CXH7|Q5CXH7_CRYPI	Q9H1K1	[[124, 137]]	[[134, 147]]	1
tr|Q5CXH9|Q5CXH9_CRYPI	Q9UJ98	[[235, 245]]	[[1202, 1212]]	1
tr|Q5CXI1|Q5CXI1_CRYPI	A8MPX8	[[135, 146]]	[[199, 210]]	1
tr|Q5CXI1|Q5CXI1_CRYPI	Q9Y6Q1	[[528, 540]]	[[176, 188]]	1
tr|Q5CXI2|Q5CXI2_CRYPI	Q8IV08	[[6, 18]]	[[36, 48]]	1
tr|Q5CXI3|Q5CXI3_CRYPI	P08621	[[103, 122], [168, 186]]	[[103, 122], [169, 187]]	2
tr|Q5CXI3|Q5CXI3_CRYPI	Q8TBY0	[[136, 148]]	[[94, 106]]	1
tr|Q5CXI3|Q5CXI3_CRYPI	P98175	[[139, 150]]	[[167, 178]]	1
tr|Q5CXI3|Q5CXI3_CRYPI	Q9BYG3	[[141, 154]]	[[84, 97]]	1
tr|Q5CXI3|Q5CXI3_CRYPI	Q15056	[[147, 159]]	[[86, 98]]	1
tr|Q5CXI3|Q5CXI3_CRYPI	Q16560	[[185, 196]]	[[134, 145]]	1
tr|Q5CXI5|Q5CXI5_CRYPI	P49589	[[245, 259], [103, 116], [147, 164], [68, 96], [279, 296], [222, 234], [311, 327]]	[[335, 349], [92, 105], [234, 251], [57, 85], [369, 386], [312, 324], [401, 417]]	7
tr|Q5CXI5|Q5CXI5_CRYPI	Q9HA77	[[81, 92], [298, 311], [106, 119], [62, 79]]	[[93, 104], [297, 310], [118, 131], [74, 91]]	4
tr|Q5CXI6|Q5CXI6_CRYPI	Q9ULG6	[[24, 34]]	[[314, 324]]	1
tr|Q5CXI7|Q5CXI7_CRYPI	O00541	[[353, 365], [226, 241], [380, 389], [110, 139], [286, 299], [24, 45], [302, 316]]	[[391, 403], [229, 244], [418, 427], [115, 144], [326, 339], [24, 45], [342, 356]]	7
tr|Q5CXI7|Q5CXI7_CRYPI	P28827	[[492, 501]]	[[766, 775]]	1
tr|Q5CXI7|Q5CXI7_CRYPI	Q92575	[[497, 506]]	[[212, 221]]	1
tr|Q5CXI8|Q5CXI8_CRYPI	Q9UNQ2	[[193, 206], [153, 169], [83, 95], [244, 256], [174, 192]]	[[166, 179], [126, 142], [55, 67], [217, 229], [147, 165]]	5
tr|Q5CXJ0|Q5CXJ0_CRYPI	O15438	[[438, 448]]	[[479, 489]]	1
tr|Q5CXJ0|Q5CXJ0_CRYPI	Q9NUQ7	[[524, 536]]	[[296, 308]]	1
tr|Q5CXJ0|Q5CXJ0_CRYPI	P06865	[[555, 564]]	[[332, 341]]	1
tr|Q5CXJ2|Q5CXJ2_CRYPI	P35573	[[608, 619], [804, 823], [1423, 1438], [1785, 1808], [1409, 1421], [641, 662]]	[[486, 497], [654, 673], [1096, 1111], [1436, 1459], [1082, 1094], [519, 540]]	6
tr|Q5CXJ2|Q5CXJ2_CRYPI	Q9C030	[[658, 667]]	[[283, 292]]	1
tr|Q5CXJ2|Q5CXJ2_CRYPI	O60244	[[715, 727]]	[[522, 534]]	1
tr|Q5CXJ2|Q5CXJ2_CRYPI	O43741	[[969, 981]]	[[124, 136]]	1
tr|Q5CXJ5|Q5CXJ5_CRYPI	Q6P0Q8	[[385, 394]]	[[511, 520]]	1
tr|Q5CXJ5|Q5CXJ5_CRYPI	Q8NBS9	[[58, 70]]	[[341, 353]]	1
tr|Q5CXJ5|Q5CXJ5_CRYPI	P13667	[[61, 73]]	[[549, 561]]	1
tr|Q5CXJ5|Q5CXJ5_CRYPI	Q15084	[[64, 76]]	[[187, 199]]	1
tr|Q5CXJ6|Q5CXJ6_CRYPI	Q8TCT9	[[267, 282], [332, 343], [231, 251]]	[[260, 275], [311, 322], [219, 239]]	3
tr|Q5CXJ6|Q5CXJ6_CRYPI	Q8TCT6	[[334, 345]]	[[337, 348]]	1
tr|Q5CXJ6|Q5CXJ6_CRYPI	O95297	[[347, 358]]	[[181, 192]]	1
tr|Q5CXJ7|Q5CXJ7_CRYPI	Q9HCJ0	[[1488, 1502]]	[[966, 980]]	1
tr|Q5CXJ7|Q5CXJ7_CRYPI	Q5KSL6	[[1609, 1619]]	[[195, 205]]	1
tr|Q5CXJ7|Q5CXJ7_CRYPI	Q9HCE9	[[1610, 1621]]	[[1211, 1222]]	1
tr|Q5CXJ7|Q5CXJ7_CRYPI	Q8N8Y2	[[1955, 1965]]	[[162, 172]]	1
tr|Q5CXJ7|Q5CXJ7_CRYPI	Q13029	[[2038, 2050]]	[[1060, 1072]]	1
tr|Q5CXJ7|Q5CXJ7_CRYPI	O15054	[[2448, 2460]]	[[752, 764]]	1
tr|Q5CXJ7|Q5CXJ7_CRYPI	Q12955	[[2450, 2462]]	[[3962, 3974]]	1
tr|Q5CXJ7|Q5CXJ7_CRYPI	P54727	[[2453, 2466]]	[[258, 271]]	1
tr|Q5CXJ7|Q5CXJ7_CRYPI	Q6P4A8	[[2538, 2548]]	[[135, 145]]	1
tr|Q5CXJ7|Q5CXJ7_CRYPI	Q9H195	[[608, 620]]	[[7580, 7592]]	1
tr|Q5CXJ8|Q5CXJ8_CRYPI	O75417	[[49, 59]]	[[1833, 1843]]	1
tr|Q5CXK0|Q5CXK0_CRYPI	O60242	[[193, 202]]	[[404, 413]]	1
tr|Q5CXK0|Q5CXK0_CRYPI	O14514	[[193, 205], [304, 316]]	[[471, 483], [359, 371]]	2
tr|Q5CXK0|Q5CXK0_CRYPI	Q96RW7	[[196, 205]]	[[4821, 4830]]	1
tr|Q5CXK0|Q5CXK0_CRYPI	Q9HCB6	[[242, 257]]	[[440, 455]]	1
tr|Q5CXK0|Q5CXK0_CRYPI	Q9UPZ6	[[247, 257], [295, 305]]	[[1289, 1299], [1282, 1292]]	2
tr|Q5CXK0|Q5CXK0_CRYPI	P35442	[[249, 260]]	[[442, 453]]	1
tr|Q5CXK0|Q5CXK0_CRYPI	O15072	[[251, 260]]	[[973, 982]]	1
tr|Q5CXK0|Q5CXK0_CRYPI	Q9P2N4	[[252, 260]]	[[1620, 1628]]	1
tr|Q5CXK0|Q5CXK0_CRYPI	Q9C0I4	[[297, 308]]	[[1245, 1256]]	1
tr|Q5CXK0|Q5CXK0_CRYPI	P82987	[[307, 318]]	[[572, 583]]	1
tr|Q5CXK0|Q5CXK0_CRYPI	P78504	[[363, 372]]	[[637, 646]]	1
tr|Q5CXK0|Q5CXK0_CRYPI	P46531	[[363, 375]]	[[1191, 1203]]	1
tr|Q5CXK0|Q5CXK0_CRYPI	Q8NFT8	[[375, 387]]	[[411, 423]]	1
tr|Q5CXK1|Q5CXK1_CRYPI	Q9C0I4	[[389, 405]]	[[335, 351]]	1
tr|Q5CXK1|Q5CXK1_CRYPI	Q8TE57	[[449, 458], [395, 406]]	[[590, 599], [591, 602]]	2
tr|Q5CXK1|Q5CXK1_CRYPI	Q9P283	[[450, 464]]	[[915, 929]]	1
tr|Q5CXK1|Q5CXK1_CRYPI	Q76LX8	[[455, 465]]	[[752, 762]]	1
tr|Q5CXK1|Q5CXK1_CRYPI	Q9UPZ6	[[492, 504]]	[[629, 641]]	1
tr|Q5CXK1|Q5CXK1_CRYPI	Q86XZ4	[[519, 530]]	[[253, 264]]	1
tr|Q5CXK1|Q5CXK1_CRYPI	Q9UM47	[[573, 584]]	[[526, 537]]	1
tr|Q5CXK2|Q5CXK2_CRYPI	Q15172	[[66, 77]]	[[69, 80]]	1
tr|Q5CXK3|Q5CXK3_CRYPI	Q9Y5P3	[[327, 338]]	[[234, 245]]	1
tr|Q5CXK3|Q5CXK3_CRYPI	Q09019	[[337, 346]]	[[46, 55]]	1
tr|Q5CXK3|Q5CXK3_CRYPI	Q2NL68	[[340, 351]]	[[263, 274]]	1
tr|Q5CXK3|Q5CXK3_CRYPI	Q5H9F3	[[340, 352]]	[[376, 388]]	1
tr|Q5CXK3|Q5CXK3_CRYPI	Q6ZT62	[[342, 354]]	[[517, 529]]	1
tr|Q5CXK3|Q5CXK3_CRYPI	Q92830	[[343, 355]]	[[39, 51]]	1
tr|Q5CXK3|Q5CXK3_CRYPI	Q9NRM7	[[344, 356]]	[[465, 477]]	1
tr|Q5CXK3|Q5CXK3_CRYPI	P49918	[[347, 359]]	[[205, 217]]	1
tr|Q5CXK3|Q5CXK3_CRYPI	Q9UMR3	[[52, 64]]	[[66, 78]]	1
tr|Q5CXK3|Q5CXK3_CRYPI	Q8NFI4	[[821, 832]]	[[229, 240]]	1
tr|Q5CXK5|Q5CXK5_CRYPI	P50395	[[1515, 1524]]	[[48, 57]]	1
tr|Q5CXK5|Q5CXK5_CRYPI	B2RC85	[[223, 233]]	[[859, 869]]	1
tr|Q5CXK6|Q5CXK6_CRYPI	Q9UPN9	[[381, 393]]	[[538, 550]]	1
tr|Q5CXK6|Q5CXK6_CRYPI	Q99935	[[386, 397]]	[[157, 168]]	1
tr|Q5CXK6|Q5CXK6_CRYPI	Q13233	[[428, 437]]	[[941, 950]]	1
tr|Q5CXK7|Q5CXK7_CRYPI	Q7LG56	[[212, 232], [284, 295]]	[[211, 231], [283, 294]]	2
tr|Q5CXK7|Q5CXK7_CRYPI	P31350	[[52, 63], [319, 333]]	[[88, 99], [356, 370]]	2
tr|Q5CXK8|Q5CXK8_CRYPI	Q8IX12	[[1618, 1629]]	[[839, 850]]	1
tr|Q5CXK8|Q5CXK8_CRYPI	Q13045	[[1621, 1632]]	[[947, 958]]	1
tr|Q5CXK8|Q5CXK8_CRYPI	Q9NQ86	[[205, 214]]	[[33, 42]]	1
tr|Q5CXK9|Q5CXK9_CRYPI	Q8WWQ8	[[1066, 1074]]	[[763, 771]]	1
tr|Q5CXK9|Q5CXK9_CRYPI	P23142	[[1092, 1100], [1169, 1179]]	[[437, 445], [324, 334]]	2
tr|Q5CXK9|Q5CXK9_CRYPI	Q86SQ3	[[1093, 1101]]	[[51, 59]]	1
tr|Q5CXK9|Q5CXK9_CRYPI	Q8NDA2	[[1093, 1102]]	[[4920, 4929]]	1
tr|Q5CXK9|Q5CXK9_CRYPI	O60494	[[1093, 1104]]	[[302, 313]]	1
tr|Q5CXK9|Q5CXK9_CRYPI	Q9NZR2	[[1169, 1181]]	[[3857, 3869]]	1
tr|Q5CXK9|Q5CXK9_CRYPI	P48960	[[1173, 1184]]	[[85, 96]]	1
tr|Q5CXK9|Q5CXK9_CRYPI	Q9HCU4	[[1175, 1187]]	[[1813, 1825]]	1
tr|Q5CXK9|Q5CXK9_CRYPI	Q99435	[[1178, 1189]]	[[507, 518]]	1
tr|Q5CXK9|Q5CXK9_CRYPI	Q14112	[[1180, 1189]]	[[917, 926]]	1
tr|Q5CXK9|Q5CXK9_CRYPI	P17302	[[1195, 1204]]	[[61, 70]]	1
tr|Q5CXK9|Q5CXK9_CRYPI	Q8IWZ6	[[1284, 1292]]	[[128, 136]]	1
tr|Q5CXK9|Q5CXK9_CRYPI	P35556	[[1305, 1314], [1331, 1343]]	[[2053, 2062], [2269, 2281]]	2
tr|Q5CXK9|Q5CXK9_CRYPI	Q07954	[[1328, 1339]]	[[162, 173]]	1
tr|Q5CXK9|Q5CXK9_CRYPI	Q14517	[[44, 56]]	[[3713, 3725]]	1
tr|Q5CXL0|Q5CXL0_CRYPI	Q16594	[[85, 97]]	[[250, 262]]	1
tr|Q5CXL0|Q5CXL0_CRYPI	P06748	[[86, 98]]	[[171, 183]]	1
tr|Q5CXL0|Q5CXL0_CRYPI	P55209	[[88, 99]]	[[346, 357]]	1
tr|Q5CXL0|Q5CXL0_CRYPI	Q969K3	[[89, 100]]	[[223, 234]]	1
tr|Q5CXL0|Q5CXL0_CRYPI	O15083	[[93, 104]]	[[913, 924]]	1
tr|Q5CXL1|Q5CXL1_CRYPI	Q6ZTR5	[[209, 219]]	[[2533, 2543]]	1
tr|Q5CXL1|Q5CXL1_CRYPI	O95395	[[271, 280]]	[[156, 165]]	1
tr|Q5CXL1|Q5CXL1_CRYPI	Q0JRZ9	[[602, 614]]	[[595, 607]]	1
tr|Q5CXL1|Q5CXL1_CRYPI	Q9NZW4	[[895, 907]]	[[798, 810]]	1
tr|Q5CXL3|Q5CXL3_CRYPI	Q9Y4H2	[[1051, 1061]]	[[18, 28]]	1
tr|Q5CXL3|Q5CXL3_CRYPI	Q86Y33	[[1067, 1076]]	[[259, 268]]	1
tr|Q5CXL4|Q5CXL4_CRYPI	Q99928	[[306, 315]]	[[152, 161]]	1
tr|Q5CXL5|Q5CXL5_CRYPI	P62829	[[54, 77], [97, 123]]	[[48, 71], [91, 117]]	2
tr|Q5CXL6|Q5CXL6_CRYPI	P49588	[[633, 653], [312, 323], [776, 791], [47, 59], [247, 279], [85, 128], [192, 216], [753, 762], [716, 733], [218, 235]]	[[600, 620], [290, 301], [741, 756], [31, 43], [231, 263], [69, 112], [176, 200], [718, 727], [682, 699], [202, 219]]	10
tr|Q5CXL6|Q5CXL6_CRYPI	Q5JTZ9	[[60, 75], [83, 96], [723, 733], [316, 329], [188, 200], [136, 149]]	[[77, 92], [100, 113], [716, 726], [320, 333], [206, 218], [154, 167]]	6
tr|Q5CXL6|Q5CXL6_CRYPI	Q9UNX4	[[177, 185]]	[[260, 268]]	1
tr|Q5CXL7|Q5CXL7_CRYPI	Q15645	[[310, 333], [226, 244], [370, 387]]	[[208, 231], [124, 142], [268, 285]]	3
tr|Q5CXL7|Q5CXL7_CRYPI	O43933	[[276, 287]]	[[876, 887]]	1
tr|Q5CXL7|Q5CXL7_CRYPI	P40937	[[277, 289]]	[[56, 68]]	1
tr|Q5CXL7|Q5CXL7_CRYPI	P35249	[[279, 289]]	[[76, 86]]	1
tr|Q5CXL8|Q5CXL8_CRYPI	O14936	[[469, 480]]	[[122, 133]]	1
tr|Q5CXL8|Q5CXL8_CRYPI	Q8IVF6	[[614, 624]]	[[961, 971]]	1
tr|Q5CXM0|Q5CXM0_CRYPI	Q9BXA6	[[425, 437]]	[[62, 74]]	1
tr|Q5CXM0|Q5CXM0_CRYPI	P15735	[[488, 499]]	[[143, 154]]	1
tr|Q5CXM0|Q5CXM0_CRYPI	P17948	[[547, 559]]	[[1072, 1084]]	1
tr|Q5CXM0|Q5CXM0_CRYPI	P53667	[[553, 564]]	[[528, 539]]	1
tr|Q5CXM0|Q5CXM0_CRYPI	Q16816	[[560, 574]]	[[216, 230]]	1
tr|Q5CXM0|Q5CXM0_CRYPI	Q01113	[[671, 683]]	[[430, 442]]	1
tr|Q5CXM0|Q5CXM0_CRYPI	P46821	[[730, 742]]	[[209, 221]]	1
tr|Q5CXM2|Q5CXM2_CRYPI	Q92565	[[1323, 1334]]	[[507, 518]]	1
tr|Q5CXM2|Q5CXM2_CRYPI	Q8IZL8	[[1406, 1417]]	[[919, 930]]	1
tr|Q5CXM2|Q5CXM2_CRYPI	Q6PL24	[[1409, 1420]]	[[243, 254]]	1
tr|Q5CXM2|Q5CXM2_CRYPI	P0C7V8	[[1411, 1421]]	[[113, 123]]	1
tr|Q5CXM2|Q5CXM2_CRYPI	Q7Z401	[[1438, 1450]]	[[1177, 1189]]	1
tr|Q5CXM2|Q5CXM2_CRYPI	Q9ULL8	[[1439, 1451]]	[[1128, 1140]]	1
tr|Q5CXM2|Q5CXM2_CRYPI	Q9P2P1	[[1490, 1501]]	[[1856, 1867]]	1
tr|Q5CXM2|Q5CXM2_CRYPI	P35913	[[1587, 1596]]	[[592, 601]]	1
tr|Q5CXM2|Q5CXM2_CRYPI	O76083	[[1587, 1598]]	[[347, 358]]	1
tr|Q5CXM2|Q5CXM2_CRYPI	Q01064	[[1740, 1750]]	[[364, 374]]	1
tr|Q5CXM2|Q5CXM2_CRYPI	Q14432	[[1778, 1787]]	[[982, 991]]	1
tr|Q5CXM2|Q5CXM2_CRYPI	P0CAP2	[[470, 482]]	[[118, 130]]	1
tr|Q5CXM2|Q5CXM2_CRYPI	Q13029	[[594, 608]]	[[1056, 1070]]	1
tr|Q5CXM2|Q5CXM2_CRYPI	Q9Y2W1	[[954, 965]]	[[846, 857]]	1
tr|Q5CXM3|Q5CXM3_CRYPI	Q9UBC0	[[114, 125]]	[[121, 132]]	1
tr|Q5CXM3|Q5CXM3_CRYPI	Q13224	[[149, 156]]	[[983, 990]]	1
tr|Q5CXM3|Q5CXM3_CRYPI	P58549	[[399, 409]]	[[34, 44]]	1
tr|Q5CXM3|Q5CXM3_CRYPI	Q5JU85	[[424, 433]]	[[1242, 1251]]	1
tr|Q5CXM3|Q5CXM3_CRYPI	Q9P2R6	[[426, 437]]	[[1424, 1435]]	1
tr|Q5CXM6|Q5CXM6_CRYPI	O14782	[[157, 168]]	[[432, 443]]	1
tr|Q5CXN0|Q5CXN0_CRYPI	Q86U42	[[109, 120], [170, 186]]	[[171, 182], [232, 248]]	2
tr|Q5CXN0|Q5CXN0_CRYPI	Q8NC51	[[193, 204]]	[[174, 185]]	1
tr|Q5CXN0|Q5CXN0_CRYPI	P62995	[[240, 251]]	[[238, 249]]	1
tr|Q5CXN0|Q5CXN0_CRYPI	Q2LD37	[[52, 63]]	[[4138, 4149]]	1
tr|Q5CXN1|Q5CXN1_CRYPI	P15822	[[22, 33]]	[[2185, 2196]]	1
tr|Q5CXN1|Q5CXN1_CRYPI	Q16637	[[251, 259]]	[[220, 228]]	1
tr|Q5CXN1|Q5CXN1_CRYPI	Q96K80	[[251, 263]]	[[350, 362]]	1
tr|Q5CXN1|Q5CXN1_CRYPI	Q5W0Q7	[[286, 295]]	[[1000, 1009]]	1
tr|Q5CXN2|Q5CXN2_CRYPI	A0PK11	[[114, 123]]	[[212, 221]]	1
tr|Q5CXN2|Q5CXN2_CRYPI	Q3BBV2	[[410, 419]]	[[106, 115]]	1
tr|Q5CXN3|Q5CXN3_CRYPI	Q8NGT0	[[99, 108]]	[[217, 226]]	1
tr|Q5CXN5|Q5CXN5_CRYPI	Q9BY67	[[3, 15]]	[[339, 351]]	1
tr|Q5CXN7|Q5CXN7_CRYPI	Q02817	[[1349, 1359]]	[[626, 636]]	1
tr|Q5CXN7|Q5CXN7_CRYPI	Q92736	[[777, 786]]	[[3843, 3852]]	1
tr|Q5CXN7|Q5CXN7_CRYPI	Q9NUL7	[[905, 917]]	[[150, 162]]	1
tr|Q5CXN8|Q5CXN8_CRYPI	O43172	[[103, 116]]	[[111, 124]]	1
tr|Q5CXN8|Q5CXN8_CRYPI	Q99633	[[266, 278], [290, 308]]	[[268, 280], [292, 310]]	2
tr|Q5CXN9|Q5CXN9_CRYPI	P13569	[[1845, 1857]]	[[182, 194]]	1
tr|Q5CXN9|Q5CXN9_CRYPI	P87889	[[1899, 1910]]	[[52, 63]]	1
tr|Q5CXN9|Q5CXN9_CRYPI	Q9H7P9	[[363, 374]]	[[150, 161]]	1
tr|Q5CXP1|Q5CXP1_CRYPI	Q13228	[[826, 836]]	[[264, 274]]	1
tr|Q5CXP3|Q5CXP3_CRYPI	Q9NR99	[[1101, 1110]]	[[2799, 2808]]	1
tr|Q5CXP3|Q5CXP3_CRYPI	Q8NF91	[[1904, 1916]]	[[1568, 1580]]	1
tr|Q5CXP3|Q5CXP3_CRYPI	Q8NEB7	[[901, 911]]	[[8, 18]]	1
tr|Q5CXP6|Q5CXP6_CRYPI	Q5JSH3	[[711, 723], [570, 582]]	[[756, 768], [621, 633]]	2
tr|Q5CXP6|Q5CXP6_CRYPI	A8MYU2	[[608, 618]]	[[748, 758]]	1
tr|Q5CXP6|Q5CXP6_CRYPI	O75529	[[651, 663]]	[[472, 484]]	1
tr|Q5CXP7|Q5CXP7_CRYPI	P08572	[[157, 166]]	[[1670, 1679]]	1
tr|Q5CXP8|Q5CXP8_CRYPI	Q86VF2	[[180, 188]]	[[193, 201]]	1
tr|Q5CXP8|Q5CXP8_CRYPI	O43776	[[30, 39]]	[[412, 421]]	1
tr|Q5CXP9|Q5CXP9_CRYPI	O60902	[[181, 192]]	[[17, 28]]	1
tr|Q5CXP9|Q5CXP9_CRYPI	P17030	[[207, 217]]	[[229, 239]]	1
tr|Q5CXP9|Q5CXP9_CRYPI	Q8IVC4	[[208, 218]]	[[298, 308]]	1
tr|Q5CXQ1|Q5CXQ1_CRYPI	O14727	[[392, 403]]	[[986, 997]]	1
tr|Q5CXQ1|Q5CXQ1_CRYPI	Q96RU3	[[76, 85]]	[[540, 549]]	1
tr|Q5CXQ2|Q5CXQ2_CRYPI	Q4G0P3	[[71, 79]]	[[3603, 3611]]	1
tr|Q5CXQ3|Q5CXQ3_CRYPI	P23458	[[306, 318]]	[[963, 975]]	1
tr|Q5CXQ3|Q5CXQ3_CRYPI	Q8NCD3	[[510, 521]]	[[433, 444]]	1
tr|Q5CXQ4|Q5CXQ4_CRYPI	Q9NQS7	[[433, 442]]	[[61, 70]]	1
tr|Q5CXQ4|Q5CXQ4_CRYPI	Q5T200	[[446, 457]]	[[956, 967]]	1
tr|Q5CXQ4|Q5CXQ4_CRYPI	Q5DX21	[[457, 467]]	[[269, 279]]	1
tr|Q5CXQ4|Q5CXQ4_CRYPI	Q9H165	[[461, 472]]	[[497, 508]]	1
tr|Q5CXQ6|Q5CXQ6_CRYPI	Q9UHA3	[[38, 59]]	[[33, 54]]	1
tr|Q5CXQ6|Q5CXQ6_CRYPI	Q7Z7L1	[[92, 104]]	[[604, 616]]	1
tr|Q5CXQ7|Q5CXQ7_CRYPI	Q92696	[[226, 237], [173, 186]]	[[173, 184], [133, 146]]	2
tr|Q5CXQ9|Q5CXQ9_CRYPI	Q08945	[[356, 368]]	[[342, 354]]	1
tr|Q5CXQ9|Q5CXQ9_CRYPI	Q8NEA5	[[503, 515]]	[[147, 159]]	1
tr|Q5CXQ9|Q5CXQ9_CRYPI	Q0VAK6	[[511, 523]]	[[146, 158]]	1
tr|Q5CXR0|Q5CXR0_CRYPI	P05198	[[55, 92], [95, 119], [214, 226], [30, 42]]	[[30, 67], [70, 94], [196, 208], [5, 17]]	4
tr|Q5CXR0|Q5CXR0_CRYPI	A6NMT0	[[316, 327]]	[[322, 333]]	1
tr|Q5CXR0|Q5CXR0_CRYPI	Q9H4D0	[[320, 332]]	[[920, 932]]	1
tr|Q5CXR2|Q5CXR2_CRYPI	O95568	[[254, 266]]	[[185, 197]]	1
tr|Q5CXR2|Q5CXR2_CRYPI	Q96NW4	[[85, 95]]	[[524, 534]]	1
tr|Q5CXR3|Q5CXR3_CRYPI	Q9UGU5	[[350, 362]]	[[36, 48]]	1
tr|Q5CXR5|Q5CXR5_CRYPI	Q86U06	[[203, 215]]	[[234, 246]]	1
tr|Q5CXR5|Q5CXR5_CRYPI	Q14498	[[206, 218]]	[[224, 236]]	1
tr|Q5CXR5|Q5CXR5_CRYPI	Q9P2M7	[[527, 536]]	[[697, 706]]	1
tr|Q5CXR6|Q5CXR6_CRYPI	Q58F21	[[195, 207]]	[[63, 75]]	1
tr|Q5CXR6|Q5CXR6_CRYPI	Q9UIF8	[[204, 215]]	[[2103, 2114]]	1
tr|Q5CXR6|Q5CXR6_CRYPI	P00734	[[385, 396]]	[[192, 203]]	1
tr|Q5CXR9|Q5CXR9_CRYPI	Q8N6H7	[[42, 52]]	[[451, 461]]	1
tr|Q5CXS0|Q5CXS0_CRYPI	Q13129	[[162, 174]]	[[879, 891]]	1
tr|Q5CXS3|Q5CXS3_CRYPI	Q969R2	[[230, 240]]	[[437, 447]]	1
tr|Q5CXS3|Q5CXS3_CRYPI	Q13351	[[94, 103]]	[[212, 221]]	1
tr|Q5CXS4|Q5CXS4_CRYPI	Q12884	[[1454, 1465]]	[[487, 498]]	1
tr|Q5CXS4|Q5CXS4_CRYPI	Q9NZM3	[[3, 13]]	[[418, 428]]	1
tr|Q5CXS4|Q5CXS4_CRYPI	Q9H6F5	[[780, 791]]	[[323, 334]]	1
tr|Q5CXS4|Q5CXS4_CRYPI	Q8N556	[[799, 809]]	[[569, 579]]	1
tr|Q5CXS4|Q5CXS4_CRYPI	Q96M53	[[820, 831]]	[[160, 171]]	1
tr|Q5CXS4|Q5CXS4_CRYPI	Q8N4P2	[[839, 851]]	[[517, 529]]	1
tr|Q5CXS4|Q5CXS4_CRYPI	P29375	[[847, 858]]	[[1556, 1567]]	1
tr|Q5CXS4|Q5CXS4_CRYPI	Q5HYW3	[[848, 861]]	[[383, 396]]	1
tr|Q5CXS4|Q5CXS4_CRYPI	Q2TAC2	[[863, 874]]	[[273, 284]]	1
tr|Q5CXS4|Q5CXS4_CRYPI	Q15696	[[867, 879]]	[[82, 94]]	1
tr|Q5CXS4|Q5CXS4_CRYPI	Q9H3P7	[[875, 887]]	[[181, 193]]	1
tr|Q5CXS4|Q5CXS4_CRYPI	P27797	[[877, 889], [956, 968], [903, 916], [985, 997]]	[[369, 381], [367, 379], [367, 380], [369, 381]]	4
tr|Q5CXS4|Q5CXS4_CRYPI	O15020	[[927, 939]]	[[2085, 2097]]	1
tr|Q5CXS4|Q5CXS4_CRYPI	Q9NR50	[[938, 948]]	[[246, 256]]	1
tr|Q5CXS4|Q5CXS4_CRYPI	Q9Y6M7	[[950, 961]]	[[1145, 1156]]	1
tr|Q5CXS4|Q5CXS4_CRYPI	Q6P4R8	[[956, 966]]	[[312, 322]]	1
tr|Q5CXS4|Q5CXS4_CRYPI	Q6ZT62	[[991, 1001]]	[[199, 209]]	1
tr|Q5CXS5|Q5CXS5_CRYPI	Q8TCT6	[[78, 87]]	[[127, 136]]	1
tr|Q5CXS7|Q5CXS7_CRYPI	A6NM11	[[26, 37]]	[[899, 910]]	1
tr|Q5CXS7|Q5CXS7_CRYPI	P26367	[[539, 549]]	[[217, 227]]	1
tr|Q5CXS7|Q5CXS7_CRYPI	Q13087	[[97, 107]]	[[115, 125]]	1
tr|Q5CXS8|Q5CXS8_CRYPI	Q9H7B4	[[278, 289]]	[[201, 212]]	1
tr|Q5CXS8|Q5CXS8_CRYPI	Q9NR48	[[281, 290]]	[[2221, 2230]]	1
tr|Q5CXS8|Q5CXS8_CRYPI	Q8TF47	[[416, 425]]	[[448, 457]]	1
tr|Q5CXS9|Q5CXS9_CRYPI	Q8TEP8	[[157, 168]]	[[1600, 1611]]	1
tr|Q5CXS9|Q5CXS9_CRYPI	Q7RTR8	[[469, 481]]	[[157, 169]]	1
tr|Q5CXS9|Q5CXS9_CRYPI	O95185	[[488, 498]]	[[691, 701]]	1
tr|Q5CXT0|Q5CXT0_CRYPI	Q9Y3D0	[[10, 24]]	[[54, 68]]	1
tr|Q5CXT0|Q5CXT0_CRYPI	Q9H5X1	[[93, 105]]	[[134, 146]]	1
tr|Q5CXT1|Q5CXT1_CRYPI	P60866	[[48, 102]]	[[32, 86]]	1
tr|Q5CXT2|Q5CXT2_CRYPI	Q8TDG4	[[1020, 1030]]	[[509, 519]]	1
tr|Q5CXT2|Q5CXT2_CRYPI	Q8WY36	[[27, 38]]	[[408, 419]]	1
tr|Q5CXT2|Q5CXT2_CRYPI	Q96ST3	[[450, 458]]	[[993, 1001]]	1
tr|Q5CXT4|Q5CXT4_CRYPI	Q9UHD9	[[198, 212], [179, 190]]	[[258, 272], [239, 250]]	2
tr|Q5CXT4|Q5CXT4_CRYPI	Q9UMX0	[[182, 203]]	[[246, 267]]	1
tr|Q5CXT5|Q5CXT5_CRYPI	O15083	[[1066, 1078]]	[[914, 926]]	1
tr|Q5CXT5|Q5CXT5_CRYPI	P78559	[[1095, 1105]]	[[2088, 2098]]	1
tr|Q5CXT5|Q5CXT5_CRYPI	Q6ZS46	[[1102, 1113]]	[[92, 103]]	1
tr|Q5CXT5|Q5CXT5_CRYPI	P22087	[[1103, 1115]]	[[43, 55]]	1
tr|Q5CXT5|Q5CXT5_CRYPI	P42356	[[1104, 1115]]	[[6, 17]]	1
tr|Q5CXT5|Q5CXT5_CRYPI	Q13595	[[1105, 1117]]	[[221, 233]]	1
tr|Q5CXT5|Q5CXT5_CRYPI	Q9Y4W6	[[1109, 1121]]	[[110, 122]]	1
tr|Q5CXT5|Q5CXT5_CRYPI	P35606	[[21, 41], [80, 93], [381, 399], [121, 136], [261, 283], [161, 174], [4, 15], [300, 312]]	[[17, 37], [76, 89], [361, 379], [117, 132], [247, 269], [157, 170], [0, 11], [288, 300]]	8
tr|Q5CXT5|Q5CXT5_CRYPI	O75529	[[214, 226]]	[[439, 451]]	1
tr|Q5CXT5|Q5CXT5_CRYPI	Q9Y2I8	[[218, 229]]	[[383, 394]]	1
tr|Q5CXT5|Q5CXT5_CRYPI	Q8IZU2	[[218, 230]]	[[584, 596]]	1
tr|Q5CXT5|Q5CXT5_CRYPI	Q8TC44	[[256, 268]]	[[157, 169]]	1
tr|Q5CXT5|Q5CXT5_CRYPI	Q92828	[[257, 270]]	[[97, 110]]	1
tr|Q5CXT6|Q5CXT6_CRYPI	P38606	[[76, 101], [219, 290], [44, 65], [293, 392], [28, 41], [411, 434]]	[[81, 106], [223, 294], [49, 70], [297, 396], [33, 46], [415, 438]]	6
tr|Q5CXT7|Q5CXT7_CRYPI	Q8NER1	[[1090, 1100]]	[[756, 766]]	1
tr|Q5CXT7|Q5CXT7_CRYPI	Q5VZK9	[[1849, 1857]]	[[990, 998]]	1
tr|Q5CXT7|Q5CXT7_CRYPI	Q8IZU0	[[2001, 2013]]	[[125, 137]]	1
tr|Q5CXT7|Q5CXT7_CRYPI	Q6ZU52	[[2120, 2132]]	[[330, 342]]	1
tr|Q5CXT7|Q5CXT7_CRYPI	Q9Y4K1	[[4681, 4692]]	[[1313, 1324]]	1
tr|Q5CXT7|Q5CXT7_CRYPI	Q13029	[[4778, 4790]]	[[1058, 1070]]	1
tr|Q5CXT7|Q5CXT7_CRYPI	A6QL63	[[4953, 4963]]	[[261, 271]]	1
tr|Q5CXT7|Q5CXT7_CRYPI	Q9NUE0	[[4952, 4964]]	[[49, 61]]	1
tr|Q5CXT7|Q5CXT7_CRYPI	O14646	[[4957, 4967]]	[[27, 37]]	1
tr|Q5CXT7|Q5CXT7_CRYPI	Q86XA0	[[4985, 4996]]	[[158, 169]]	1
tr|Q5CXT7|Q5CXT7_CRYPI	Q9NUC0	[[5214, 5226]]	[[223, 235]]	1
tr|Q5CXT7|Q5CXT7_CRYPI	Q2LD37	[[5216, 5228]]	[[3918, 3930]]	1
tr|Q5CXT7|Q5CXT7_CRYPI	Q96DY7	[[5255, 5264]]	[[763, 772]]	1
tr|Q5CXT7|Q5CXT7_CRYPI	Q6SJ93	[[5836, 5844]]	[[121, 129]]	1
tr|Q5CXT7|Q5CXT7_CRYPI	Q14669	[[6649, 6661]]	[[2042, 2054]]	1
tr|Q5CXT8|Q5CXT8_CRYPI	O95071	[[1255, 1264]]	[[985, 994]]	1
tr|Q5CXT8|Q5CXT8_CRYPI	Q9H808	[[952, 963]]	[[156, 167]]	1
tr|Q5CXT9|Q5CXT9_CRYPI	Q06190	[[242, 252]]	[[892, 902]]	1
tr|Q5CXU0|Q5CXU0_CRYPI	O95628	[[161, 173], [63, 74]]	[[105, 117], [27, 38]]	2
tr|Q5CXU1|Q5CXU1_CRYPI	Q9BZ23	[[26, 39]]	[[213, 226]]	1
tr|Q5CXU1|Q5CXU1_CRYPI	Q8TE04	[[29, 40]]	[[241, 252]]	1
tr|Q5CXU2|Q5CXU2_CRYPI	P54886	[[115, 131], [203, 216], [379, 417], [257, 274]]	[[469, 485], [551, 564], [723, 761], [606, 623]]	4
tr|Q5CXU3|Q5CXU3_CRYPI	Q99569	[[107, 117]]	[[1166, 1176]]	1
tr|Q5CXU3|Q5CXU3_CRYPI	Q75V66	[[127, 139]]	[[485, 497]]	1
tr|Q5CXU3|Q5CXU3_CRYPI	Q96F25	[[153, 163]]	[[143, 153]]	1
tr|Q5CXU5|Q5CXU5_CRYPI	P14222	[[175, 187]]	[[213, 225]]	1
tr|Q5CXU5|Q5CXU5_CRYPI	Q8N7C7	[[232, 244]]	[[277, 289]]	1
tr|Q5CXU5|Q5CXU5_CRYPI	O15321	[[89, 101]]	[[385, 397]]	1
tr|Q5CXU6|Q5CXU6_CRYPI	P45974	[[590, 602]]	[[326, 338]]	1
tr|Q5CXU6|Q5CXU6_CRYPI	Q9P275	[[593, 608]]	[[125, 140]]	1
tr|Q5CXU6|Q5CXU6_CRYPI	Q9Y6I4	[[684, 696]]	[[257, 269]]	1
tr|Q5CXU8|Q5CXU8_CRYPI	A0A075B6W5	[[435, 443]]	[[100, 108]]	1
tr|Q5CXU9|Q5CXU9_CRYPI	Q9H2J4	[[158, 169]]	[[154, 165]]	1
tr|Q5CXU9|Q5CXU9_CRYPI	Q96JM4	[[26, 38]]	[[227, 239]]	1
tr|Q5CXV0|Q5CXV0_CRYPI	Q14165	[[122, 133]]	[[227, 238]]	1
tr|Q5CXV0|Q5CXV0_CRYPI	Q9NRE2	[[121, 132]]	[[24, 35]]	1
tr|Q5CXV0|Q5CXV0_CRYPI	P22670	[[123, 135]]	[[922, 934]]	1
tr|Q5CXV0|Q5CXV0_CRYPI	P21941	[[168, 179]]	[[359, 370]]	1
tr|Q5CXV1|Q5CXV1_CRYPI	Q9GZU1	[[6, 16]]	[[488, 498]]	1
tr|Q5CXV1|Q5CXV1_CRYPI	P78317	[[56, 68]]	[[156, 168]]	1
tr|Q5CXV2|Q5CXV2_CRYPI	E7EW31	[[274, 285]]	[[882, 893]]	1
tr|Q5CXV3|Q5CXV3_CRYPI	P59535	[[6, 18]]	[[195, 207]]	1
tr|Q5CXV6|Q5CXV6_CRYPI	P61218	[[85, 100], [53, 82], [103, 127]]	[[82, 97], [50, 79], [100, 124]]	3
tr|Q5CXV7|Q5CXV7_CRYPI	Q86U37	[[153, 165]]	[[52, 64]]	1
tr|Q5CXV8|Q5CXV8_CRYPI	P31150	[[10, 22]]	[[5, 17]]	1
tr|Q5CXV8|Q5CXV8_CRYPI	Q8NFR7	[[340, 351]]	[[393, 404]]	1
tr|Q5CXV8|Q5CXV8_CRYPI	P11215	[[434, 445]]	[[64, 75]]	1
tr|Q5CXV9|Q5CXV9_CRYPI	P54727	[[161, 172], [63, 74]]	[[196, 207], [44, 55]]	2
tr|Q5CXV9|Q5CXV9_CRYPI	P54725	[[330, 350], [315, 327]]	[[336, 356], [321, 333]]	2
tr|Q5CXW0|Q5CXW0_CRYPI	Q92973	[[192, 201]]	[[726, 735]]	1
tr|Q5CXW3|Q5CXW3_CRYPI	Q15910	[[153, 164]]	[[219, 230]]	1
tr|Q5CXW3|Q5CXW3_CRYPI	Q8WVB6	[[412, 421]]	[[483, 492]]	1
tr|Q5CXW6|Q5CXW6_CRYPI	Q9H1U4	[[130, 141]]	[[156, 167]]	1
tr|Q5CXW6|Q5CXW6_CRYPI	Q9BY67	[[137, 149]]	[[336, 348]]	1
tr|Q5CXW6|Q5CXW6_CRYPI	Q02817	[[157, 169]]	[[1280, 1292]]	1
tr|Q5CXW6|Q5CXW6_CRYPI	Q9H195	[[159, 168]]	[[743, 752]]	1
tr|Q5CXW8|Q5CXW8_CRYPI	Q8NI37	[[182, 196], [297, 308]]	[[172, 186], [283, 294]]	2
tr|Q5CXW8|Q5CXW8_CRYPI	Q9ULR3	[[218, 230]]	[[429, 441]]	1
tr|Q5CXX0|Q5CXX0_CRYPI	Q9Y216	[[111, 122]]	[[490, 501]]	1
tr|Q5CXX0|Q5CXX0_CRYPI	Q9BTT0	[[245, 258]]	[[232, 245]]	1
tr|Q5CXX0|Q5CXX0_CRYPI	O15066	[[249, 259]]	[[397, 407]]	1
tr|Q5CXX0|Q5CXX0_CRYPI	Q8TBY9	[[252, 261]]	[[59, 68]]	1
tr|Q5CXX1|Q5CXX1_CRYPI	Q9UJV9	[[157, 172], [488, 499], [389, 402], [368, 382], [254, 270]]	[[230, 245], [546, 557], [447, 460], [426, 440], [312, 328]]	5
tr|Q5CXX1|Q5CXX1_CRYPI	Q9Y6V7	[[284, 295]]	[[150, 161]]	1
tr|Q5CXX1|Q5CXX1_CRYPI	Q9NVP1	[[309, 319]]	[[356, 366]]	1
tr|Q5CXX1|Q5CXX1_CRYPI	Q9NQI0	[[436, 449]]	[[602, 615]]	1
tr|Q5CXX1|Q5CXX1_CRYPI	Q92870	[[562, 570]]	[[617, 625]]	1
tr|Q5CXX2|Q5CXX2_CRYPI	Q5T280	[[156, 171], [374, 384], [76, 88], [361, 373], [294, 308]]	[[167, 182], [347, 357], [90, 102], [334, 346], [279, 293]]	5
tr|Q5CXX3|Q5CXX3_CRYPI	Q9Y4Y9	[[31, 46], [98, 113]]	[[16, 31], [71, 86]]	2
tr|Q5CXX4|Q5CXX4_CRYPI	A4D1P6	[[152, 163]]	[[212, 223]]	1
tr|Q5CXX5|Q5CXX5_CRYPI	Q92537	[[1617, 1625]]	[[88, 96]]	1
tr|Q5CXX5|Q5CXX5_CRYPI	O95376	[[1749, 1757]]	[[293, 301]]	1
tr|Q5CXX5|Q5CXX5_CRYPI	Q9Y618	[[2261, 2272]]	[[517, 528]]	1
tr|Q5CXX5|Q5CXX5_CRYPI	P33176	[[2645, 2654]]	[[634, 643]]	1
tr|Q5CXX5|Q5CXX5_CRYPI	Q9HCJ0	[[2879, 2891]]	[[1244, 1256]]	1
tr|Q5CXX5|Q5CXX5_CRYPI	P05160	[[85, 94]]	[[221, 230]]	1
tr|Q5CXX7|Q5CXX7_CRYPI	Q9UN76	[[1576, 1587]]	[[152, 163]]	1
tr|Q5CXX7|Q5CXX7_CRYPI	Q63HM2	[[1756, 1764]]	[[348, 356]]	1
tr|Q5CXX7|Q5CXX7_CRYPI	Q9UKV0	[[185, 197]]	[[205, 217]]	1
tr|Q5CXX7|Q5CXX7_CRYPI	Q14008	[[303, 310]]	[[1323, 1330]]	1
tr|Q5CXX7|Q5CXX7_CRYPI	Q5VWM3	[[555, 563]]	[[156, 164]]	1
tr|Q5CXX8|Q5CXX8_CRYPI	Q92887	[[1145, 1157]]	[[1290, 1302]]	1
tr|Q5CXX8|Q5CXX8_CRYPI	P33527	[[1185, 1198]]	[[1323, 1336]]	1
tr|Q5CXX8|Q5CXX8_CRYPI	O15439	[[1297, 1309], [1191, 1203], [1188, 1201], [923, 932], [1232, 1245], [1342, 1355]]	[[1182, 1194], [447, 459], [1074, 1087], [816, 825], [1117, 1130], [1227, 1240]]	6
tr|Q5CXX8|Q5CXX8_CRYPI	Q68CJ6	[[1190, 1202]]	[[108, 120]]	1
tr|Q5CXX8|Q5CXX8_CRYPI	O95255	[[1231, 1242]]	[[1341, 1352]]	1
tr|Q5CXX8|Q5CXX8_CRYPI	Q96J65	[[1234, 1247], [647, 664], [1332, 1349]]	[[1199, 1212], [601, 618], [1297, 1314]]	3
tr|Q5CXX8|Q5CXX8_CRYPI	Q09428	[[1236, 1252]]	[[1425, 1441]]	1
tr|Q5CXX8|Q5CXX8_CRYPI	O60706	[[1298, 1310]]	[[1455, 1467]]	1
tr|Q5CXX8|Q5CXX8_CRYPI	O15438	[[1300, 1319]]	[[1434, 1453]]	1
tr|Q5CXX8|Q5CXX8_CRYPI	Q96MA6	[[557, 566]]	[[273, 282]]	1
tr|Q5CXX8|Q5CXX8_CRYPI	Q96J66	[[595, 607]]	[[580, 592]]	1
tr|Q5CXX8|Q5CXX8_CRYPI	Q5T3U5	[[655, 665]]	[[732, 742]]	1
tr|Q5CXX8|Q5CXX8_CRYPI	Q05586	[[801, 812]]	[[587, 598]]	1
tr|Q5CXX8|Q5CXX8_CRYPI	P48751	[[804, 814]]	[[133, 143]]	1
tr|Q5CXX8|Q5CXX8_CRYPI	Q8WXI2	[[804, 816]]	[[875, 887]]	1
tr|Q5CXX8|Q5CXX8_CRYPI	Q8N108	[[805, 816]]	[[84, 95]]	1
tr|Q5CXX8|Q5CXX8_CRYPI	Q96EL1	[[806, 818]]	[[64, 76]]	1
tr|Q5CXX8|Q5CXX8_CRYPI	O15440	[[918, 930]]	[[961, 973]]	1
tr|Q5CXX9|Q5CXX9_CRYPI	Q8NBF1	[[152, 164]]	[[165, 177]]	1
tr|Q5CXX9|Q5CXX9_CRYPI	P53990	[[182, 193]]	[[228, 237]]	1
tr|Q5CXX9|Q5CXX9_CRYPI	O15063	[[205, 215]]	[[1034, 1044]]	1
tr|Q5CXX9|Q5CXX9_CRYPI	Q86UP3	[[204, 216]]	[[3109, 3121]]	1
tr|Q5CXX9|Q5CXX9_CRYPI	Q9C0D6	[[205, 217]]	[[27, 39]]	1
tr|Q5CXX9|Q5CXX9_CRYPI	O15047	[[206, 218]]	[[598, 610]]	1
tr|Q5CXX9|Q5CXX9_CRYPI	Q8N3X1	[[207, 219]]	[[717, 729]]	1
tr|Q5CXX9|Q5CXX9_CRYPI	Q96T25	[[210, 222]]	[[137, 149]]	1
tr|Q5CXX9|Q5CXX9_CRYPI	O94851	[[215, 227]]	[[1721, 1733]]	1
tr|Q5CXX9|Q5CXX9_CRYPI	Q86TG7	[[216, 228]]	[[693, 705]]	1
tr|Q5CXX9|Q5CXX9_CRYPI	Q7L0R7	[[217, 229]]	[[290, 302]]	1
tr|Q5CXX9|Q5CXX9_CRYPI	Q9BQI5	[[219, 228]]	[[410, 419]]	1
tr|Q5CXX9|Q5CXX9_CRYPI	B1AK53	[[221, 231]]	[[448, 458]]	1
tr|Q5CXX9|Q5CXX9_CRYPI	Q8N6V9	[[270, 279]]	[[10, 19]]	1
tr|Q5CXX9|Q5CXX9_CRYPI	P16989	[[501, 511]]	[[313, 323]]	1
tr|Q5CXX9|Q5CXX9_CRYPI	O60341	[[778, 789]]	[[344, 355]]	1
tr|Q5CXY0|Q5CXY0_CRYPI	Q7Z4N8	[[1499, 1510]]	[[458, 469]]	1
tr|Q5CXY1|Q5CXY1_CRYPI	P09651	[[125, 135]]	[[52, 62]]	1
tr|Q5CXY1|Q5CXY1_CRYPI	Q9NZR2	[[16, 27]]	[[114, 125]]	1
tr|Q5CXY1|Q5CXY1_CRYPI	Q9BX46	[[229, 240]]	[[47, 58]]	1
tr|Q5CXY2|Q5CXY2_CRYPI	P11049	[[151, 162]]	[[84, 95]]	1
tr|Q5CXY2|Q5CXY2_CRYPI	Q9UNH5	[[164, 175], [43, 54]]	[[158, 169], [35, 46]]	2
tr|Q5CXY2|Q5CXY2_CRYPI	O60729	[[281, 294], [188, 200], [317, 330]]	[[311, 324], [218, 230], [347, 360]]	3
tr|Q5CXY3|Q5CXY3_CRYPI	Q02878	[[87, 99]]	[[192, 204]]	1
tr|Q5CXY7|Q5CXY7_CRYPI	P10070	[[140, 152]]	[[111, 123]]	1
tr|Q5CXY7|Q5CXY7_CRYPI	Q7Z7B1	[[43, 53]]	[[362, 372]]	1
tr|Q5CXY8|Q5CXY8_CRYPI	P57060	[[213, 225]]	[[205, 217]]	1
tr|Q5CXY9|Q5CXY9_CRYPI	Q9Y297	[[149, 158]]	[[320, 329]]	1
tr|Q5CXY9|Q5CXY9_CRYPI	Q8TC44	[[73, 82]]	[[12, 21]]	1
tr|Q5CXZ0|Q5CXZ0_CRYPI	Q9Y266	[[262, 281]]	[[286, 305]]	1
tr|Q5CXZ0|Q5CXZ0_CRYPI	Q8IVD9	[[29, 42]]	[[28, 41]]	1
tr|Q5CXZ0|Q5CXZ0_CRYPI	Q8IWZ3	[[80, 92]]	[[1457, 1469]]	1
tr|Q5CXZ0|Q5CXZ0_CRYPI	O75420	[[87, 97]]	[[714, 724]]	1
tr|Q5CXZ0|Q5CXZ0_CRYPI	Q6Y7W6	[[87, 98]]	[[774, 785]]	1
tr|Q5CXZ1|Q5CXZ1_CRYPI	O00159	[[1039, 1047]]	[[762, 770]]	1
tr|Q5CXZ1|Q5CXZ1_CRYPI	Q9P258	[[1205, 1217]]	[[212, 224]]	1
tr|Q5CXZ1|Q5CXZ1_CRYPI	Q9UKX3	[[217, 229]]	[[224, 236]]	1
tr|Q5CXZ1|Q5CXZ1_CRYPI	B0I1T2	[[456, 476]]	[[390, 410]]	1
tr|Q5CXZ1|Q5CXZ1_CRYPI	P13533	[[477, 489]]	[[478, 490]]	1
tr|Q5CXZ1|Q5CXZ1_CRYPI	Q9HC84	[[70, 79]]	[[1865, 1874]]	1
tr|Q5CXZ1|Q5CXZ1_CRYPI	Q13402	[[740, 752]]	[[717, 729]]	1
tr|Q5CXZ1|Q5CXZ1_CRYPI	Q8N7X0	[[958, 970]]	[[911, 923]]	1
tr|Q5CXZ2|Q5CXZ2_CRYPI	Q8WVX9	[[1937, 1946]]	[[394, 403]]	1
tr|Q5CXZ2|Q5CXZ2_CRYPI	P20908	[[204, 216]]	[[127, 139]]	1
tr|Q5CXZ2|Q5CXZ2_CRYPI	Q96DN2	[[486, 496]]	[[219, 229]]	1
tr|Q5CXZ2|Q5CXZ2_CRYPI	O43422	[[615, 625]]	[[703, 713]]	1
tr|Q5CXZ3|Q5CXZ3_CRYPI	O15054	[[181, 193]]	[[751, 763]]	1
tr|Q5CXZ3|Q5CXZ3_CRYPI	Q9NYG8	[[526, 536]]	[[225, 235]]	1
tr|Q5CXZ3|Q5CXZ3_CRYPI	P12111	[[564, 576]]	[[2881, 2893]]	1
tr|Q5CXZ3|Q5CXZ3_CRYPI	Q02817	[[566, 578]]	[[2006, 2018]]	1
tr|Q5CXZ3|Q5CXZ3_CRYPI	Q9H195	[[567, 578]]	[[2685, 2696]]	1
tr|Q5CXZ4|Q5CXZ4_CRYPI	Q6ZW05	[[16, 26]]	[[670, 680]]	1
tr|Q5CXZ4|Q5CXZ4_CRYPI	O60477	[[314, 322]]	[[720, 728]]	1
tr|Q5CXZ5|Q5CXZ5_CRYPI	Q09328	[[398, 406]]	[[458, 466]]	1
tr|Q5CXZ5|Q5CXZ5_CRYPI	P31277	[[511, 520]]	[[71, 80]]	1
tr|Q5CXZ7|Q5CXZ7_CRYPI	Q8IUZ0	[[255, 266]]	[[247, 258]]	1
tr|Q5CXZ8|Q5CXZ8_CRYPI	P12956	[[1101, 1113]]	[[9, 21]]	1
tr|Q5CXZ8|Q5CXZ8_CRYPI	B1AK53	[[182, 194]]	[[739, 751]]	1
tr|Q5CXZ8|Q5CXZ8_CRYPI	P02458	[[273, 281], [331, 341]]	[[200, 208], [200, 210]]	2
tr|Q5CXZ8|Q5CXZ8_CRYPI	P10070	[[278, 287]]	[[1351, 1360]]	1
tr|Q5CXZ8|Q5CXZ8_CRYPI	Q6UXH8	[[287, 303]]	[[279, 289]]	1
tr|Q5CXZ8|Q5CXZ8_CRYPI	Q09472	[[329, 341]]	[[1954, 1966]]	1
tr|Q5CXZ9|Q5CXZ9_CRYPI	Q8N0Y7	[[2, 13], [114, 126]]	[[3, 14], [115, 127]]	2
tr|Q5CXZ9|Q5CXZ9_CRYPI	P15259	[[238, 249], [106, 123], [54, 67]]	[[242, 253], [107, 124], [55, 68]]	3
tr|Q5CXZ9|Q5CXZ9_CRYPI	P07738	[[174, 186]]	[[179, 191]]	1
tr|Q5CXZ9|Q5CXZ9_CRYPI	P18669	[[3, 15]]	[[4, 16]]	1
tr|Q5CY01|Q5CY01_CRYPI	Q96DC8	[[215, 226]]	[[258, 269]]	1
tr|Q5CY01|Q5CY01_CRYPI	Q6UWJ1	[[27, 36]]	[[337, 346]]	1
tr|Q5CY02|Q5CY02_CRYPI	P35232	[[215, 227]]	[[192, 204]]	1
tr|Q5CY03|Q5CY03_CRYPI	P46379	[[569, 580]]	[[654, 665]]	1
tr|Q5CY03|Q5CY03_CRYPI	Q9C0D6	[[570, 582]]	[[32, 44]]	1
tr|Q5CY03|Q5CY03_CRYPI	Q86UP3	[[571, 583]]	[[3114, 3126]]	1
tr|Q5CY03|Q5CY03_CRYPI	Q6P5Q4	[[572, 584]]	[[424, 436]]	1
tr|Q5CY03|Q5CY03_CRYPI	Q13724	[[9, 17]]	[[766, 774]]	1
tr|Q5CY04|Q5CY04_CRYPI	Q9NP80	[[154, 163]]	[[673, 682]]	1
tr|Q5CY04|Q5CY04_CRYPI	P40227	[[189, 201], [208, 222], [80, 96], [405, 417], [317, 339], [273, 285]]	[[186, 198], [205, 219], [80, 96], [401, 413], [313, 335], [270, 282]]	6
tr|Q5CY04|Q5CY04_CRYPI	Q92526	[[35, 47], [213, 224], [499, 509], [292, 303], [89, 101], [385, 404], [63, 78]]	[[35, 47], [210, 221], [495, 505], [288, 299], [89, 101], [381, 400], [63, 78]]	7
tr|Q5CY04|Q5CY04_CRYPI	P52701	[[373, 384]]	[[1125, 1136]]	1
tr|Q5CY04|Q5CY04_CRYPI	P50991	[[88, 98]]	[[102, 112]]	1
tr|Q5CY06|Q5CY06_CRYPI	P16615	[[295, 307], [93, 115], [652, 664]]	[[288, 300], [87, 109], [612, 624]]	3
tr|Q5CY06|Q5CY06_CRYPI	Q93084	[[112, 126], [271, 283], [1088, 1100], [53, 65]]	[[106, 120], [263, 275], [973, 985], [49, 61]]	4
tr|Q5CY06|Q5CY06_CRYPI	P98194	[[158, 168]]	[[164, 174]]	1
tr|Q5CY06|Q5CY06_CRYPI	P50993	[[159, 170]]	[[193, 204]]	1
tr|Q5CY06|Q5CY06_CRYPI	O14983	[[342, 354], [541, 554], [795, 808], [891, 914], [834, 852], [297, 310], [655, 667]]	[[335, 347], [512, 525], [695, 708], [790, 813], [733, 751], [290, 303], [616, 628]]	7
tr|Q5CY06|Q5CY06_CRYPI	P05023	[[544, 556]]	[[508, 520]]	1
tr|Q5CY06|Q5CY06_CRYPI	Q13733	[[814, 826]]	[[734, 746]]	1
tr|Q5CY06|Q5CY06_CRYPI	Q01814	[[819, 832]]	[[836, 849]]	1
tr|Q5CY06|Q5CY06_CRYPI	Q96E52	[[971, 983]]	[[18, 30]]	1
tr|Q5CY07|Q5CY07_CRYPI	Q9Y3C5	[[333, 344]]	[[118, 129]]	1
tr|Q5CY07|Q5CY07_CRYPI	Q9Y252	[[343, 355]]	[[661, 673]]	1
tr|Q5CY08|Q5CY08_CRYPI	Q5T5P2	[[117, 125]]	[[1106, 1114]]	1
tr|Q5CY08|Q5CY08_CRYPI	Q8N4A0	[[174, 185], [460, 474]]	[[135, 146], [414, 428]]	2
tr|Q5CY08|Q5CY08_CRYPI	Q8NCW6	[[176, 188]]	[[153, 165]]	1
tr|Q5CY08|Q5CY08_CRYPI	Q86SF2	[[187, 197]]	[[220, 230]]	1
tr|Q5CY08|Q5CY08_CRYPI	Q6P9A2	[[199, 211]]	[[179, 191]]	1
tr|Q5CY08|Q5CY08_CRYPI	Q14435	[[204, 216]]	[[215, 227]]	1
tr|Q5CY08|Q5CY08_CRYPI	Q8IXK2	[[235, 247]]	[[193, 205]]	1
tr|Q5CY08|Q5CY08_CRYPI	Q9NY28	[[278, 289]]	[[286, 297]]	1
tr|Q5CY08|Q5CY08_CRYPI	Q9HCQ5	[[285, 297], [468, 480]]	[[260, 272], [443, 455]]	2
tr|Q5CY08|Q5CY08_CRYPI	Q8N428	[[383, 397]]	[[322, 336]]	1
tr|Q5CY08|Q5CY08_CRYPI	Q96FL9	[[464, 475]]	[[394, 405]]	1
tr|Q5CY08|Q5CY08_CRYPI	Q7Z7M9	[[466, 477]]	[[788, 799]]	1
tr|Q5CY09|Q5CY09_CRYPI	Q8WY54	[[422, 432]]	[[342, 352]]	1
tr|Q5CY10|Q5CY10_CRYPI	Q9BQ67	[[278, 293]]	[[324, 339]]	1
tr|Q5CY10|Q5CY10_CRYPI	Q9NW82	[[285, 297]]	[[401, 413]]	1
tr|Q5CY10|Q5CY10_CRYPI	Q9C0J8	[[350, 363]]	[[375, 388]]	1
tr|Q5CY10|Q5CY10_CRYPI	Q8WW27	[[38, 47]]	[[103, 112]]	1
tr|Q5CY10|Q5CY10_CRYPI	Q8NG31	[[42, 54]]	[[1993, 2005]]	1
tr|Q5CY11|Q5CY11_CRYPI	O95352	[[416, 427]]	[[257, 268]]	1
tr|Q5CY11|Q5CY11_CRYPI	Q8NE18	[[426, 440]]	[[435, 449]]	1
tr|Q5CY11|Q5CY11_CRYPI	Q8WWY3	[[442, 454]]	[[143, 155]]	1
tr|Q5CY13|Q5CY13_CRYPI	O15213	[[168, 181], [233, 255], [189, 199]]	[[260, 273], [324, 346], [280, 290]]	3
tr|Q5CY13|Q5CY13_CRYPI	Q5M9Q1	[[451, 460]]	[[234, 243]]	1
tr|Q5CY16|Q5CY16_CRYPI	Q15084	[[109, 122]]	[[91, 104]]	1
tr|Q5CY16|Q5CY16_CRYPI	Q8NBS9	[[210, 222], [70, 81], [202, 224]]	[[216, 228], [211, 222], [341, 363]]	3
tr|Q5CY16|Q5CY16_CRYPI	P30101	[[68, 80]]	[[49, 61]]	1
tr|Q5CY16|Q5CY16_CRYPI	P13667	[[82, 93], [74, 90]]	[[212, 223], [89, 105]]	2
tr|Q5CY17|Q5CY17_CRYPI	O76094	[[607, 615]]	[[571, 579]]	1
tr|Q5CY18|Q5CY18_CRYPI	P63173	[[39, 56]]	[[32, 49]]	1
tr|Q5CY20|Q5CY20_CRYPI	Q01970	[[314, 326]]	[[1113, 1125]]	1
tr|Q5CY21|Q5CY21_CRYPI	Q8TAQ2	[[1106, 1115]]	[[1003, 1012]]	1
tr|Q5CY21|Q5CY21_CRYPI	Q96RK0	[[1296, 1307]]	[[850, 861]]	1
tr|Q5CY21|Q5CY21_CRYPI	Q9HAW4	[[1901, 1913]]	[[625, 637]]	1
tr|Q5CY21|Q5CY21_CRYPI	Q7RTP6	[[1904, 1914]]	[[997, 1007]]	1
tr|Q5CY21|Q5CY21_CRYPI	Q8IZM8	[[1906, 1917]]	[[698, 709]]	1
tr|Q5CY21|Q5CY21_CRYPI	Q8N9T8	[[1907, 1918]]	[[248, 259]]	1
tr|Q5CY21|Q5CY21_CRYPI	Q5JQC4	[[1908, 1921]]	[[91, 104]]	1
tr|Q5CY21|Q5CY21_CRYPI	Q9BY67	[[532, 544], [568, 580], [624, 636], [372, 384], [824, 836], [609, 621]]	[[339, 351], [339, 351], [339, 351], [339, 351], [339, 351], [339, 351]]	6
tr|Q5CY21|Q5CY21_CRYPI	Q12955	[[826, 839], [625, 637], [875, 890], [796, 808]]	[[3959, 3972], [3960, 3972], [3958, 3973], [3961, 3973]]	4
tr|Q5CY21|Q5CY21_CRYPI	Q6ZVD8	[[627, 638]]	[[39, 50]]	1
tr|Q5CY21|Q5CY21_CRYPI	P12111	[[797, 808]]	[[2883, 2894]]	1
tr|Q5CY21|Q5CY21_CRYPI	Q4ZHG4	[[844, 856]]	[[1461, 1473]]	1
tr|Q5CY21|Q5CY21_CRYPI	O94856	[[886, 898]]	[[1079, 1091]]	1
tr|Q5CY22|Q5CY22_CRYPI	Q9UPN9	[[143, 155]]	[[525, 537]]	1
tr|Q5CY22|Q5CY22_CRYPI	Q8WYK2	[[269, 281]]	[[117, 129]]	1
tr|Q5CY25|Q5CY25_CRYPI	P38919	[[334, 353], [242, 272], [26, 38], [165, 177]]	[[349, 368], [257, 287], [42, 54], [180, 192]]	4
tr|Q5CY25|Q5CY25_CRYPI	Q14240	[[215, 226], [44, 55], [330, 344]]	[[226, 237], [55, 66], [341, 355]]	3
tr|Q5CY25|Q5CY25_CRYPI	Q9UHI6	[[67, 77]]	[[107, 117]]	1
tr|Q5CY25|Q5CY25_CRYPI	Q9NVP1	[[93, 103]]	[[253, 263]]	1
tr|Q5CY27|Q5CY27_CRYPI	Q9BU76	[[13, 25]]	[[7, 19]]	1
tr|Q5CY31|Q5CY31_CRYPI	Q9HBM1	[[201, 210]]	[[77, 86]]	1
tr|Q5CY31|Q5CY31_CRYPI	Q5H9U9	[[908, 919]]	[[571, 582]]	1
tr|Q5CY32|Q5CY32_CRYPI	Q5VZP5	[[167, 176]]	[[733, 742]]	1
tr|Q5CY32|Q5CY32_CRYPI	Q9NR48	[[193, 203]]	[[637, 647]]	1
tr|Q5CY34|Q5CY34_CRYPI	Q9H329	[[197, 207]]	[[698, 708]]	1
tr|Q5CY34|Q5CY34_CRYPI	Q9NYL2	[[432, 441]]	[[505, 514]]	1
tr|Q5CY34|Q5CY34_CRYPI	Q2LD37	[[543, 554]]	[[4140, 4151]]	1
tr|Q5CY35|Q5CY35_CRYPI	Q6IQ32	[[160, 169]]	[[1094, 1103]]	1
tr|Q5CY35|Q5CY35_CRYPI	P09914	[[433, 444]]	[[119, 130]]	1
tr|Q5CY36|Q5CY36_CRYPI	P0DQW0	[[1000, 1009]]	[[795, 804]]	1
tr|Q5CY36|Q5CY36_CRYPI	Q6DD88	[[294, 302]]	[[358, 366]]	1
tr|Q5CY36|Q5CY36_CRYPI	Q8N4F4	[[769, 777]]	[[274, 282]]	1
tr|Q5CY37|Q5CY37_CRYPI	P63098	[[31, 42]]	[[142, 153]]	1
tr|Q5CY37|Q5CY37_CRYPI	P42356	[[48, 59]]	[[718, 729]]	1
tr|Q5CY38|Q5CY38_CRYPI	A6NDL7	[[1336, 1347]]	[[191, 202]]	1
tr|Q5CY38|Q5CY38_CRYPI	Q32P44	[[2454, 2462]]	[[702, 710]]	1
tr|Q5CY38|Q5CY38_CRYPI	Q16363	[[881, 890]]	[[909, 918]]	1
tr|Q5CY39|Q5CY39_CRYPI	Q6PIF6	[[152, 161]]	[[129, 138]]	1
tr|Q5CY39|Q5CY39_CRYPI	Q9UM54	[[153, 165]]	[[123, 135]]	1
tr|Q5CY39|Q5CY39_CRYPI	Q6NUJ1	[[23, 31]]	[[26, 34]]	1
tr|Q5CY39|Q5CY39_CRYPI	O43795	[[254, 266]]	[[182, 194]]	1
tr|Q5CY39|Q5CY39_CRYPI	O00160	[[258, 268]]	[[188, 198]]	1
tr|Q5CY39|Q5CY39_CRYPI	O00560	[[334, 346]]	[[247, 259]]	1
tr|Q5CY39|Q5CY39_CRYPI	L0R8F8	[[785, 793]]	[[35, 43]]	1
tr|Q5CY41|Q5CY41_CRYPI	O75506	[[51, 63]]	[[36, 48]]	1
tr|Q5CY42|Q5CY42_CRYPI	Q8N9N5	[[335, 342]]	[[290, 297]]	1
tr|Q5CY44|Q5CY44_CRYPI	Q5T2R2	[[338, 352]]	[[299, 313]]	1
tr|Q5CY45|Q5CY45_CRYPI	P30876	[[1155, 1172], [692, 706], [151, 162], [105, 123], [962, 987], [504, 524], [745, 786], [805, 818], [924, 942]]	[[1154, 1171], [688, 702], [150, 161], [109, 127], [960, 985], [509, 529], [741, 782], [801, 814], [922, 940]]	9
tr|Q5CY45|Q5CY45_CRYPI	Q8TAU3	[[1117, 1126]]	[[91, 100]]	1
tr|Q5CY45|Q5CY45_CRYPI	Q9H9Y6	[[182, 194]]	[[166, 178]]	1
tr|Q5CY45|Q5CY45_CRYPI	Q13042	[[295, 304]]	[[592, 601]]	1
tr|Q5CY45|Q5CY45_CRYPI	Q9NW08	[[961, 972]]	[[921, 932]]	1
tr|Q5CY48|Q5CY48_CRYPI	Q9H2C2	[[519, 527]]	[[66, 74]]	1
tr|Q5CY49|Q5CY49_CRYPI	Q5SVZ6	[[141, 153]]	[[768, 780]]	1
tr|Q5CY49|Q5CY49_CRYPI	Q9H0C3	[[488, 496]]	[[44, 52]]	1
tr|Q5CY49|Q5CY49_CRYPI	P30260	[[517, 528]]	[[599, 610]]	1
tr|Q5CY50|Q5CY50_CRYPI	Q14568	[[170, 184], [113, 125]]	[[101, 115], [44, 56]]	2
tr|Q5CY50|Q5CY50_CRYPI	Q12931	[[156, 168], [679, 695]]	[[152, 164], [641, 657]]	2
tr|Q5CY50|Q5CY50_CRYPI	P14625	[[243, 256], [388, 400], [161, 188], [441, 453], [273, 290], [403, 425]]	[[234, 247], [408, 420], [148, 175], [461, 473], [264, 281], [423, 445]]	6
tr|Q5CY50|Q5CY50_CRYPI	P07900	[[330, 342]]	[[303, 315]]	1
tr|Q5CY50|Q5CY50_CRYPI	Q58FF8	[[462, 474]]	[[157, 169]]	1
tr|Q5CY50|Q5CY50_CRYPI	P08238	[[536, 547]]	[[479, 490]]	1
tr|Q5CY51|Q5CY51_CRYPI	P25787	[[232, 260], [88, 98], [218, 229]]	[[184, 212], [41, 51], [170, 181]]	3
tr|Q5CY52|Q5CY52_CRYPI	Q14188	[[123, 138]]	[[176, 191]]	1
tr|Q5CY53|Q5CY53_CRYPI	Q8IW45	[[117, 129], [81, 110]]	[[115, 127], [79, 108]]	2
tr|Q5CY54|Q5CY54_CRYPI	Q9Y3E7	[[18, 27]]	[[39, 48]]	1
tr|Q5CY56|Q5CY56_CRYPI	P35680	[[154, 164]]	[[91, 101]]	1
tr|Q5CY57|Q5CY57_CRYPI	O60763	[[269, 277]]	[[546, 554]]	1
tr|Q5CY57|Q5CY57_CRYPI	O14744	[[440, 459]]	[[431, 450]]	1
tr|Q5CY58|Q5CY58_CRYPI	O00566	[[378, 389]]	[[462, 473]]	1
tr|Q5CY59|Q5CY59_CRYPI	Q8TBB5	[[162, 171], [475, 487]]	[[147, 156], [442, 454]]	2
tr|Q5CY59|Q5CY59_CRYPI	Q8N7A1	[[221, 231]]	[[170, 180]]	1
tr|Q5CY60|Q5CY60_CRYPI	Q15361	[[132, 144]]	[[724, 736]]	1
tr|Q5CY60|Q5CY60_CRYPI	Q9NP71	[[484, 496]]	[[837, 849]]	1
tr|Q5CY60|Q5CY60_CRYPI	Q9HAR2	[[521, 530]]	[[1165, 1174]]	1
tr|Q5CY60|Q5CY60_CRYPI	Q9UNH5	[[566, 578]]	[[29, 41]]	1
tr|Q5CY63|Q5CY63_CRYPI	Q14789	[[137, 147]]	[[498, 508]]	1
tr|Q5CY64|Q5CY64_CRYPI	Q9H0C8	[[299, 311]]	[[230, 242]]	1
tr|Q5CY65|Q5CY65_CRYPI	Q9UK45	[[53, 64]]	[[44, 55]]	1
tr|Q5CY67|Q5CY67_CRYPI	Q8TF17	[[234, 246]]	[[697, 709]]	1
tr|Q5CY69|Q5CY69_CRYPI	Q49AN0	[[613, 624]]	[[451, 462]]	1
tr|Q5CY73|Q5CY73_CRYPI	P45985	[[440, 456]]	[[233, 249]]	1
tr|Q5CY76|Q5CY76_CRYPI	P63172	[[3, 13]]	[[60, 70]]	1
tr|Q5CY80|Q5CY80_CRYPI	Q8TDQ7	[[814, 823]]	[[20, 29]]	1
tr|Q5CY80|Q5CY80_CRYPI	O75445	[[96, 106]]	[[4179, 4189]]	1
tr|Q5CY81|Q5CY81_CRYPI	Q969P6	[[186, 203], [423, 437]]	[[183, 200], [421, 435]]	2
tr|Q5CY81|Q5CY81_CRYPI	P11387	[[242, 254], [487, 503], [342, 354], [365, 377]]	[[400, 412], [618, 634], [500, 512], [527, 539]]	4
tr|Q5CY81|Q5CY81_CRYPI	Q05397	[[515, 526]]	[[811, 822]]	1
tr|Q5CY83|Q5CY83_CRYPI	Q8IZ81	[[144, 155]]	[[173, 184]]	1
tr|Q5CY83|Q5CY83_CRYPI	P35749	[[71, 80]]	[[995, 1004]]	1
tr|Q5CY84|Q5CY84_CRYPI	Q969V5	[[111, 121]]	[[333, 343]]	1
tr|Q5CY84|Q5CY84_CRYPI	Q9C037	[[76, 87]]	[[8, 19]]	1
tr|Q5CY84|Q5CY84_CRYPI	Q9C019	[[90, 101]]	[[26, 37]]	1
tr|Q5CY86|Q5CY86_CRYPI	Q9NPA1	[[211, 221]]	[[11, 21]]	1
tr|Q5CY86|Q5CY86_CRYPI	Q8NI36	[[27, 36]]	[[838, 847]]	1
tr|Q5CY87|Q5CY87_CRYPI	Q96KA5	[[554, 569], [537, 552], [348, 367]]	[[491, 506], [474, 489], [299, 318]]	3
tr|Q5CY87|Q5CY87_CRYPI	Q96F10	[[469, 481]]	[[65, 77]]	1
tr|Q5CY87|Q5CY87_CRYPI	O96005	[[525, 547], [504, 519]]	[[537, 559], [516, 531]]	2
tr|Q5CY89|Q5CY89_CRYPI	O00410	[[428, 440]]	[[406, 418]]	1
tr|Q5CY91|Q5CY91_CRYPI	P00156	[[183, 193]]	[[293, 303]]	1
tr|Q5CY95|Q5CY95_CRYPI	Q969W1	[[165, 180]]	[[163, 178]]	1
tr|Q5CY95|Q5CY95_CRYPI	Q9UIJ5	[[170, 185]]	[[140, 155]]	1
tr|Q5CY97|Q5CY97_CRYPI	P48643	[[246, 286], [207, 225], [311, 330], [136, 153], [395, 416], [103, 133], [419, 435], [334, 361]]	[[230, 270], [191, 209], [295, 314], [121, 138], [379, 400], [88, 118], [403, 419], [318, 345]]	8
tr|Q5CY97|Q5CY97_CRYPI	Q99832	[[110, 122]]	[[83, 95]]	1
tr|Q5CY97|Q5CY97_CRYPI	P17987	[[200, 212]]	[[167, 179]]	1
tr|Q5CY97|Q5CY97_CRYPI	P50990	[[432, 443]]	[[406, 417]]	1
tr|Q5CY97|Q5CY97_CRYPI	Q92526	[[60, 71]]	[[31, 42]]	1
tr|Q5CY98|Q5CY98_CRYPI	O14530	[[114, 133], [136, 156]]	[[85, 104], [107, 127]]	2
tr|Q5CY98|Q5CY98_CRYPI	Q8TBY8	[[81, 93]]	[[637, 649]]	1
tr|Q5CYA6|Q5CYA6_CRYPI	A0A0B4J1U6	[[8, 19]]	[[4, 15]]	1
tr|Q5CYA8|Q5CYA8_CRYPI	Q9NR20	[[441, 454]]	[[224, 237]]	1
tr|Q5CYA8|Q5CYA8_CRYPI	Q86Z02	[[502, 516]]	[[353, 367]]	1
tr|Q5CYA8|Q5CYA8_CRYPI	Q5VST9	[[634, 645]]	[[6710, 6721]]	1
tr|Q5CYA9|Q5CYA9_CRYPI	O00567	[[1153, 1165]]	[[438, 450]]	1
tr|Q5CYA9|Q5CYA9_CRYPI	Q96RL7	[[1270, 1280]]	[[2122, 2132]]	1
tr|Q5CYA9|Q5CYA9_CRYPI	Q9Y238	[[900, 912]]	[[1647, 1659]]	1
tr|Q5CYB0|Q5CYB0_CRYPI	A0A087WT03	[[169, 180]]	[[73, 84]]	1
tr|Q5CYB0|Q5CYB0_CRYPI	Q14974	[[181, 193], [432, 444]]	[[169, 181], [423, 435]]	2
tr|Q5CYB0|Q5CYB0_CRYPI	Q149N8	[[654, 662]]	[[1453, 1461]]	1
tr|Q5CYB1|Q5CYB1_CRYPI	Q96CC6	[[219, 231]]	[[695, 707]]	1
tr|Q5CYB1|Q5CYB1_CRYPI	Q8NFH5	[[287, 297]]	[[203, 213]]	1
tr|Q5CYB1|Q5CYB1_CRYPI	Q96RT7	[[406, 416]]	[[453, 463]]	1
tr|Q5CYB2|Q5CYB2_CRYPI	O14514	[[102, 113]]	[[204, 215]]	1
tr|Q5CYB3|Q5CYB3_CRYPI	Q9H063	[[163, 177]]	[[178, 192]]	1
tr|Q5CYB4|Q5CYB4_CRYPI	Q13395	[[258, 268]]	[[319, 329]]	1
tr|Q5CYB4|Q5CYB4_CRYPI	Q8N9C0	[[53, 65]]	[[114, 126]]	1
tr|Q5CYB6|Q5CYB6_CRYPI	P57071	[[111, 120]]	[[44, 53]]	1
tr|Q5CYB9|Q5CYB9_CRYPI	P48444	[[106, 137], [16, 25]]	[[101, 132], [17, 26]]	2
tr|Q5CYC1|Q5CYC1_CRYPI	Q9BY41	[[140, 150]]	[[242, 252]]	1
tr|Q5CYC1|Q5CYC1_CRYPI	P33992	[[405, 419], [484, 539], [375, 387], [435, 451], [253, 262], [665, 681]]	[[349, 363], [428, 483], [319, 331], [379, 395], [204, 213], [605, 621]]	6
tr|Q5CYC1|Q5CYC1_CRYPI	P49736	[[394, 406]]	[[480, 492]]	1
tr|Q5CYC1|Q5CYC1_CRYPI	Q14566	[[464, 475]]	[[423, 434]]	1
tr|Q5CYC1|Q5CYC1_CRYPI	P33993	[[531, 548]]	[[475, 492]]	1
tr|Q5CYC2|Q5CYC2_CRYPI	O95232	[[201, 209]]	[[268, 276]]	1
tr|Q5CYC3|Q5CYC3_CRYPI	P51665	[[82, 94], [245, 255], [104, 116], [184, 198]]	[[66, 78], [229, 239], [88, 100], [168, 182]]	4
tr|Q5CYC7|Q5CYC7_CRYPI	Q7Z4H7	[[211, 222]]	[[208, 219]]	1
tr|Q5CYC8|Q5CYC8_CRYPI	Q9UPA5	[[469, 479]]	[[3222, 3232]]	1
tr|Q5CYC8|Q5CYC8_CRYPI	P43235	[[564, 576]]	[[273, 285]]	1
tr|Q5CYD0|Q5CYD0_CRYPI	Q5VUG0	[[260, 271]]	[[659, 670]]	1
tr|Q5CYD0|Q5CYD0_CRYPI	A8K7I4	[[370, 379]]	[[700, 709]]	1
tr|Q5CYD1|Q5CYD1_CRYPI	O60870	[[134, 142], [15, 29]]	[[134, 142], [15, 29]]	2
tr|Q5CYD3|Q5CYD3_CRYPI	Q9UKA8	[[307, 316]]	[[32, 41]]	1
tr|Q5CYD4|Q5CYD4_CRYPI	Q13547	[[1117, 1127]]	[[361, 371]]	1
tr|Q5CYD5|Q5CYD5_CRYPI	P82094	[[1183, 1193]]	[[851, 861]]	1
tr|Q5CYD5|Q5CYD5_CRYPI	Q14674	[[2381, 2400]]	[[2054, 2073]]	1
tr|Q5CYD8|Q5CYD8_CRYPI	O14678	[[180, 192]]	[[138, 150]]	1
tr|Q5CYD8|Q5CYD8_CRYPI	Q15911	[[342, 354]]	[[1401, 1413]]	1
tr|Q5CYD8|Q5CYD8_CRYPI	Q15286	[[510, 526]]	[[9, 25]]	1
tr|Q5CYE0|Q5CYE0_CRYPI	Q9UQE7	[[1246, 1258], [185, 206], [1191, 1204], [161, 175]]	[[1168, 1180], [154, 175], [1113, 1126], [130, 144]]	4
tr|Q5CYE0|Q5CYE0_CRYPI	Q8NDV3	[[57, 69]]	[[28, 40]]	1
tr|Q5CYE0|Q5CYE0_CRYPI	O95347	[[58, 71]]	[[29, 42]]	1
tr|Q5CYE0|Q5CYE0_CRYPI	Q8WWV3	[[661, 671]]	[[360, 370]]	1
tr|Q5CYE0|Q5CYE0_CRYPI	Q8WWW0	[[975, 984]]	[[395, 404]]	1
tr|Q5CYE1|Q5CYE1_CRYPI	Q9H8M2	[[257, 269]]	[[90, 102]]	1
tr|Q5CYE2|Q5CYE2_CRYPI	Q9BXS5	[[59, 69], [278, 297], [100, 120]]	[[58, 68], [250, 269], [99, 119]]	3
tr|Q5CYE2|Q5CYE2_CRYPI	Q96CW1	[[211, 220], [106, 118]]	[[201, 210], [103, 115]]	2
tr|Q5CYE2|Q5CYE2_CRYPI	Q9Y6Q5	[[289, 297], [4, 26], [168, 182], [93, 110], [254, 270]]	[[261, 269], [3, 25], [156, 170], [92, 109], [226, 242]]	5
tr|Q5CYE3|Q5CYE3_CRYPI	Q92878	[[51, 61]]	[[35, 45]]	1
tr|Q5CYE4|Q5CYE4_CRYPI	P31153	[[132, 146], [86, 98], [265, 280], [208, 219]]	[[127, 141], [81, 93], [257, 272], [200, 211]]	4
tr|Q5CYE4|Q5CYE4_CRYPI	Q00266	[[182, 194], [81, 93], [269, 287], [206, 221], [135, 153]]	[[174, 186], [76, 88], [261, 279], [198, 213], [130, 148]]	5
tr|Q5CYE4|Q5CYE4_CRYPI	Q6GPH6	[[54, 62]]	[[394, 402]]	1
tr|Q5CYE6|Q5CYE6_CRYPI	Q59EK9	[[157, 166]]	[[308, 317]]	1
tr|Q5CYE7|Q5CYE7_CRYPI	P78524	[[641, 651]]	[[1021, 1031]]	1
tr|Q5CYE7|Q5CYE7_CRYPI	Q6ZR08	[[982, 993]]	[[1887, 1898]]	1
tr|Q5CYE9|Q5CYE9_CRYPI	Q86UQ4	[[661, 672]]	[[206, 217]]	1
tr|Q5CYF2|Q5CYF2_CRYPI	Q8IYT2	[[166, 178]]	[[165, 177]]	1
tr|Q5CYF2|Q5CYF2_CRYPI	Q8N2H3	[[353, 364]]	[[352, 363]]	1
tr|Q5CYF2|Q5CYF2_CRYPI	Q9NR09	[[635, 646]]	[[3360, 3371]]	1
tr|Q5CYF2|Q5CYF2_CRYPI	Q9Y5X4	[[946, 956]]	[[205, 215]]	1
tr|Q5CYF4|Q5CYF4_CRYPI	P18077	[[55, 69]]	[[40, 54]]	1
tr|Q5CYG0|Q5CYG0_CRYPI	A5YM69	[[208, 218]]	[[305, 315]]	1
tr|Q5CYG3|Q5CYG3_CRYPI	O60885	[[1723, 1733]]	[[572, 582]]	1
tr|Q5CYG3|Q5CYG3_CRYPI	Q8WVD3	[[195, 206]]	[[55, 66]]	1
tr|Q5CYG3|Q5CYG3_CRYPI	Q96R08	[[275, 287]]	[[206, 218]]	1
tr|Q5CYG4|Q5CYG4_CRYPI	P05423	[[154, 165]]	[[77, 88]]	1
tr|Q5CYG4|Q5CYG4_CRYPI	Q92733	[[232, 243]]	[[267, 278]]	1
tr|Q5CYG5|Q5CYG5_CRYPI	P35268	[[90, 108], [64, 79]]	[[99, 117], [73, 88]]	2
tr|Q5CYG5|Q5CYG5_CRYPI	Q6P5R6	[[69, 83]]	[[72, 86]]	1
tr|Q5CYG6|Q5CYG6_CRYPI	Q9H2Y7	[[318, 329]]	[[1030, 1041]]	1
tr|Q5CYG8|Q5CYG8_CRYPI	P05113	[[215, 225]]	[[113, 123]]	1
tr|Q5CYG8|Q5CYG8_CRYPI	Q9Y577	[[294, 304]]	[[179, 189]]	1
tr|Q5CYH3|Q5CYH3_CRYPI	Q7Z2Q7	[[123, 134]]	[[561, 572]]	1
tr|Q5CYH3|Q5CYH3_CRYPI	Q9H4M7	[[1807, 1818]]	[[595, 606]]	1
tr|Q5CYH3|Q5CYH3_CRYPI	Q96DT5	[[291, 300]]	[[633, 642]]	1
tr|Q5CYH3|Q5CYH3_CRYPI	Q02543	[[443, 453]]	[[141, 151]]	1
tr|Q5CYH4|Q5CYH4_CRYPI	P51151	[[140, 151]]	[[117, 128]]	1
tr|Q5CYH4|Q5CYH4_CRYPI	Q9NR31	[[183, 209]]	[[170, 196]]	1
tr|Q5CYH5|Q5CYH5_CRYPI	Q75T13	[[123, 133]]	[[169, 179]]	1
tr|Q5CYH6|Q5CYH6_CRYPI	Q86YP4	[[319, 330]]	[[165, 176]]	1
tr|Q5CYH7|Q5CYH7_CRYPI	P63241	[[39, 60]]	[[32, 53]]	1
tr|Q5CYH8|Q5CYH8_CRYPI	P62987	[[8, 31], [88, 107]]	[[4, 27], [84, 103]]	2
tr|Q5CYH8|Q5CYH8_CRYPI	P0CG48	[[69, 81]]	[[673, 685]]	1
tr|Q5CYH9|Q5CYH9_CRYPI	Q96P11	[[206, 214]]	[[134, 142]]	1
tr|Q5CYH9|Q5CYH9_CRYPI	Q0VAM2	[[341, 349]]	[[147, 155]]	1
tr|Q5CYI0|Q5CYI0_CRYPI	Q15678	[[231, 241]]	[[369, 379]]	1
tr|Q5CYI1|Q5CYI1_CRYPI	P23396	[[179, 192], [73, 92]]	[[178, 191], [72, 91]]	2
tr|Q5CYI1|Q5CYI1_CRYPI	A1X283	[[198, 208]]	[[463, 473]]	1
tr|Q5CYI2|Q5CYI2_CRYPI	O00187	[[495, 503]]	[[346, 354]]	1
tr|Q5CYI2|Q5CYI2_CRYPI	P25685	[[64, 74]]	[[107, 117]]	1
tr|Q5CYI3|Q5CYI3_CRYPI	O14802	[[483, 495]]	[[119, 131]]	1
tr|Q5CYI6|Q5CYI6_CRYPI	Q92736	[[7, 18]]	[[4514, 4525]]	1
tr|Q5CYI7|Q5CYI7_CRYPI	Q16774	[[29, 42]]	[[31, 44]]	1
tr|Q5CYI9|Q5CYI9_CRYPI	O95257	[[31, 40]]	[[148, 157]]	1
tr|Q5CYJ0|Q5CYJ0_CRYPI	Q15459	[[170, 182], [19, 31]]	[[193, 205], [52, 64]]	2
tr|Q5CYJ0|Q5CYJ0_CRYPI	Q9Y394	[[60, 71]]	[[313, 324]]	1
tr|Q5CYJ1|Q5CYJ1_CRYPI	A6NNF4	[[158, 169]]	[[433, 444]]	1
tr|Q5CYJ1|Q5CYJ1_CRYPI	Q05481	[[158, 170]]	[[890, 902]]	1
tr|Q5CYJ1|Q5CYJ1_CRYPI	Q3SXZ3	[[160, 171]]	[[293, 304]]	1
tr|Q5CYJ1|Q5CYJ1_CRYPI	Q8IUS5	[[193, 201]]	[[189, 197]]	1
tr|Q5CYJ2|Q5CYJ2_CRYPI	Q99965	[[5, 14]]	[[694, 703]]	1
tr|Q5CYJ3|Q5CYJ3_CRYPI	P62917	[[167, 183], [79, 96], [0, 18], [35, 48], [116, 134], [98, 112]]	[[167, 183], [79, 96], [0, 18], [35, 48], [116, 134], [98, 112]]	6
tr|Q5CYJ4|Q5CYJ4_CRYPI	Q6Y2X3	[[1256, 1266]]	[[514, 524]]	1
tr|Q5CYJ4|Q5CYJ4_CRYPI	Q9BRF8	[[1319, 1327]]	[[217, 225]]	1
tr|Q5CYJ4|Q5CYJ4_CRYPI	Q96EX3	[[261, 273]]	[[236, 248]]	1
tr|Q5CYJ4|Q5CYJ4_CRYPI	Q63HK5	[[673, 686]]	[[506, 519]]	1
tr|Q5CYJ5|Q5CYJ5_CRYPI	Q10713	[[322, 336]]	[[344, 358]]	1
tr|Q5CYJ6|Q5CYJ6_CRYPI	P16615	[[353, 364]]	[[686, 697]]	1
tr|Q5CYJ6|Q5CYJ6_CRYPI	Q8TE73	[[670, 681]]	[[1316, 1327]]	1
tr|Q5CYJ7|Q5CYJ7_CRYPI	Q9UBQ0	[[93, 109], [124, 134], [146, 158]]	[[77, 93], [108, 118], [130, 142]]	3
tr|Q5CYJ7|Q5CYJ7_CRYPI	Q92995	[[84, 93]]	[[576, 585]]	1
tr|Q5CYJ8|Q5CYJ8_CRYPI	O95433	[[15, 26]]	[[20, 31]]	1
tr|Q5CYJ8|Q5CYJ8_CRYPI	Q5T1R4	[[183, 195]]	[[1700, 1712]]	1
tr|Q5CYJ9|Q5CYJ9_CRYPI	P62312	[[75, 89], [55, 69], [22, 53]]	[[60, 74], [40, 54], [7, 38]]	3
tr|Q5CYJ9|Q5CYJ9_CRYPI	Q5T1A1	[[25, 36]]	[[260, 271]]	1
tr|Q5CYK2|Q5CYK2_CRYPI	Q96IZ0	[[530, 542]]	[[267, 279]]	1
tr|Q5CYK3|Q5CYK3_CRYPI	Q13523	[[589, 601]]	[[810, 822]]	1
tr|Q5CYK3|Q5CYK3_CRYPI	Q9NQT6	[[687, 699]]	[[105, 117]]	1
tr|Q5CYK4|Q5CYK4_CRYPI	Q96IZ0	[[96, 108]]	[[151, 163]]	1
tr|Q5CYK5|Q5CYK5_CRYPI	Q9NRH3	[[317, 328], [348, 362], [370, 388], [7, 20], [288, 311], [178, 213], [231, 259]]	[[316, 327], [347, 361], [370, 388], [5, 18], [284, 307], [175, 210], [228, 256]]	7
tr|Q5CYK7|Q5CYK7_CRYPI	O95980	[[111, 123]]	[[431, 443]]	1
tr|Q5CYK7|Q5CYK7_CRYPI	Q8TBY9	[[130, 142]]	[[59, 71]]	1
tr|Q5CYK7|Q5CYK7_CRYPI	Q14568	[[135, 147]]	[[238, 250]]	1
tr|Q5CYK7|Q5CYK7_CRYPI	Q14839	[[137, 148]]	[[1659, 1670]]	1
tr|Q5CYK7|Q5CYK7_CRYPI	Q6UB99	[[146, 158]]	[[1366, 1378]]	1
tr|Q5CYK7|Q5CYK7_CRYPI	Q7Z5K2	[[209, 220]]	[[1089, 1100]]	1
tr|Q5CYK7|Q5CYK7_CRYPI	Q14517	[[42, 54]]	[[4010, 4022]]	1
tr|Q5CYK9|Q5CYK9_CRYPI	O60313	[[216, 225]]	[[235, 244]]	1
tr|Q5CYL0|Q5CYL0_CRYPI	P0DME0	[[1011, 1027]]	[[236, 252]]	1
tr|Q5CYL0|Q5CYL0_CRYPI	Q9P2K8	[[1017, 1029]]	[[728, 740]]	1
tr|Q5CYL0|Q5CYL0_CRYPI	Q9NW13	[[1020, 1030]]	[[233, 243]]	1
tr|Q5CYL0|Q5CYL0_CRYPI	Q6PL18	[[1034, 1046]]	[[258, 270]]	1
tr|Q5CYL0|Q5CYL0_CRYPI	P19338	[[1036, 1048]]	[[190, 202]]	1
tr|Q5CYL0|Q5CYL0_CRYPI	Q86V15	[[1038, 1050]]	[[1703, 1715]]	1
tr|Q5CYL0|Q5CYL0_CRYPI	O00566	[[1044, 1056]]	[[124, 136]]	1
tr|Q5CYL0|Q5CYL0_CRYPI	P60006	[[491, 503]]	[[71, 83]]	1
tr|Q5CYL0|Q5CYL0_CRYPI	Q14093	[[508, 520]]	[[260, 272]]	1
tr|Q5CYL0|Q5CYL0_CRYPI	Q9Y5B9	[[774, 789], [936, 948], [757, 769]]	[[696, 711], [853, 865], [679, 691]]	3
tr|Q5CYL2|Q5CYL2_CRYPI	Q9UBF2	[[534, 546], [142, 154], [487, 502], [72, 90]]	[[515, 527], [139, 151], [468, 483], [69, 87]]	4
tr|Q5CYL2|Q5CYL2_CRYPI	Q9Y678	[[194, 205]]	[[190, 201]]	1
tr|Q5CYL3|Q5CYL3_CRYPI	Q68DC2	[[123, 134]]	[[367, 378]]	1
tr|Q5CYL5|Q5CYL5_CRYPI	Q969Q0	[[35, 73], [79, 100]]	[[34, 72], [80, 101]]	2
tr|Q5CYL7|Q5CYL7_CRYPI	P35221	[[96, 107]]	[[822, 833]]	1
tr|Q5CYL8|Q5CYL8_CRYPI	Q9NTJ3	[[1199, 1239], [1241, 1288], [715, 727], [621, 633], [238, 250], [207, 232], [1292, 1321]]	[[1145, 1185], [1187, 1234], [708, 720], [616, 628], [247, 259], [216, 241], [1238, 1267]]	7
tr|Q5CYL8|Q5CYL8_CRYPI	Q14683	[[1239, 1251]]	[[1122, 1134]]	1
tr|Q5CYL8|Q5CYL8_CRYPI	P17861	[[417, 429]]	[[96, 108]]	1
tr|Q5CYL8|Q5CYL8_CRYPI	Q6ZMZ3	[[477, 487]]	[[558, 568]]	1
tr|Q5CYL8|Q5CYL8_CRYPI	P05787	[[867, 879]]	[[313, 325]]	1
tr|Q5CYL9|Q5CYL9_CRYPI	Q9NRH2	[[312, 327]]	[[125, 140]]	1
tr|Q5CYL9|Q5CYL9_CRYPI	Q16816	[[317, 329]]	[[141, 153]]	1
tr|Q5CYL9|Q5CYL9_CRYPI	Q8IW41	[[319, 331]]	[[141, 153]]	1
tr|Q5CYL9|Q5CYL9_CRYPI	Q13705	[[346, 358]]	[[338, 350]]	1
tr|Q5CYL9|Q5CYL9_CRYPI	P49137	[[388, 402]]	[[249, 263]]	1
tr|Q5CYL9|Q5CYL9_CRYPI	O14829	[[628, 640]]	[[618, 630]]	1
tr|Q5CYM0|Q5CYM0_CRYPI	Q6ZUJ8	[[211, 222]]	[[481, 492]]	1
tr|Q5CYM0|Q5CYM0_CRYPI	Q9HCT0	[[564, 574]]	[[30, 40]]	1
tr|Q5CYM1|Q5CYM1_CRYPI	O43617	[[141, 154], [123, 133], [94, 104], [63, 75]]	[[126, 139], [109, 119], [80, 90], [49, 61]]	4
tr|Q5CYM1|Q5CYM1_CRYPI	Q5T215	[[143, 155]]	[[129, 141]]	1
tr|Q5CYM1|Q5CYM1_CRYPI	Q9UPN7	[[190, 201]]	[[619, 630]]	1
tr|Q5CYM1|Q5CYM1_CRYPI	Q9Y4B6	[[191, 203]]	[[1395, 1407]]	1
tr|Q5CYM2|Q5CYM2_CRYPI	Q9BT22	[[197, 206], [479, 491], [572, 591], [49, 65]]	[[151, 160], [279, 291], [365, 384], [38, 54]]	4
tr|Q5CYM2|Q5CYM2_CRYPI	C9J202	[[575, 589], [475, 487]]	[[152, 166], [72, 84]]	2
tr|Q5CYM3|Q5CYM3_CRYPI	Q7Z7B0	[[1168, 1182]]	[[12, 26]]	1
tr|Q5CYM3|Q5CYM3_CRYPI	P35556	[[721, 731]]	[[1675, 1685]]	1
tr|Q5CYM4|Q5CYM4_CRYPI	Q01973	[[600, 609]]	[[218, 227]]	1
tr|Q5CYM5|Q5CYM5_CRYPI	Q9BRT9	[[116, 126]]	[[133, 143]]	1
tr|Q5CYM7|Q5CYM7_CRYPI	Q9NTI2	[[1008, 1021], [450, 462]]	[[827, 840], [409, 421]]	2
tr|Q5CYM7|Q5CYM7_CRYPI	P54855	[[1087, 1098]]	[[218, 229]]	1
tr|Q5CYM7|Q5CYM7_CRYPI	Q9P241	[[209, 222], [26, 38]]	[[206, 219], [75, 87]]	2
tr|Q5CYM7|Q5CYM7_CRYPI	O60312	[[214, 224]]	[[199, 209]]	1
tr|Q5CYM7|Q5CYM7_CRYPI	Q8TF62	[[464, 482], [293, 306]]	[[387, 405], [226, 239]]	2
tr|Q5CYM7|Q5CYM7_CRYPI	P98198	[[297, 308]]	[[249, 260]]	1
tr|Q5CYM7|Q5CYM7_CRYPI	Q9Y2G3	[[31, 43]]	[[48, 60]]	1
tr|Q5CYM7|Q5CYM7_CRYPI	P98196	[[35, 46]]	[[58, 69]]	1
tr|Q5CYM7|Q5CYM7_CRYPI	P03901	[[409, 421]]	[[53, 65]]	1
tr|Q5CYM7|Q5CYM7_CRYPI	Q8NB49	[[453, 463]]	[[396, 406]]	1
tr|Q5CYM7|Q5CYM7_CRYPI	Q9Y2Q0	[[454, 473]]	[[394, 413]]	1
tr|Q5CYM7|Q5CYM7_CRYPI	O60423	[[816, 830]]	[[738, 752]]	1
tr|Q5CYM7|Q5CYM7_CRYPI	O43861	[[829, 841]]	[[754, 766]]	1
tr|Q5CYM9|Q5CYM9_CRYPI	P50281	[[1200, 1210]]	[[0, 10]]	1
tr|Q5CYM9|Q5CYM9_CRYPI	Q969G2	[[665, 673]]	[[297, 305]]	1
tr|Q5CYN0|Q5CYN0_CRYPI	Q9BW92	[[238, 251], [265, 281], [154, 170]]	[[206, 219], [232, 248], [121, 137]]	3
tr|Q5CYN0|Q5CYN0_CRYPI	A2RTX5	[[270, 282], [624, 639], [219, 231], [351, 363], [475, 489], [448, 460]]	[[337, 349], [664, 679], [287, 299], [417, 429], [541, 555], [514, 526]]	6
tr|Q5CYN0|Q5CYN0_CRYPI	P26639	[[449, 471]]	[[436, 458]]	1
tr|Q5CYN1|Q5CYN1_CRYPI	A0A2R8Y619	[[116, 128], [95, 109]]	[[108, 120], [87, 101]]	2
tr|Q5CYN1|Q5CYN1_CRYPI	P06899	[[117, 129]]	[[113, 125]]	1
tr|Q5CYN2|Q5CYN2_CRYPI	Q14565	[[136, 150], [61, 74], [33, 44], [104, 116], [188, 202], [157, 170], [220, 248]]	[[132, 146], [58, 71], [30, 41], [100, 112], [184, 198], [153, 166], [218, 246]]	7
tr|Q5CYN2|Q5CYN2_CRYPI	Q06609	[[161, 173], [128, 145], [58, 70]]	[[158, 170], [125, 142], [56, 68]]	3
tr|Q5CYN3|Q5CYN3_CRYPI	O43795	[[764, 775]]	[[356, 367]]	1
tr|Q5CYN3|Q5CYN3_CRYPI	Q9H2T7	[[819, 836]]	[[784, 801]]	1
tr|Q5CYN3|Q5CYN3_CRYPI	Q9UIA9	[[874, 886]]	[[841, 853]]	1
tr|Q5CYN4|Q5CYN4_CRYPI	Q6ZSZ5	[[188, 199]]	[[764, 775]]	1
tr|Q5CYN5|Q5CYN5_CRYPI	Q7L0R7	[[99, 110]]	[[376, 387]]	1
tr|Q5CYN6|Q5CYN6_CRYPI	P61011	[[134, 184], [201, 220], [51, 68], [283, 299], [114, 133], [386, 398], [342, 359]]	[[119, 169], [186, 205], [36, 53], [268, 284], [99, 118], [370, 382], [326, 343]]	7
tr|Q5CYN7|Q5CYN7_CRYPI	P40145	[[177, 188]]	[[428, 439]]	1
tr|Q5CYN7|Q5CYN7_CRYPI	Q96CB9	[[196, 208]]	[[172, 184]]	1
tr|Q5CYN7|Q5CYN7_CRYPI	Q9H649	[[200, 212]]	[[134, 146]]	1
tr|Q5CYN7|Q5CYN7_CRYPI	Q08J23	[[201, 214], [340, 361]]	[[180, 193], [315, 336]]	2
tr|Q5CYN7|Q5CYN7_CRYPI	P08069	[[490, 501]]	[[418, 429]]	1
tr|Q5CYN8|Q5CYN8_CRYPI	Q13310	[[31, 43]]	[[206, 218]]	1
tr|Q5CYN8|Q5CYN8_CRYPI	P19338	[[52, 63]]	[[518, 529]]	1
tr|Q5CYN8|Q5CYN8_CRYPI	Q9BYG3	[[58, 70]]	[[87, 99]]	1
tr|Q5CYP0|Q5CYP0_CRYPI	P48553	[[149, 160]]	[[485, 496]]	1
tr|Q5CYP1|Q5CYP1_CRYPI	Q9H777	[[223, 235]]	[[209, 221]]	1
tr|Q5CYP3|Q5CYP3_CRYPI	Q9H5U6	[[116, 125]]	[[422, 431]]	1
tr|Q5CYP3|Q5CYP3_CRYPI	Q969W1	[[114, 126]]	[[166, 178]]	1
tr|Q5CYP3|Q5CYP3_CRYPI	Q9Y397	[[117, 132]]	[[153, 168]]	1
tr|Q5CYP3|Q5CYP3_CRYPI	Q8IUH5	[[131, 144]]	[[465, 478]]	1
tr|Q5CYP4|Q5CYP4_CRYPI	Q9P2F8	[[240, 254]]	[[431, 445]]	1
tr|Q5CYP4|Q5CYP4_CRYPI	Q8NDM7	[[360, 372]]	[[1625, 1637]]	1
tr|Q5CYP4|Q5CYP4_CRYPI	Q9BQB4	[[598, 608]]	[[59, 69]]	1
tr|Q5CYP5|Q5CYP5_CRYPI	Q8N4C8	[[159, 171]]	[[827, 839]]	1
tr|Q5CYP5|Q5CYP5_CRYPI	Q8N3X1	[[161, 172]]	[[390, 401]]	1
tr|Q5CYP5|Q5CYP5_CRYPI	P18089	[[165, 179]]	[[298, 311]]	1
tr|Q5CYP5|Q5CYP5_CRYPI	Q96L42	[[165, 177]]	[[710, 722]]	1
tr|Q5CYP5|Q5CYP5_CRYPI	Q9ULX3	[[224, 239]]	[[235, 250]]	1
tr|Q5CYP6|Q5CYP6_CRYPI	O14901	[[195, 206]]	[[401, 412]]	1
tr|Q5CYP6|Q5CYP6_CRYPI	O94782	[[652, 663]]	[[455, 466]]	1
tr|Q5CYP7|Q5CYP7_CRYPI	O43314	[[179, 191], [540, 553], [269, 282], [226, 243], [567, 580], [470, 480], [57, 75]]	[[210, 222], [556, 569], [299, 312], [256, 273], [583, 596], [471, 481], [89, 107]]	7
tr|Q5CYP7|Q5CYP7_CRYPI	Q6PFW1	[[246, 256], [532, 550]]	[[287, 297], [560, 578]]	2
tr|Q5CYP7|Q5CYP7_CRYPI	O95352	[[376, 387]]	[[505, 516]]	1
tr|Q5CYP7|Q5CYP7_CRYPI	Q9BZE2	[[603, 614]]	[[296, 307]]	1
tr|Q5CYP8|Q5CYP8_CRYPI	P23381	[[392, 414], [416, 449], [274, 320], [215, 227], [455, 477], [333, 348], [247, 261]]	[[275, 297], [299, 332], [155, 201], [96, 108], [338, 360], [213, 228], [128, 142]]	7
tr|Q5CYP8|Q5CYP8_CRYPI	Q8NE63	[[245, 254]]	[[243, 252]]	1
tr|Q5CYP8|Q5CYP8_CRYPI	O60513	[[318, 330]]	[[88, 100]]	1
tr|Q5CYP8|Q5CYP8_CRYPI	P46459	[[500, 510]]	[[309, 319]]	1
tr|Q5CYP8|Q5CYP8_CRYPI	Q969G6	[[65, 75]]	[[136, 146]]	1
tr|Q5CYP9|Q5CYP9_CRYPI	O43933	[[126, 137]]	[[534, 545]]	1
tr|Q5CYQ0|Q5CYQ0_CRYPI	Q71UM5	[[74, 84], [19, 56], [60, 71]]	[[72, 82], [17, 54], [58, 69]]	3
tr|Q5CYQ3|Q5CYQ3_CRYPI	Q9H1H9	[[138, 150]]	[[1430, 1442]]	1
tr|Q5CYQ5|Q5CYQ5_CRYPI	Q5T9A4	[[197, 208]]	[[195, 206]]	1
tr|Q5CYQ5|Q5CYQ5_CRYPI	Q15751	[[435, 445]]	[[2451, 2461]]	1
tr|Q5CYQ5|Q5CYQ5_CRYPI	Q9UN37	[[542, 552]]	[[321, 331]]	1
tr|Q5CYR0|Q5CYR0_CRYPI	Q86UL8	[[182, 192]]	[[925, 935]]	1
tr|Q5CYR0|Q5CYR0_CRYPI	Q8N6N3	[[303, 316]]	[[103, 116]]	1
tr|Q5CYR2|Q5CYR2_CRYPI	O75110	[[1008, 1020]]	[[848, 860]]	1
tr|Q5CYR2|Q5CYR2_CRYPI	Q8WXE0	[[29, 39]]	[[446, 456]]	1
tr|Q5CYR2|Q5CYR2_CRYPI	P11766	[[629, 640]]	[[351, 362]]	1
tr|Q5CYR3|Q5CYR3_CRYPI	P51817	[[285, 297]]	[[120, 132]]	1
tr|Q5CYR3|Q5CYR3_CRYPI	P51955	[[286, 297]]	[[81, 92]]	1
tr|Q5CYR3|Q5CYR3_CRYPI	O43318	[[290, 300]]	[[103, 113]]	1
tr|Q5CYR3|Q5CYR3_CRYPI	Q9NWZ3	[[344, 355]]	[[308, 319]]	1
tr|Q5CYR3|Q5CYR3_CRYPI	Q8IVH8	[[346, 358]]	[[135, 147]]	1
tr|Q5CYR3|Q5CYR3_CRYPI	Q96S53	[[404, 413]]	[[217, 226]]	1
tr|Q5CYR3|Q5CYR3_CRYPI	Q8NEV4	[[404, 415]]	[[186, 197]]	1
tr|Q5CYR3|Q5CYR3_CRYPI	Q8N4C8	[[439, 448]]	[[213, 222]]	1
tr|Q5CYR3|Q5CYR3_CRYPI	P52564	[[439, 453]]	[[237, 251]]	1
tr|Q5CYR3|Q5CYR3_CRYPI	Q03001	[[46, 56]]	[[1427, 1437]]	1
tr|Q5CYR3|Q5CYR3_CRYPI	Q9P289	[[495, 506]]	[[248, 259]]	1
tr|Q5CYR3|Q5CYR3_CRYPI	P45985	[[514, 523]]	[[360, 369]]	1
tr|Q5CYR4|Q5CYR4_CRYPI	Q49A17	[[120, 131]]	[[209, 220]]	1
tr|Q5CYR4|Q5CYR4_CRYPI	Q8N428	[[120, 132]]	[[188, 200]]	1
tr|Q5CYR4|Q5CYR4_CRYPI	Q8IUC8	[[328, 339]]	[[402, 413]]	1
tr|Q5CYR4|Q5CYR4_CRYPI	Q6P9A2	[[80, 90]]	[[184, 194]]	1
tr|Q5CYR5|Q5CYR5_CRYPI	Q9UKM7	[[1410, 1420]]	[[166, 176]]	1
tr|Q5CYR5|Q5CYR5_CRYPI	Q9ULX6	[[176, 188]]	[[333, 345]]	1
tr|Q5CYR5|Q5CYR5_CRYPI	Q14568	[[182, 193]]	[[240, 251]]	1
tr|Q5CYR5|Q5CYR5_CRYPI	O14974	[[183, 194]]	[[723, 734]]	1
tr|Q5CYR5|Q5CYR5_CRYPI	Q86TW2	[[287, 296]]	[[266, 275]]	1
tr|Q5CYR5|Q5CYR5_CRYPI	Q9BTV5	[[413, 421]]	[[423, 431]]	1
tr|Q5CYR6|Q5CYR6_CRYPI	Q14839	[[383, 395]]	[[122, 134]]	1
tr|Q5CYR6|Q5CYR6_CRYPI	Q9UPV0	[[447, 459]]	[[110, 122]]	1
tr|Q5CYR6|Q5CYR6_CRYPI	O60832	[[491, 501]]	[[470, 480]]	1
tr|Q5CYR6|Q5CYR6_CRYPI	Q86XH1	[[494, 504]]	[[477, 487]]	1
tr|Q5CYR6|Q5CYR6_CRYPI	Q8IYB3	[[494, 505]]	[[813, 824]]	1
tr|Q5CYR6|Q5CYR6_CRYPI	O60245	[[497, 510]]	[[931, 944]]	1
tr|Q5CYR6|Q5CYR6_CRYPI	Q9UGU5	[[503, 514]]	[[316, 327]]	1
tr|Q5CYR6|Q5CYR6_CRYPI	Q96SB4	[[558, 569]]	[[281, 292]]	1
tr|Q5CYR7|Q5CYR7_CRYPI	Q13233	[[37, 48]]	[[941, 952]]	1
tr|Q5CYR8|Q5CYR8_CRYPI	Q9UGU5	[[112, 122]]	[[317, 327]]	1
tr|Q5CYR8|Q5CYR8_CRYPI	Q93074	[[113, 123]]	[[1782, 1792]]	1
tr|Q5CYR8|Q5CYR8_CRYPI	Q9BRK4	[[1222, 1234]]	[[378, 390]]	1
tr|Q5CYR8|Q5CYR8_CRYPI	Q14683	[[2962, 2972]]	[[348, 358]]	1
tr|Q5CYR8|Q5CYR8_CRYPI	Q9HCM2	[[3210, 3221]]	[[1314, 1325]]	1
tr|Q5CYR8|Q5CYR8_CRYPI	O14787	[[3427, 3437]]	[[744, 754]]	1
tr|Q5CYR8|Q5CYR8_CRYPI	P56199	[[3569, 3581]]	[[419, 431]]	1
tr|Q5CYR8|Q5CYR8_CRYPI	P50748	[[3603, 3613]]	[[1616, 1626]]	1
tr|Q5CYR9|Q5CYR9_CRYPI	Q9H1K0	[[1030, 1041]]	[[341, 352]]	1
tr|Q5CYR9|Q5CYR9_CRYPI	Q9Y6R9	[[174, 184]]	[[403, 413]]	1
tr|Q5CYR9|Q5CYR9_CRYPI	O75582	[[408, 420]]	[[54, 66]]	1
tr|Q5CYR9|Q5CYR9_CRYPI	Q6PHR2	[[474, 486]]	[[87, 99]]	1
tr|Q5CYR9|Q5CYR9_CRYPI	Q00534	[[522, 534]]	[[139, 151]]	1
tr|Q5CYR9|Q5CYR9_CRYPI	O75385	[[524, 538]]	[[134, 148]]	1
tr|Q5CYR9|Q5CYR9_CRYPI	Q9BZL6	[[696, 708]]	[[730, 742]]	1
tr|Q5CYR9|Q5CYR9_CRYPI	Q5QJ38	[[866, 878]]	[[61, 73]]	1
tr|Q5CYR9|Q5CYR9_CRYPI	Q8WYN0	[[914, 927]]	[[35, 48]]	1
tr|Q5CYS1|Q5CYS1_CRYPI	A5YKK6	[[112, 124]]	[[1035, 1047]]	1
tr|Q5CYS2|Q5CYS2_CRYPI	P55286	[[418, 428]]	[[543, 553]]	1
tr|Q5CYS4|Q5CYS4_CRYPI	Q96JC9	[[67, 77]]	[[132, 142]]	1
tr|Q5CYS4|Q5CYS4_CRYPI	O60885	[[69, 80]]	[[774, 785]]	1
tr|Q5CYS4|Q5CYS4_CRYPI	A0MZ66	[[70, 82]]	[[352, 364]]	1
tr|Q5CYS4|Q5CYS4_CRYPI	A4D2P6	[[72, 86]]	[[795, 809]]	1
tr|Q5CYS6|Q5CYS6_CRYPI	Q96D71	[[542, 553]]	[[29, 40]]	1
tr|Q5CYS7|Q5CYS7_CRYPI	Q8NDH2	[[38, 49]]	[[1814, 1825]]	1
tr|Q5CYS7|Q5CYS7_CRYPI	Q6Y7W6	[[38, 50]]	[[830, 842]]	1
tr|Q5CYS8|Q5CYS8_CRYPI	Q8WVZ7	[[262, 273]]	[[286, 297]]	1
tr|Q5CYS8|Q5CYS8_CRYPI	Q9BRS8	[[324, 335]]	[[25, 36]]	1
tr|Q5CYS8|Q5CYS8_CRYPI	Q13434	[[49, 59]]	[[310, 320]]	1
tr|Q5CYS8|Q5CYS8_CRYPI	Q12981	[[833, 843]]	[[132, 142]]	1
tr|Q5CYS8|Q5CYS8_CRYPI	Q5XKE5	[[967, 979]]	[[30, 42]]	1
tr|Q5CYS9|Q5CYS9_CRYPI	Q14562	[[488, 499]]	[[580, 591]]	1
tr|Q5CYS9|Q5CYS9_CRYPI	Q9H2U1	[[492, 505]]	[[226, 239]]	1
tr|Q5CYS9|Q5CYS9_CRYPI	Q9H5Z1	[[495, 507]]	[[76, 88]]	1
tr|Q5CYS9|Q5CYS9_CRYPI	Q6P158	[[497, 507]]	[[568, 578]]	1
tr|Q5CYS9|Q5CYS9_CRYPI	Q9H6S0	[[521, 532]]	[[242, 253]]	1
tr|Q5CYS9|Q5CYS9_CRYPI	Q8IX18	[[605, 616]]	[[167, 178]]	1
tr|Q5CYS9|Q5CYS9_CRYPI	Q92620	[[608, 619]]	[[649, 660]]	1
tr|Q5CYS9|Q5CYS9_CRYPI	Q9H6R0	[[828, 840]]	[[344, 356]]	1
tr|Q5CYS9|Q5CYS9_CRYPI	O43143	[[835, 847]]	[[418, 430]]	1
tr|Q5CYS9|Q5CYS9_CRYPI	O60231	[[837, 848]]	[[673, 684]]	1
tr|Q5CYT0|Q5CYT0_CRYPI	Q5T2E6	[[1064, 1076]]	[[211, 223]]	1
tr|Q5CYT0|Q5CYT0_CRYPI	Q2KHT3	[[73, 85]]	[[53, 65]]	1
tr|Q5CYT0|Q5CYT0_CRYPI	O14578	[[916, 928]]	[[140, 152]]	1
tr|Q5CYT1|Q5CYT1_CRYPI	Q9ULL5	[[179, 189]]	[[1170, 1180]]	1
tr|Q5CYT1|Q5CYT1_CRYPI	P21675	[[239, 248]]	[[1556, 1565]]	1
tr|Q5CYT1|Q5CYT1_CRYPI	O15164	[[240, 253]]	[[931, 944]]	1
tr|Q5CYT1|Q5CYT1_CRYPI	Q9UIF9	[[246, 258]]	[[1832, 1844]]	1
tr|Q5CYT1|Q5CYT1_CRYPI	Q9ULD4	[[250, 260]]	[[632, 642]]	1
tr|Q5CYT1|Q5CYT1_CRYPI	Q8NHW3	[[387, 399]]	[[97, 109]]	1
tr|Q5CYT1|Q5CYT1_CRYPI	Q86UV5	[[575, 586]]	[[968, 979]]	1
tr|Q5CYT1|Q5CYT1_CRYPI	Q9H4R4	[[825, 834]]	[[15, 24]]	1
tr|Q5CYT1|Q5CYT1_CRYPI	Q5VXT5	[[87, 97]]	[[243, 253]]	1
tr|Q5CYT2|Q5CYT2_CRYPI	Q9UHC7	[[103, 113]]	[[66, 76]]	1
tr|Q5CYT2|Q5CYT2_CRYPI	Q13434	[[105, 116]]	[[103, 114]]	1
tr|Q5CYT2|Q5CYT2_CRYPI	Q9UDV7	[[330, 341]]	[[421, 432]]	1
tr|Q5CYT3|Q5CYT3_CRYPI	Q9UQ35	[[0, 12]]	[[0, 12]]	1
tr|Q5CYT3|Q5CYT3_CRYPI	Q9BUQ8	[[197, 207]]	[[209, 219]]	1
tr|Q5CYT3|Q5CYT3_CRYPI	Q5JPB2	[[292, 303]]	[[1158, 1169]]	1
tr|Q5CYT3|Q5CYT3_CRYPI	Q9Y2W1	[[324, 336]]	[[19, 31]]	1
tr|Q5CYT3|Q5CYT3_CRYPI	O43707	[[55, 66]]	[[206, 217]]	1
tr|Q5CYT4|Q5CYT4_CRYPI	Q13064	[[494, 505]]	[[104, 115]]	1
tr|Q5CYT5|Q5CYT5_CRYPI	Q9NVR7	[[163, 173]]	[[465, 475]]	1
tr|Q5CYT6|Q5CYT6_CRYPI	A2A288	[[264, 276]]	[[506, 518]]	1
tr|Q5CYT7|Q5CYT7_CRYPI	Q9Y333	[[32, 46], [61, 76]]	[[26, 40], [55, 70]]	2
tr|Q5CYT8|Q5CYT8_CRYPI	Q3T906	[[48, 56]]	[[1218, 1226]]	1
tr|Q5CYT9|Q5CYT9_CRYPI	Q9NV31	[[132, 144], [6, 21]]	[[129, 141], [2, 17]]	2
tr|Q5CYU0|Q5CYU0_CRYPI	P41223	[[131, 143], [106, 121], [66, 104]]	[[131, 143], [107, 122], [67, 105]]	3
tr|Q5CYU1|Q5CYU1_CRYPI	O60292	[[1025, 1037]]	[[1080, 1092]]	1
tr|Q5CYU1|Q5CYU1_CRYPI	Q6ZT21	[[1460, 1471]]	[[312, 323]]	1
tr|Q5CYU1|Q5CYU1_CRYPI	Q9HCS4	[[1491, 1501]]	[[3, 13]]	1
tr|Q5CYU1|Q5CYU1_CRYPI	Q96F45	[[1493, 1506]]	[[193, 206]]	1
tr|Q5CYU1|Q5CYU1_CRYPI	Q15911	[[1497, 1509]]	[[3517, 3529]]	1
tr|Q5CYU1|Q5CYU1_CRYPI	Q15784	[[1783, 1795]]	[[76, 88]]	1
tr|Q5CYU1|Q5CYU1_CRYPI	Q9H1E3	[[1784, 1796]]	[[109, 121]]	1
tr|Q5CYU1|Q5CYU1_CRYPI	Q8WY36	[[1788, 1797]]	[[43, 52]]	1
tr|Q5CYU1|Q5CYU1_CRYPI	Q12830	[[1787, 1799]]	[[130, 142]]	1
tr|Q5CYU1|Q5CYU1_CRYPI	Q12947	[[1883, 1895]]	[[294, 306]]	1
tr|Q5CYU1|Q5CYU1_CRYPI	O95163	[[1983, 1996]]	[[1198, 1211]]	1
tr|Q5CYU1|Q5CYU1_CRYPI	O94856	[[2845, 2857]]	[[1086, 1098]]	1
tr|Q5CYU1|Q5CYU1_CRYPI	O60641	[[2846, 2859]]	[[536, 549]]	1
tr|Q5CYU1|Q5CYU1_CRYPI	P04275	[[2932, 2944]]	[[570, 582]]	1
tr|Q5CYU1|Q5CYU1_CRYPI	Q8NCV1	[[3165, 3175]]	[[66, 76]]	1
tr|Q5CYU1|Q5CYU1_CRYPI	A6QL63	[[3228, 3240]]	[[262, 274]]	1
tr|Q5CYU1|Q5CYU1_CRYPI	Q8TEM1	[[3398, 3408]]	[[909, 919]]	1
tr|Q5CYU1|Q5CYU1_CRYPI	Q8TBJ5	[[3417, 3428]]	[[99, 110]]	1
tr|Q5CYU1|Q5CYU1_CRYPI	O00570	[[3418, 3429]]	[[27, 38]]	1
tr|Q5CYU1|Q5CYU1_CRYPI	O60902	[[3419, 3431]]	[[67, 79]]	1
tr|Q5CYU1|Q5CYU1_CRYPI	Q5VTH9	[[3476, 3485]]	[[225, 234]]	1
tr|Q5CYU1|Q5CYU1_CRYPI	Q9BX70	[[4007, 4017]]	[[13, 23]]	1
tr|Q5CYU1|Q5CYU1_CRYPI	Q9NQ89	[[5530, 5539]]	[[0, 9]]	1
tr|Q5CYU2|Q5CYU2_CRYPI	Q96BT7	[[199, 209]]	[[220, 230]]	1
tr|Q5CYU3|Q5CYU3_CRYPI	Q9UJT1	[[305, 316]]	[[159, 170]]	1
tr|Q5CYU4|Q5CYU4_CRYPI	Q9Y575	[[1029, 1041]]	[[333, 345]]	1
tr|Q5CYU4|Q5CYU4_CRYPI	Q9BYH8	[[1080, 1088]]	[[465, 473]]	1
tr|Q5CYU4|Q5CYU4_CRYPI	Q9BXW6	[[982, 994]]	[[82, 94]]	1
tr|Q5CYU5|Q5CYU5_CRYPI	Q86Y13	[[363, 374]]	[[1070, 1081]]	1
tr|Q5CYU6|Q5CYU6_CRYPI	Q96R69	[[514, 526]]	[[167, 179]]	1
tr|Q5CYU7|Q5CYU7_CRYPI	P61619	[[376, 395], [227, 239], [111, 129], [186, 203], [92, 104], [166, 178], [30, 71]]	[[375, 394], [224, 236], [108, 126], [183, 200], [90, 102], [163, 175], [28, 69]]	7
tr|Q5CYU7|Q5CYU7_CRYPI	Q9H9S3	[[192, 223]]	[[189, 220]]	1
tr|Q5CYU8|Q5CYU8_CRYPI	Q8WXF0	[[111, 130]]	[[31, 50]]	1
tr|Q5CYU8|Q5CYU8_CRYPI	O75494	[[121, 136]]	[[41, 56]]	1
tr|Q5CYU8|Q5CYU8_CRYPI	Q13243	[[130, 143]]	[[36, 49]]	1
tr|Q5CYU8|Q5CYU8_CRYPI	Q16630	[[71, 82]]	[[495, 506]]	1
tr|Q5CYU8|Q5CYU8_CRYPI	P49756	[[73, 82]]	[[379, 388]]	1
tr|Q5CYU9|Q5CYU9_CRYPI	Q9Y653	[[420, 429]]	[[9, 18]]	1
tr|Q5CYV0|Q5CYV0_CRYPI	Q9BXJ9	[[115, 127]]	[[95, 107]]	1
tr|Q5CYV0|Q5CYV0_CRYPI	Q5JUK3	[[232, 242]]	[[108, 118]]	1
tr|Q5CYV0|Q5CYV0_CRYPI	Q8WY36	[[5, 15]]	[[531, 541]]	1
tr|Q5CYV0|Q5CYV0_CRYPI	P49591	[[599, 609]]	[[433, 443]]	1
tr|Q5CYV0|Q5CYV0_CRYPI	P48052	[[635, 647]]	[[28, 40]]	1
tr|Q5CYV0|Q5CYV0_CRYPI	Q6N069	[[691, 705]]	[[521, 535]]	1
tr|Q5CYV0|Q5CYV0_CRYPI	P17987	[[72, 82]]	[[532, 542]]	1
tr|Q5CYV1|Q5CYV1_CRYPI	P00558	[[295, 307], [40, 56], [351, 363], [181, 210], [95, 111], [372, 386], [235, 254], [138, 167]]	[[309, 321], [53, 69], [365, 377], [195, 224], [109, 125], [386, 400], [249, 268], [152, 181]]	8
tr|Q5CYV1|Q5CYV1_CRYPI	P07205	[[243, 256], [189, 214], [382, 397]]	[[257, 270], [203, 228], [396, 411]]	3
tr|Q5CYV2|Q5CYV2_CRYPI	Q8TDY2	[[127, 138]]	[[70, 81]]	1
tr|Q5CYV2|Q5CYV2_CRYPI	Q99501	[[326, 337]]	[[561, 572]]	1
tr|Q5CYV3|Q5CYV3_CRYPI	Q9H6K5	[[213, 224]]	[[1065, 1076]]	1
tr|Q5CYV3|Q5CYV3_CRYPI	Q6P9A1	[[234, 245]]	[[526, 537]]	1
tr|Q5CYV3|Q5CYV3_CRYPI	Q6XPR3	[[254, 264]]	[[326, 336]]	1
tr|Q5CYV3|Q5CYV3_CRYPI	P06127	[[258, 267]]	[[452, 461]]	1
tr|Q5CYV3|Q5CYV3_CRYPI	O75909	[[304, 317], [319, 330]]	[[290, 302], [291, 302]]	2
tr|Q5CYV3|Q5CYV3_CRYPI	Q10472	[[668, 679]]	[[542, 553]]	1
tr|Q5CYV3|Q5CYV3_CRYPI	Q08170	[[703, 717]]	[[290, 304]]	1
tr|Q5CYV4|Q5CYV4_CRYPI	Q5VTH9	[[348, 358]]	[[749, 759]]	1
tr|Q5CYV5|Q5CYV5_CRYPI	Q92630	[[195, 206]]	[[573, 584]]	1
tr|Q5CYV6|Q5CYV6_CRYPI	Q9H2W1	[[1330, 1341]]	[[188, 199]]	1
tr|Q5CYV6|Q5CYV6_CRYPI	A9UHW6	[[1542, 1554]]	[[38, 50]]	1
tr|Q5CYV6|Q5CYV6_CRYPI	O00410	[[2308, 2318]]	[[9, 19]]	1
tr|Q5CYV6|Q5CYV6_CRYPI	O95171	[[2355, 2366]]	[[47, 58]]	1
tr|Q5CYV6|Q5CYV6_CRYPI	Q8NFM7	[[2566, 2574]]	[[78, 86]]	1
tr|Q5CYV6|Q5CYV6_CRYPI	Q8WVM7	[[987, 998]]	[[1, 12]]	1
tr|Q5CYV8|Q5CYV8_CRYPI	Q9BXR0	[[154, 177], [192, 220], [115, 129], [49, 63], [85, 97], [268, 285], [287, 309], [235, 256]]	[[139, 162], [176, 204], [100, 114], [34, 48], [70, 82], [249, 266], [268, 290], [219, 240]]	8
tr|Q5CYV8|Q5CYV8_CRYPI	Q9H974	[[335, 347]]	[[350, 362]]	1
tr|Q5CYV8|Q5CYV8_CRYPI	Q8IVM0	[[5, 14]]	[[248, 257]]	1
tr|Q5CYV9|Q5CYV9_CRYPI	P18074	[[558, 573], [699, 718], [474, 489], [68, 82], [326, 348], [584, 596], [10, 22], [373, 386], [32, 54], [747, 786]]	[[456, 471], [597, 616], [371, 386], [68, 82], [229, 251], [482, 494], [9, 21], [276, 289], [31, 53], [645, 684]]	10
tr|Q5CYV9|Q5CYV9_CRYPI	Q9H6L5	[[502, 513]]	[[202, 213]]	1
tr|Q5CYV9|Q5CYV9_CRYPI	Q9BX63	[[553, 566]]	[[607, 620]]	1
tr|Q5CYV9|Q5CYV9_CRYPI	Q92771	[[716, 727]]	[[808, 819]]	1
tr|Q5CYW0|Q5CYW0_CRYPI	P62714	[[129, 169], [91, 118], [257, 287], [190, 241]]	[[118, 158], [80, 107], [246, 276], [179, 230]]	4
tr|Q5CYW0|Q5CYW0_CRYPI	P67775	[[107, 122]]	[[96, 111]]	1
tr|Q5CYW0|Q5CYW0_CRYPI	P60510	[[66, 84], [218, 229], [246, 259], [119, 135]]	[[52, 70], [204, 215], [232, 245], [105, 121]]	4
tr|Q5CYW0|Q5CYW0_CRYPI	O00743	[[240, 255]]	[[225, 240]]	1
tr|Q5CYW0|Q5CYW0_CRYPI	Q08209	[[66, 76]]	[[88, 98]]	1
tr|Q5CYW2|Q5CYW2_CRYPI	Q9HCE9	[[100, 112]]	[[585, 597]]	1
tr|Q5CYW2|Q5CYW2_CRYPI	Q9UD71	[[102, 114]]	[[123, 135]]	1
tr|Q5CYW2|Q5CYW2_CRYPI	P13667	[[104, 118]]	[[38, 51]]	1
tr|Q5CYW2|Q5CYW2_CRYPI	Q8WYN3	[[105, 117]]	[[375, 387]]	1
tr|Q5CYW2|Q5CYW2_CRYPI	P06748	[[57, 68]]	[[163, 174]]	1
tr|Q5CYW2|Q5CYW2_CRYPI	Q969K3	[[57, 70], [93, 110], [71, 83]]	[[224, 237], [225, 237], [224, 236]]	3
tr|Q5CYW2|Q5CYW2_CRYPI	P09429	[[61, 73]]	[[201, 213]]	1
tr|Q5CYW2|Q5CYW2_CRYPI	P19338	[[63, 77], [94, 106]]	[[238, 252], [192, 204]]	2
tr|Q5CYW2|Q5CYW2_CRYPI	Q0VAK6	[[64, 76]]	[[145, 157]]	1
tr|Q5CYW2|Q5CYW2_CRYPI	Q8IX15	[[66, 78]]	[[533, 545]]	1
tr|Q5CYW2|Q5CYW2_CRYPI	Q6AI12	[[67, 79]]	[[95, 107]]	1
tr|Q5CYW2|Q5CYW2_CRYPI	P23327	[[68, 80]]	[[243, 255]]	1
tr|Q5CYW2|Q5CYW2_CRYPI	Q9BXN1	[[70, 82]]	[[40, 52]]	1
tr|Q5CYW2|Q5CYW2_CRYPI	Q9NW13	[[73, 83]]	[[233, 243]]	1
tr|Q5CYW2|Q5CYW2_CRYPI	Q6PL18	[[74, 86]]	[[269, 281]]	1
tr|Q5CYW2|Q5CYW2_CRYPI	P0DME0	[[75, 86]]	[[245, 256]]	1
tr|Q5CYW2|Q5CYW2_CRYPI	Q6ZN18	[[99, 111]]	[[95, 107]]	1
tr|Q5CYW3|Q5CYW3_CRYPI	Q6R327	[[82, 90]]	[[1443, 1451]]	1
tr|Q5CYW4|Q5CYW4_CRYPI	Q96TA1	[[1178, 1188]]	[[470, 480]]	1
tr|Q5CYW4|Q5CYW4_CRYPI	O60494	[[218, 229]]	[[3066, 3077]]	1
tr|Q5CYW4|Q5CYW4_CRYPI	Q96SD1	[[614, 625]]	[[665, 676]]	1
tr|Q5CYW5|Q5CYW5_CRYPI	Q8N6W0	[[306, 315]]	[[173, 182]]	1
tr|Q5CYW5|Q5CYW5_CRYPI	P17948	[[57, 66]]	[[481, 490]]	1
tr|Q5CYW7|Q5CYW7_CRYPI	P07197	[[344, 355]]	[[520, 531]]	1
tr|Q5CYW7|Q5CYW7_CRYPI	Q6L9W6	[[345, 357]]	[[605, 617]]	1
tr|Q5CYW7|Q5CYW7_CRYPI	Q70CQ2	[[346, 358]]	[[2489, 2501]]	1
tr|Q5CYW7|Q5CYW7_CRYPI	Q96NK8	[[349, 361]]	[[56, 68]]	1
tr|Q5CYW7|Q5CYW7_CRYPI	Q96JN2	[[351, 363]]	[[16, 28]]	1
tr|Q5CYW7|Q5CYW7_CRYPI	Q8WYR1	[[352, 364]]	[[320, 332]]	1
tr|Q5CYW7|Q5CYW7_CRYPI	Q96KN3	[[353, 365]]	[[443, 455]]	1
tr|Q5CYW8|Q5CYW8_CRYPI	A6NN92	[[51, 61]]	[[98, 108]]	1
tr|Q5CYW9|Q5CYW9_CRYPI	P78344	[[352, 361]]	[[775, 784]]	1
tr|Q5CYX0|Q5CYX0_CRYPI	O75417	[[257, 271]]	[[188, 202]]	1
tr|Q5CYX0|Q5CYX0_CRYPI	Q9NW61	[[287, 296]]	[[75, 84]]	1
tr|Q5CYX0|Q5CYX0_CRYPI	Q6ZU15	[[777, 785]]	[[374, 382]]	1
tr|Q5CYX1|Q5CYX1_CRYPI	P62310	[[5, 22], [34, 50]]	[[15, 32], [44, 60]]	2
tr|Q5CYX3|Q5CYX3_CRYPI	Q8NCJ5	[[10, 21]]	[[370, 381]]	1
tr|Q5CYX3|Q5CYX3_CRYPI	P36915	[[11, 23]]	[[549, 561]]	1
tr|Q5CYX3|Q5CYX3_CRYPI	Q8IUR6	[[12, 21]]	[[380, 389]]	1
tr|Q5CYX3|Q5CYX3_CRYPI	Q96NA8	[[233, 249]]	[[436, 452]]	1
tr|Q5CYX3|Q5CYX3_CRYPI	O00541	[[8, 19]]	[[471, 482]]	1
tr|Q5CYX3|Q5CYX3_CRYPI	Q16676	[[9, 21]]	[[22, 34]]	1
tr|Q5CYX5|Q5CYX5_CRYPI	Q8NFJ8	[[548, 559]]	[[203, 214]]	1
tr|Q5CYX6|Q5CYX6_CRYPI	Q7Z478	[[334, 347]]	[[587, 600]]	1
tr|Q5CYX6|Q5CYX6_CRYPI	Q92620	[[577, 596], [685, 700], [725, 738], [428, 456], [337, 358], [800, 813], [543, 559], [628, 653], [481, 498], [776, 793], [466, 478]]	[[772, 791], [882, 897], [922, 935], [641, 669], [550, 571], [997, 1010], [740, 756], [825, 850], [694, 711], [973, 990], [679, 691]]	11
tr|Q5CYX6|Q5CYX6_CRYPI	O43143	[[374, 390]]	[[195, 211]]	1
tr|Q5CYX6|Q5CYX6_CRYPI	Q14562	[[909, 918], [405, 421]]	[[1133, 1142], [651, 667]]	2
tr|Q5CYX6|Q5CYX6_CRYPI	Q8IX18	[[477, 491], [612, 624]]	[[216, 230], [349, 361]]	2
tr|Q5CYX6|Q5CYX6_CRYPI	O60231	[[548, 560]]	[[613, 625]]	1
tr|Q5CYX6|Q5CYX6_CRYPI	Q6P158	[[651, 663]]	[[956, 968]]	1
tr|Q5CYX6|Q5CYX6_CRYPI	Q9H6R0	[[664, 674]]	[[410, 420]]	1
tr|Q5CYX7|Q5CYX7_CRYPI	Q9P272	[[174, 187]]	[[134, 147]]	1
tr|Q5CYX9|Q5CYX9_CRYPI	Q96B97	[[0, 10]]	[[0, 10]]	1
tr|Q5CYX9|Q5CYX9_CRYPI	Q16288	[[18, 28]]	[[507, 517]]	1
tr|Q5CYX9|Q5CYX9_CRYPI	P03372	[[202, 210]]	[[525, 533]]	1
tr|Q5CYX9|Q5CYX9_CRYPI	P53634	[[430, 442]]	[[273, 285]]	1
tr|Q5CYY2|Q5CYY2_CRYPI	Q8N3P4	[[558, 570]]	[[777, 789]]	1
tr|Q5CYY2|Q5CYY2_CRYPI	Q14BN4	[[663, 673]]	[[316, 326]]	1
tr|Q5CYY3|Q5CYY3_CRYPI	Q9ULW0	[[214, 226]]	[[664, 676]]	1
tr|Q5CYY4|Q5CYY4_CRYPI	P29508	[[304, 314]]	[[299, 309]]	1
tr|Q5CYY5|Q5CYY5_CRYPI	Q9GZX7	[[282, 291]]	[[137, 146]]	1
tr|Q5CYY5|Q5CYY5_CRYPI	Q8NGZ4	[[429, 442]]	[[34, 47]]	1
tr|Q5CYY5|Q5CYY5_CRYPI	Q6V1P9	[[4, 15]]	[[3002, 3013]]	1
tr|Q5CYY6|Q5CYY6_CRYPI	Q9NQP4	[[76, 92]]	[[114, 130]]	1
tr|Q5CYY7|Q5CYY7_CRYPI	Q9Y520	[[114, 126]]	[[509, 521]]	1
tr|Q5CYY7|Q5CYY7_CRYPI	Q96BP3	[[667, 685], [153, 165]]	[[536, 554], [99, 111]]	2
tr|Q5CYY7|Q5CYY7_CRYPI	Q99570	[[155, 167]]	[[1342, 1354]]	1
tr|Q5CYY7|Q5CYY7_CRYPI	Q9H2H8	[[686, 696], [657, 671]]	[[64, 74], [35, 49]]	2
tr|Q5CYY7|Q5CYY7_CRYPI	Q9Y3C6	[[731, 741]]	[[120, 130]]	1
tr|Q5CYY8|Q5CYY8_CRYPI	Q7L3T8	[[20, 30]]	[[269, 279]]	1
tr|Q5CYY8|Q5CYY8_CRYPI	Q9Y2Y1	[[31, 50]]	[[76, 95]]	1
tr|Q5CYZ0|Q5CYZ0_CRYPI	Q9BXJ9	[[173, 185]]	[[609, 621]]	1
tr|Q5CYZ0|Q5CYZ0_CRYPI	Q9BWT7	[[178, 189]]	[[261, 272]]	1
tr|Q5CYZ0|Q5CYZ0_CRYPI	Q9Y520	[[181, 193]]	[[535, 547]]	1
tr|Q5CYZ0|Q5CYZ0_CRYPI	Q92560	[[350, 361]]	[[395, 406]]	1
tr|Q5CYZ0|Q5CYZ0_CRYPI	P68366	[[353, 364]]	[[437, 448]]	1
tr|Q5CYZ0|Q5CYZ0_CRYPI	Q96NB3	[[354, 366]]	[[157, 169]]	1
tr|Q5CYZ0|Q5CYZ0_CRYPI	Q12899	[[356, 366]]	[[380, 390]]	1
tr|Q5CYZ0|Q5CYZ0_CRYPI	Q9UIF8	[[356, 368]]	[[608, 620]]	1
tr|Q5CYZ0|Q5CYZ0_CRYPI	Q1KMD3	[[361, 373]]	[[72, 84]]	1
tr|Q5CYZ0|Q5CYZ0_CRYPI	Q96M86	[[362, 373]]	[[3632, 3643]]	1
tr|Q5CYZ0|Q5CYZ0_CRYPI	Q8N4C6	[[8, 20]]	[[780, 792]]	1
tr|Q5CYZ1|Q5CYZ1_CRYPI	O00468	[[167, 175]]	[[1245, 1253]]	1
tr|Q5CYZ1|Q5CYZ1_CRYPI	Q5T7P3	[[204, 214]]	[[49, 59]]	1
tr|Q5CYZ2|Q5CYZ2_CRYPI	P54098	[[54, 64]]	[[1210, 1220]]	1
tr|Q5CYZ3|Q5CYZ3_CRYPI	P40926	[[89, 102]]	[[99, 112]]	1
tr|Q5CYZ4|Q5CYZ4_CRYPI	O75185	[[398, 409]]	[[212, 223]]	1
tr|Q5CYZ4|Q5CYZ4_CRYPI	P98194	[[399, 411]]	[[182, 194]]	1
tr|Q5CYZ4|Q5CYZ4_CRYPI	P20020	[[576, 585]]	[[474, 483]]	1
tr|Q5CYZ5|Q5CYZ5_CRYPI	Q96M86	[[210, 220]]	[[2670, 2680]]	1
tr|Q5CYZ5|Q5CYZ5_CRYPI	Q9NRL2	[[239, 248]]	[[103, 112]]	1
tr|Q5CYZ5|Q5CYZ5_CRYPI	Q92903	[[375, 388]]	[[382, 395]]	1
tr|Q5CYZ6|Q5CYZ6_CRYPI	Q9BVS4	[[126, 142], [247, 259], [16, 33], [149, 163], [183, 198]]	[[125, 141], [241, 253], [14, 31], [148, 162], [177, 192]]	5
tr|Q5CYZ6|Q5CYZ6_CRYPI	Q01804	[[345, 357]]	[[196, 208]]	1
tr|Q5CYZ6|Q5CYZ6_CRYPI	P21815	[[354, 366]]	[[71, 83]]	1
tr|Q5CYZ6|Q5CYZ6_CRYPI	Q96JP2	[[358, 370]]	[[2059, 2071]]	1
tr|Q5CYZ6|Q5CYZ6_CRYPI	Q8WYN3	[[369, 383]]	[[373, 387]]	1
tr|Q5CYZ6|Q5CYZ6_CRYPI	O75054	[[373, 385]]	[[1013, 1025]]	1
tr|Q5CYZ6|Q5CYZ6_CRYPI	Q8IX15	[[375, 387]]	[[533, 545]]	1
tr|Q5CYZ6|Q5CYZ6_CRYPI	Q6AI12	[[376, 387]]	[[95, 106]]	1
tr|Q5CYZ6|Q5CYZ6_CRYPI	A0A1B0GTI8	[[380, 388]]	[[88, 96]]	1
tr|Q5CYZ7|Q5CYZ7_CRYPI	Q96MM7	[[1429, 1440]]	[[537, 548]]	1
tr|Q5CYZ7|Q5CYZ7_CRYPI	Q9BX51	[[1597, 1607]]	[[74, 84]]	1
tr|Q5CYZ7|Q5CYZ7_CRYPI	Q06187	[[19, 29]]	[[239, 249]]	1
tr|Q5CYZ7|Q5CYZ7_CRYPI	O14981	[[548, 559]]	[[1288, 1299]]	1
tr|Q5CYZ7|Q5CYZ7_CRYPI	Q03468	[[550, 562]]	[[531, 543]]	1
tr|Q5CYZ7|Q5CYZ7_CRYPI	Q149N8	[[791, 806], [821, 833]]	[[810, 825], [841, 853]]	2
tr|Q5CZ00|Q5CZ00_CRYPI	O95235	[[467, 476]]	[[854, 863]]	1
tr|Q5CZ00|Q5CZ00_CRYPI	A6NEE1	[[53, 65]]	[[169, 181]]	1
tr|Q5CZ01|Q5CZ01_CRYPI	Q7L211	[[234, 245]]	[[254, 265]]	1
tr|Q5CZ02|Q5CZ02_CRYPI	P54652	[[30, 42], [411, 424], [149, 163], [329, 342]]	[[4, 16], [392, 405], [123, 137], [307, 320]]	4
tr|Q5CZ02|Q5CZ02_CRYPI	P11142	[[524, 545], [470, 487], [152, 164]]	[[502, 523], [448, 465], [125, 137]]	3
tr|Q5CZ02|Q5CZ02_CRYPI	P17066	[[480, 494], [165, 179]]	[[460, 474], [140, 154]]	2
tr|Q5CZ02|Q5CZ02_CRYPI	P11021	[[419, 452], [38, 61], [223, 255], [489, 510], [282, 301]]	[[420, 453], [35, 58], [223, 255], [490, 511], [282, 301]]	5
tr|Q5CZ02|Q5CZ02_CRYPI	P38646	[[504, 518]]	[[526, 540]]	1
tr|Q5CZ02|Q5CZ02_CRYPI	P34931	[[521, 533], [66, 85], [554, 567]]	[[501, 513], [41, 60], [534, 547]]	3
tr|Q5CZ04|Q5CZ04_CRYPI	Q9H8Y8	[[225, 240]]	[[173, 188]]	1
tr|Q5CZ04|Q5CZ04_CRYPI	O00233	[[235, 246]]	[[207, 218]]	1
tr|Q5CZ05|Q5CZ05_CRYPI	Q92544	[[290, 302]]	[[330, 342]]	1
tr|Q5CZ05|Q5CZ05_CRYPI	Q96QP1	[[492, 500]]	[[1214, 1222]]	1
tr|Q5CZ06|Q5CZ06_CRYPI	Q02543	[[37, 55]]	[[31, 49]]	1
tr|Q5CZ07|Q5CZ07_CRYPI	Q15696	[[106, 118]]	[[82, 94]]	1
tr|Q5CZ07|Q5CZ07_CRYPI	Q9NQ38	[[71, 83]]	[[673, 685]]	1
tr|Q5CZ07|Q5CZ07_CRYPI	P27797	[[72, 84]]	[[369, 381]]	1
tr|Q5CZ07|Q5CZ07_CRYPI	Q9H3P7	[[74, 85]]	[[210, 221]]	1
tr|Q5CZ07|Q5CZ07_CRYPI	Q9UM54	[[77, 88]]	[[946, 957]]	1
tr|Q5CZ07|Q5CZ07_CRYPI	Q15811	[[88, 99]]	[[391, 402]]	1
tr|Q5CZ07|Q5CZ07_CRYPI	Q14244	[[91, 101]]	[[497, 507]]	1
tr|Q5CZ08|Q5CZ08_CRYPI	Q13740	[[1580, 1591]]	[[150, 161]]	1
tr|Q5CZ08|Q5CZ08_CRYPI	P02675	[[648, 663]]	[[261, 276]]	1
tr|Q5CZ09|Q5CZ09_CRYPI	Q08945	[[147, 158]]	[[280, 291]]	1
tr|Q5CZ09|Q5CZ09_CRYPI	Q9NTG1	[[290, 298]]	[[1274, 1282]]	1
tr|Q5CZ10|Q5CZ10_CRYPI	O60341	[[890, 901], [576, 587]]	[[620, 631], [280, 291]]	2
tr|Q5CZ10|Q5CZ10_CRYPI	O60774	[[578, 587]]	[[6, 15]]	1
tr|Q5CZ10|Q5CZ10_CRYPI	B5MD39	[[861, 872]]	[[65, 76]]	1
tr|Q5CZ10|Q5CZ10_CRYPI	Q9BTE7	[[922, 932]]	[[130, 140]]	1
tr|Q5CZ12|Q5CZ12_CRYPI	Q68CQ4	[[459, 472], [420, 432]]	[[482, 495], [444, 456]]	2
tr|Q5CZ14|Q5CZ14_CRYPI	Q9H4I3	[[186, 197]]	[[219, 230]]	1
tr|Q5CZ22|Q5CZ22_CRYPI	P62263	[[92, 116], [117, 131], [59, 82]]	[[112, 136], [137, 151], [79, 102]]	3
tr|Q5CZ23|Q5CZ23_CRYPI	Q92673	[[428, 440]]	[[438, 450]]	1
tr|Q5CZ23|Q5CZ23_CRYPI	Q96AJ1	[[851, 860]]	[[373, 382]]	1
tr|Q5CZ24|Q5CZ24_CRYPI	Q5CZC0	[[283, 292]]	[[935, 944]]	1
tr|Q5CZ24|Q5CZ24_CRYPI	P19474	[[49, 60]]	[[15, 26]]	1
tr|Q5CZ24|Q5CZ24_CRYPI	Q496Y0	[[58, 70]]	[[166, 178]]	1
tr|Q5CZ24|Q5CZ24_CRYPI	Q5EBN2	[[61, 73]]	[[27, 39]]	1
tr|Q5CZ24|Q5CZ24_CRYPI	Q13064	[[64, 75]]	[[334, 345]]	1
tr|Q5CZ25|Q5CZ25_CRYPI	Q9H9Y4	[[36, 48], [131, 143], [8, 19]]	[[42, 54], [134, 146], [14, 25]]	3
tr|Q5CZ27|Q5CZ27_CRYPI	A6NGH8	[[313, 322]]	[[42, 51]]	1
tr|Q5CZ27|Q5CZ27_CRYPI	Q86WH2	[[364, 374]]	[[51, 61]]	1
tr|Q5CZ29|Q5CZ29_CRYPI	Q9P0L2	[[184, 196]]	[[106, 118]]	1
tr|Q5CZ29|Q5CZ29_CRYPI	Q8IY84	[[190, 203]]	[[126, 139]]	1
tr|Q5CZ29|Q5CZ29_CRYPI	P57058	[[211, 222]]	[[137, 148]]	1
tr|Q5CZ29|Q5CZ29_CRYPI	Q9P286	[[286, 299]]	[[554, 567]]	1
tr|Q5CZ29|Q5CZ29_CRYPI	P49840	[[291, 302]]	[[235, 246]]	1
tr|Q5CZ29|Q5CZ29_CRYPI	Q9UK32	[[315, 326]]	[[211, 222]]	1
tr|Q5CZ29|Q5CZ29_CRYPI	O75582	[[317, 327]]	[[192, 202]]	1
tr|Q5CZ30|Q5CZ30_CRYPI	P29376	[[1504, 1516]]	[[681, 693]]	1
tr|Q5CZ30|Q5CZ30_CRYPI	Q8WWQ0	[[1849, 1860]]	[[367, 378]]	1
tr|Q5CZ30|Q5CZ30_CRYPI	Q8TE73	[[2099, 2109]]	[[1338, 1348]]	1
tr|Q5CZ30|Q5CZ30_CRYPI	Q6UXQ8	[[741, 750]]	[[50, 59]]	1
tr|Q5CZ30|Q5CZ30_CRYPI	Q969V6	[[742, 752]]	[[182, 192]]	1
tr|Q5CZ30|Q5CZ30_CRYPI	Q5VZ19	[[762, 772]]	[[170, 180]]	1
tr|Q5CZ31|Q5CZ31_CRYPI	P41225	[[298, 308]]	[[120, 130]]	1
tr|Q5CZ31|Q5CZ31_CRYPI	Q6E0U4	[[299, 311]]	[[279, 291]]	1
tr|Q5CZ31|Q5CZ31_CRYPI	P43694	[[301, 336]]	[[61, 74]]	1
tr|Q5CZ31|Q5CZ31_CRYPI	Q12830	[[57, 69]]	[[1226, 1238]]	1
tr|Q5CZ31|Q5CZ31_CRYPI	Q9BTC0	[[721, 742]]	[[2170, 2185]]	1
tr|Q5CZ31|Q5CZ31_CRYPI	Q8WUA2	[[721, 732]]	[[467, 478]]	1
